"","participant","workerId","browser","beginhit","feedback","trial.number","stimulus","glyphs","moves","isTestTrial","LongOrder","ShortOrder","IsTransitive","IsComplete","Animacy"
"12.1",12,"A1A3TGZ7DKJWRW","chrome","2015-05-27 02:09:50.746824","{""Q0"":""None"",""Q1"":""no"",""Q2"":""no"",""Q3"":""Yes""}",1,"PracticeImage","g15","[{""src"":""g15.png"",""x"":664,""y"":90}]",0,"G","G",0,1,NA
"12.2",12,"A1A3TGZ7DKJWRW","chrome","2015-05-27 02:09:50.746824","{""Q0"":""None"",""Q1"":""no"",""Q2"":""no"",""Q3"":""Yes""}",2,"PracticeImage","g5","[{""src"":""g5.png"",""x"":688,""y"":100}]",0,"G","G",0,1,NA
"12.3",12,"A1A3TGZ7DKJWRW","chrome","2015-05-27 02:09:50.746824","{""Q0"":""None"",""Q1"":""no"",""Q2"":""no"",""Q3"":""Yes""}",3,"girl-pushing-ball.mp4","S:g6 O:g2 V:g8","[{""src"":""g6.png"",""x"":436,""y"":85},{""src"":""g6.png"",""x"":329,""y"":74},{""src"":""g8.png"",""x"":443,""y"":81},{""src"":""g2.png"",""x"":547,""y"":83}]",0,"SSVO","SVO",1,1,NA
"12.5",12,"A1A3TGZ7DKJWRW","chrome","2015-05-27 02:09:50.746824","{""Q0"":""None"",""Q1"":""no"",""Q2"":""no"",""Q3"":""Yes""}",5,"girl-tumbling-none.mp4","S:g6 O:none V:g16","[{""src"":""g6.png"",""x"":341,""y"":88},{""src"":""g16.png"",""x"":460,""y"":101}]",1,"SV","SV",0,1,"inanimate"
"12.6",12,"A1A3TGZ7DKJWRW","chrome","2015-05-27 02:09:50.746824","{""Q0"":""None"",""Q1"":""no"",""Q2"":""no"",""Q3"":""Yes""}",6,"girl-elbowing-oldlady.mp4","S:g6 O:g15 V:g12","[{""src"":""g6.png"",""x"":285,""y"":99},{""src"":""g12.png"",""x"":389,""y"":100},{""src"":""g15.png"",""x"":492,""y"":97}]",1,"SVO","SVO",1,1,"animate"
"12.8",12,"A1A3TGZ7DKJWRW","chrome","2015-05-27 02:09:50.746824","{""Q0"":""None"",""Q1"":""no"",""Q2"":""no"",""Q3"":""Yes""}",8,"oldlady-kissing-ball.mp4","S:g15 O:g2 V:g11","[{""src"":""g15.png"",""x"":261,""y"":98},{""src"":""g11.png"",""x"":364,""y"":105},{""src"":""g2.png"",""x"":440,""y"":107}]",1,"SVO","SVO",1,1,NA
"12.9",12,"A1A3TGZ7DKJWRW","chrome","2015-05-27 02:09:50.746824","{""Q0"":""None"",""Q1"":""no"",""Q2"":""no"",""Q3"":""Yes""}",9,"fireman-throwing-ball.mp4","S:g4 O:g2 V:g7","[{""src"":""g4.png"",""x"":331,""y"":96},{""src"":""g7.png"",""x"":440,""y"":107},{""src"":""g2.png"",""x"":534,""y"":103}]",1,"SVO","SVO",1,1,NA
"12.10",12,"A1A3TGZ7DKJWRW","chrome","2015-05-27 02:09:50.746824","{""Q0"":""None"",""Q1"":""no"",""Q2"":""no"",""Q3"":""Yes""}",10,"girl-throwing-oldlady.mp4","S:g6 O:g15 V:g7","[{""src"":""g6.png"",""x"":320,""y"":118},{""src"":""g7.png"",""x"":433,""y"":114},{""src"":""g15.png"",""x"":530,""y"":99}]",1,"SVO","SVO",1,1,"animate"
"12.12",12,"A1A3TGZ7DKJWRW","chrome","2015-05-27 02:09:50.746824","{""Q0"":""None"",""Q1"":""no"",""Q2"":""no"",""Q3"":""Yes""}",12,"oldlady-elbowing-heart.mp4","S:g15 O:g10 V:g12","[{""src"":""g15.png"",""x"":330,""y"":110},{""src"":""g12.png"",""x"":436,""y"":101},{""src"":""g10.png"",""x"":557,""y"":93}]",1,"SVO","SVO",1,1,NA
"12.13",12,"A1A3TGZ7DKJWRW","chrome","2015-05-27 02:09:50.746824","{""Q0"":""None"",""Q1"":""no"",""Q2"":""no"",""Q3"":""Yes""}",13,"fireman-lifting-car.mp4","S:g4 O:g5 V:g14","[{""src"":""g4.png"",""x"":309,""y"":113},{""src"":""g14.png"",""x"":414,""y"":118},{""src"":""g5.png"",""x"":512,""y"":96}]",1,"SVO","SVO",1,1,NA
"12.14",12,"A1A3TGZ7DKJWRW","chrome","2015-05-27 02:09:50.746824","{""Q0"":""None"",""Q1"":""no"",""Q2"":""no"",""Q3"":""Yes""}",14,"girl-rubbing-heart.mp4","S:g6 O:g10 V:g3","[{""src"":""g13.png"",""x"":360,""y"":108},{""src"":""g13.png"",""x"":98,""y"":398},{""src"":""g6.png"",""x"":330,""y"":67},{""src"":""g3.png"",""x"":425,""y"":74},{""src"":""g10.png"",""x"":527,""y"":60}]",1,"SVO","SVO",1,1,NA
"12.15",12,"A1A3TGZ7DKJWRW","chrome","2015-05-27 02:09:50.746824","{""Q0"":""None"",""Q1"":""no"",""Q2"":""no"",""Q3"":""Yes""}",15,"boy-kicking-ball.mp4","S:g1 O:g2 V:g9","[{""src"":""g1.png"",""x"":309,""y"":123},{""src"":""g9.png"",""x"":426,""y"":158},{""src"":""g2.png"",""x"":540,""y"":153}]",1,"SVO","SVO",1,1,NA
"12.16",12,"A1A3TGZ7DKJWRW","chrome","2015-05-27 02:09:50.746824","{""Q0"":""None"",""Q1"":""no"",""Q2"":""no"",""Q3"":""Yes""}",16,"fireman-pushing-boy.mp4","S:g4 O:g1 V:g8","[{""src"":""g4.png"",""x"":330,""y"":120},{""src"":""g8.png"",""x"":438,""y"":126},{""src"":""g1.png"",""x"":531,""y"":122}]",1,"SVO","SVO",1,1,"animate"
"12.18",12,"A1A3TGZ7DKJWRW","chrome","2015-05-27 02:09:50.746824","{""Q0"":""None"",""Q1"":""no"",""Q2"":""no"",""Q3"":""Yes""}",18,"oldlady-rubbing-fireman.mp4","S:g15 O:g4 V:g3","[{""src"":""g15.png"",""x"":328,""y"":116},{""src"":""g3.png"",""x"":433,""y"":117},{""src"":""g4.png"",""x"":545,""y"":109}]",1,"SVO","SVO",1,1,"animate"
"12.20",12,"A1A3TGZ7DKJWRW","chrome","2015-05-27 02:09:50.746824","{""Q0"":""None"",""Q1"":""no"",""Q2"":""no"",""Q3"":""Yes""}",20,"girl-pushing-car.mp4","S:g6 O:g5 V:g8","[{""src"":""g6.png"",""x"":353,""y"":121},{""src"":""g8.png"",""x"":460,""y"":126},{""src"":""g4.png"",""x"":19,""y"":397},{""src"":""g5.png"",""x"":557,""y"":122}]",1,"SVO","SVO",1,1,NA
"12.21",12,"A1A3TGZ7DKJWRW","chrome","2015-05-27 02:09:50.746824","{""Q0"":""None"",""Q1"":""no"",""Q2"":""no"",""Q3"":""Yes""}",21,"ball-rolling-none.mp4","S:g2 O:none V:g13","[{""src"":""g2.png"",""x"":327,""y"":105},{""src"":""g13.png"",""x"":453,""y"":108}]",1,"SV","SV",0,1,"inanimate"
"7.1",7,"A1PZ1YZAQEXRSQ","chrome","2015-05-27 00:36:07.946980","{""Q0"":""About half way through the last part the videos started to show up blank, at first I just put three random symbols, but then I just decided I wouldn't put anything and just skip them. I am not sure what happened."",""Q1"":""No."",""Q2"":""No."",""Q3"":""Yes.""}",1,"PracticeImage","g1","[{""src"":""g1.png"",""x"":68,""y"":54},{""src"":""g1.png"",""x"":633,""y"":61},{""src"":""g1.png"",""x"":341,""y"":116},{""src"":""g1.png"",""x"":627,""y"":85}]",0,"GGGG","G",0,1,NA
"7.2",7,"A1PZ1YZAQEXRSQ","chrome","2015-05-27 00:36:07.946980","{""Q0"":""About half way through the last part the videos started to show up blank, at first I just put three random symbols, but then I just decided I wouldn't put anything and just skip them. I am not sure what happened."",""Q1"":""No."",""Q2"":""No."",""Q3"":""Yes.""}",2,"PracticeImage","g13","[{""src"":""g13.png"",""x"":618,""y"":96},{""src"":""g13.png"",""x"":99,""y"":121},{""src"":""g13.png"",""x"":337,""y"":95},{""src"":""g13.png"",""x"":326,""y"":128}]",0,"GGGG","G",0,1,NA
"7.3",7,"A1PZ1YZAQEXRSQ","chrome","2015-05-27 00:36:07.946980","{""Q0"":""About half way through the last part the videos started to show up blank, at first I just put three random symbols, but then I just decided I wouldn't put anything and just skip them. I am not sure what happened."",""Q1"":""No."",""Q2"":""No."",""Q3"":""Yes.""}",3,"car-tumbling-none.mp4","S:g1 O:none V:g3","[{""src"":""g1.png"",""x"":424,""y"":157},{""src"":""g3.png"",""x"":534,""y"":215},{""src"":""g1.png"",""x"":414,""y"":211}]",0,"SVS","SV",0,1,"inanimate"
"7.4",7,"A1PZ1YZAQEXRSQ","chrome","2015-05-27 00:36:07.946980","{""Q0"":""About half way through the last part the videos started to show up blank, at first I just put three random symbols, but then I just decided I wouldn't put anything and just skip them. I am not sure what happened."",""Q1"":""No."",""Q2"":""No."",""Q3"":""Yes.""}",4,"girl-pushing-ball.mp4","S:g10 O:g8 V:g16","[{""src"":""g10.png"",""x"":406,""y"":207},{""src"":""g16.png"",""x"":506,""y"":217},{""src"":""g8.png"",""x"":612,""y"":208}]",0,"SVO","SVO",1,1,NA
"7.5",7,"A1PZ1YZAQEXRSQ","chrome","2015-05-27 00:36:07.946980","{""Q0"":""About half way through the last part the videos started to show up blank, at first I just put three random symbols, but then I just decided I wouldn't put anything and just skip them. I am not sure what happened."",""Q1"":""No."",""Q2"":""No."",""Q3"":""Yes.""}",5,"boy-lifting-girl.mp4","S:g12 O:g10 V:g4","[{""src"":""g12.png"",""x"":411,""y"":213},{""src"":""g5.png"",""x"":511,""y"":208},{""src"":""g5.png"",""x"":106,""y"":401},{""src"":""g5.png"",""x"":101,""y"":400},{""src"":""g4.png"",""x"":515,""y"":211},{""src"":""g10.png"",""x"":622,""y"":210}]",1,"SVO","SVO",1,1,"animate"
"7.7",7,"A1PZ1YZAQEXRSQ","chrome","2015-05-27 00:36:07.946980","{""Q0"":""About half way through the last part the videos started to show up blank, at first I just put three random symbols, but then I just decided I wouldn't put anything and just skip them. I am not sure what happened."",""Q1"":""No."",""Q2"":""No."",""Q3"":""Yes.""}",7,"ball-rolling-none.mp4","S:g8 O:none V:g5","[{""src"":""g8.png"",""x"":439,""y"":207},{""src"":""g5.png"",""x"":543,""y"":205}]",1,"SV","SV",0,1,"inanimate"
"7.9",7,"A1PZ1YZAQEXRSQ","chrome","2015-05-27 00:36:07.946980","{""Q0"":""About half way through the last part the videos started to show up blank, at first I just put three random symbols, but then I just decided I wouldn't put anything and just skip them. I am not sure what happened."",""Q1"":""No."",""Q2"":""No."",""Q3"":""Yes.""}",9,"girl-kissing-boy.mp4","S:g10 O:g12 V:g2","[{""src"":""g10.png"",""x"":403,""y"":207},{""src"":""g2.png"",""x"":503,""y"":207},{""src"":""g12.png"",""x"":610,""y"":207}]",1,"SVO","SVO",1,1,"animate"
"7.11",7,"A1PZ1YZAQEXRSQ","chrome","2015-05-27 00:36:07.946980","{""Q0"":""About half way through the last part the videos started to show up blank, at first I just put three random symbols, but then I just decided I wouldn't put anything and just skip them. I am not sure what happened."",""Q1"":""No."",""Q2"":""No."",""Q3"":""Yes.""}",11,"girl-elbowing-oldlady.mp4","S:g10 O:g13 V:g11","[{""src"":""g10.png"",""x"":401,""y"":196},{""src"":""g11.png"",""x"":508,""y"":202},{""src"":""g13.png"",""x"":616,""y"":207}]",1,"SVO","SVO",1,1,"animate"
"7.12",7,"A1PZ1YZAQEXRSQ","chrome","2015-05-27 00:36:07.946980","{""Q0"":""About half way through the last part the videos started to show up blank, at first I just put three random symbols, but then I just decided I wouldn't put anything and just skip them. I am not sure what happened."",""Q1"":""No."",""Q2"":""No."",""Q3"":""Yes.""}",12,"girl-tumbling-none.mp4","S:g10 O:none V:g3","[{""src"":""g10.png"",""x"":412,""y"":190},{""src"":""g3.png"",""x"":515,""y"":192}]",1,"SV","SV",0,1,"inanimate"
"7.14",7,"A1PZ1YZAQEXRSQ","chrome","2015-05-27 00:36:07.946980","{""Q0"":""About half way through the last part the videos started to show up blank, at first I just put three random symbols, but then I just decided I wouldn't put anything and just skip them. I am not sure what happened."",""Q1"":""No."",""Q2"":""No."",""Q3"":""Yes.""}",14,"boy-kicking-ball.mp4","S:g12 O:g8 V:g6","[{""src"":""g12.png"",""x"":409,""y"":228},{""src"":""g6.png"",""x"":515,""y"":226},{""src"":""g8.png"",""x"":625,""y"":226}]",1,"SVO","SVO",1,1,NA
"5.1",5,"A1XILS2KA5CZJQ","seamonkey","2015-05-27 00:35:14.221538","{""Q0"":"""",""Q1"":""Yes, but I did not look at it after I copied them."",""Q2"":"""",""Q3"":""Yes""}",1,"PracticeImage","g8","[{""src"":""g8.png"",""x"":302.9600067138672,""y"":177.04000854492187},{""src"":""g8.png"",""x"":627.4099884033203,""y"":64.43998527526855},{""src"":""g8.png"",""x"":80.72996520996094,""y"":74.05998802185058},{""src"":""g8.png"",""x"":642.1999969482422,""y"":37.009992599487305}]",0,"GGGG","G",0,1,NA
"5.2",5,"A1XILS2KA5CZJQ","seamonkey","2015-05-27 00:35:14.221538","{""Q0"":"""",""Q1"":""Yes, but I did not look at it after I copied them."",""Q2"":"""",""Q3"":""Yes""}",2,"PracticeImage","g7","[{""src"":""g7.png"",""x"":630.3699798583984,""y"":68.8900146484375}]",0,"G","G",0,1,NA
"5.3",5,"A1XILS2KA5CZJQ","seamonkey","2015-05-27 00:35:14.221538","{""Q0"":"""",""Q1"":""Yes, but I did not look at it after I copied them."",""Q2"":"""",""Q3"":""Yes""}",3,"girl-pushing-ball.mp4","S:g11 O:g3 V:g5","[{""src"":""g6.png"",""x"":233.3300018310547,""y"":371.85003662109375},{""src"":""g6.png"",""x"":203.7000274658203,""y"":399.25994873046875},{""src"":""g11.png"",""x"":646.6699981689453,""y"":97.02999877929687},{""src"":""g5.png"",""x"":630.3700103759766,""y"":94.07000732421875},{""src"":""g3.png"",""x"":661.4799957275391,""y"":105.18998718261719}]",0,"SVO","SVO",1,1,NA
"5.4",5,"A1XILS2KA5CZJQ","seamonkey","2015-05-27 00:35:14.221538","{""Q0"":"""",""Q1"":""Yes, but I did not look at it after I copied them."",""Q2"":"""",""Q3"":""Yes""}",4,"car-tumbling-none.mp4","S:g8 O:none V:g6","[{""src"":""g8.png"",""x"":650.3699798583984,""y"":111.86001586914062},{""src"":""g8.png"",""x"":651.0999908447266,""y"":82.22999000549316},{""src"":""g6.png"",""x"":643.6999053955078,""y"":99.99998474121094}]",0,"SSV","SV",0,1,"inanimate"
"5.6",5,"A1XILS2KA5CZJQ","seamonkey","2015-05-27 00:35:14.221538","{""Q0"":"""",""Q1"":""Yes, but I did not look at it after I copied them."",""Q2"":"""",""Q3"":""Yes""}",6,"boy-kicking-ball.mp4","S:g14 O:g3 V:g9","[{""src"":""g14.png"",""x"":634.0800323486328,""y"":78.5100326538086},{""src"":""g9.png"",""x"":640.7399444580078,""y"":77.78002166748047},{""src"":""g3.png"",""x"":624.4399719238281,""y"":80.73998260498047}]",1,"SVO","SVO",1,1,NA
"5.7",5,"A1XILS2KA5CZJQ","seamonkey","2015-05-27 00:35:14.221538","{""Q0"":"""",""Q1"":""Yes, but I did not look at it after I copied them."",""Q2"":"""",""Q3"":""Yes""}",7,"girl-elbowing-oldlady.mp4","S:g11 O:g7 V:g16","[{""src"":""g11.png"",""x"":634.0699615478516,""y"":75.55999755859375},{""src"":""g16.png"",""x"":648.8899993896484,""y"":85.19001770019531},{""src"":""g7.png"",""x"":663.6999664306641,""y"":88.88996887207031}]",1,"SVO","SVO",1,1,"animate"
"5.8",5,"A1XILS2KA5CZJQ","seamonkey","2015-05-27 00:35:14.221538","{""Q0"":"""",""Q1"":""Yes, but I did not look at it after I copied them."",""Q2"":"""",""Q3"":""Yes""}",8,"fireman-pushing-boy.mp4","S:g2 O:g14 V:g5","[{""src"":""g2.png"",""x"":626.6600189208984,""y"":86.66999053955078},{""src"":""g5.png"",""x"":652.5899810791016,""y"":90.36998748779297},{""src"":""g14.png"",""x"":628.8899841308594,""y"":85.91997528076172}]",1,"SVO","SVO",1,1,"animate"
"5.9",5,"A1XILS2KA5CZJQ","seamonkey","2015-05-27 00:35:14.221538","{""Q0"":"""",""Q1"":""Yes, but I did not look at it after I copied them."",""Q2"":"""",""Q3"":""Yes""}",9,"car-rolling-none.mp4","S:g8 O:none V:g10","[{""src"":""g8.png"",""x"":585.1899871826172,""y"":137.04000854492187},{""src"":""g8.png"",""x"":634.8100128173828,""y"":86.67000198364258},{""src"":""g10.png"",""x"":650.3700103759766,""y"":98.51998901367187}]",1,"SSV","SV",0,1,"inanimate"
"5.10",5,"A1XILS2KA5CZJQ","seamonkey","2015-05-27 00:35:14.221538","{""Q0"":"""",""Q1"":""Yes, but I did not look at it after I copied them."",""Q2"":"""",""Q3"":""Yes""}",10,"fireman-kicking-girl.mp4","S:g2 O:g11 V:g9","[{""src"":""g2.png"",""x"":642.2300567626953,""y"":85.17997741699219},{""src"":""g9.png"",""x"":631.1100006103516,""y"":85.93000793457031},{""src"":""g11.png"",""x"":649.6300048828125,""y"":99.260009765625}]",1,"SVO","SVO",1,1,"animate"
"5.11",5,"A1XILS2KA5CZJQ","seamonkey","2015-05-27 00:35:14.221538","{""Q0"":"""",""Q1"":""Yes, but I did not look at it after I copied them."",""Q2"":"""",""Q3"":""Yes""}",11,"ball-rolling-none.mp4","S:g3 O:none V:g10","[{""src"":""g3.png"",""x"":638.5200347900391,""y"":59.999969482421875},{""src"":""g10.png"",""x"":635.5600128173828,""y"":92.60002899169922}]",1,"SV","SV",0,1,"inanimate"
"5.12",5,"A1XILS2KA5CZJQ","seamonkey","2015-05-27 00:35:14.221538","{""Q0"":"""",""Q1"":""Yes, but I did not look at it after I copied them."",""Q2"":"""",""Q3"":""Yes""}",12,"girl-kissing-boy.mp4","S:g11 O:g14 V:g15","[{""src"":""g11.png"",""x"":608.8899688720703,""y"":93.32997131347656},{""src"":""g15.png"",""x"":657.7800445556641,""y"":92.60002136230469},{""src"":""g14.png"",""x"":630.3699798583984,""y"":91.11997985839844}]",1,"SVO","SVO",1,1,"animate"
"5.13",5,"A1XILS2KA5CZJQ","seamonkey","2015-05-27 00:35:14.221538","{""Q0"":"""",""Q1"":""Yes, but I did not look at it after I copied them."",""Q2"":"""",""Q3"":""Yes""}",13,"oldlady-kissing-ball.mp4","S:g7 O:g3 V:g15","[{""src"":""g7.png"",""x"":644.4499969482422,""y"":80.73997497558594},{""src"":""g15.png"",""x"":650.3699493408203,""y"":98.52001953125},{""src"":""g3.png"",""x"":647.4099884033203,""y"":85.9200439453125}]",1,"SVO","SVO",1,1,NA
"5.14",5,"A1XILS2KA5CZJQ","seamonkey","2015-05-27 00:35:14.221538","{""Q0"":"""",""Q1"":""Yes, but I did not look at it after I copied them."",""Q2"":"""",""Q3"":""Yes""}",14,"boy-rolling-none.mp4","S:g14 O:none V:g10","[{""src"":""g14.png"",""x"":642.2199859619141,""y"":88.1400146484375},{""src"":""g10.png"",""x"":657.7799835205078,""y"":89.63003540039062}]",1,"SV","SV",0,1,"inanimate"
"5.18",5,"A1XILS2KA5CZJQ","seamonkey","2015-05-27 00:35:14.221538","{""Q0"":"""",""Q1"":""Yes, but I did not look at it after I copied them."",""Q2"":"""",""Q3"":""Yes""}",18,"boy-lifting-girl.mp4","S:g14 O:g11 V:g13","[{""src"":""g14.png"",""x"":633.3300094604492,""y"":79.25994873046875},{""src"":""g13.png"",""x"":632.5900115966797,""y"":100.00001525878906},{""src"":""g11.png"",""x"":658.5099945068359,""y"":85.92997741699219}]",1,"SVO","SVO",1,1,"animate"
"5.19",5,"A1XILS2KA5CZJQ","seamonkey","2015-05-27 00:35:14.221538","{""Q0"":"""",""Q1"":""Yes, but I did not look at it after I copied them."",""Q2"":"""",""Q3"":""Yes""}",19,"girl-tumbling-none.mp4","S:g11 O:none V:g6","[{""src"":""g11.png"",""x"":602.9600067138672,""y"":169.62998962402344},{""src"":""g11.png"",""x"":642.2199249267578,""y"":84.42999267578125},{""src"":""g6.png"",""x"":662.2299346923828,""y"":91.85000610351562},{""src"":""g6.png"",""x"":604.4400177001953,""y"":210.36998558044434},{""src"":""g6.png"",""x"":646.6599273681641,""y"":99.98999786376953}]",1,"SSVVV","SV",0,1,"inanimate"
"5.20",5,"A1XILS2KA5CZJQ","seamonkey","2015-05-27 00:35:14.221538","{""Q0"":"""",""Q1"":""Yes, but I did not look at it after I copied them."",""Q2"":"""",""Q3"":""Yes""}",20,"girl-pushing-car.mp4","S:g11 O:g8 V:g5","[{""src"":""g11.png"",""x"":646.6699981689453,""y"":92.58999633789062},{""src"":""g5.png"",""x"":633.3300323486328,""y"":85.18998718261719},{""src"":""g8.png"",""x"":631.1200103759766,""y"":85.93000793457031}]",1,"SVO","SVO",1,1,NA
"5.21",5,"A1XILS2KA5CZJQ","seamonkey","2015-05-27 00:35:14.221538","{""Q0"":"""",""Q1"":""Yes, but I did not look at it after I copied them."",""Q2"":"""",""Q3"":""Yes""}",21,"fireman-lifting-car.mp4","S:g2 O:g8 V:g13","[{""src"":""g2.png"",""x"":648.1400299072266,""y"":99.99996948242187},{""src"":""g13.png"",""x"":639.2600250244141,""y"":86.66996765136719},{""src"":""g8.png"",""x"":675.5499420166016,""y"":94.81999206542969}]",1,"SVO","SVO",1,1,NA
"5.22",5,"A1XILS2KA5CZJQ","seamonkey","2015-05-27 00:35:14.221538","{""Q0"":"""",""Q1"":""Yes, but I did not look at it after I copied them."",""Q2"":"""",""Q3"":""Yes""}",22,"fireman-throwing-ball.mp4","S:g2 O:g3 V:g4","[{""src"":""g2.png"",""x"":649.6299591064453,""y"":85.19001007080078},{""src"":""g4.png"",""x"":657.0299835205078,""y"":75.55001068115234},{""src"":""g3.png"",""x"":639.9999847412109,""y"":88.15001678466797}]",1,"SVO","SVO",1,1,NA
"1.1",1,"A1ZIAVRGKNMLEH","chrome","2015-05-27 00:33:45.025088","{""Q0"":""I tried to relate the symbols to things, like the heart was the smiley looking symbol and such."",""Q1"":""No, I did not. "",""Q2"":""No I did not."",""Q3"":""I think so, but I may have gotten a couple of them confused. ""}",1,"PracticeImage","g5","[{""src"":""g5.png"",""x"":684,""y"":53}]",0,"G","G",0,1,NA
"1.2",1,"A1ZIAVRGKNMLEH","chrome","2015-05-27 00:33:45.025088","{""Q0"":""I tried to relate the symbols to things, like the heart was the smiley looking symbol and such."",""Q1"":""No, I did not. "",""Q2"":""No I did not."",""Q3"":""I think so, but I may have gotten a couple of them confused. ""}",2,"PracticeImage","g1","[{""src"":""g1.png"",""x"":697,""y"":0}]",0,"G","G",0,1,NA
"1.8",1,"A1ZIAVRGKNMLEH","chrome","2015-05-27 00:33:45.025088","{""Q0"":""I tried to relate the symbols to things, like the heart was the smiley looking symbol and such."",""Q1"":""No, I did not. "",""Q2"":""No I did not."",""Q3"":""I think so, but I may have gotten a couple of them confused. ""}",8,"girl-tumbling-none.mp4","S:g12 O:none V:g3","[{""src"":""g12.png"",""x"":627,""y"":27},{""src"":""g3.png"",""x"":634,""y"":81}]",1,"SV","SV",0,1,"inanimate"
"1.9",1,"A1ZIAVRGKNMLEH","chrome","2015-05-27 00:33:45.025088","{""Q0"":""I tried to relate the symbols to things, like the heart was the smiley looking symbol and such."",""Q1"":""No, I did not. "",""Q2"":""No I did not."",""Q3"":""I think so, but I may have gotten a couple of them confused. ""}",9,"girl-throwing-oldlady.mp4","S:g12 O:g5 V:g7","[{""src"":""g12.png"",""x"":650,""y"":84},{""src"":""g5.png"",""x"":653,""y"":19},{""src"":""g7.png"",""x"":703,""y"":48}]",1,"SOV","SOV",1,1,"animate"
"1.10",1,"A1ZIAVRGKNMLEH","chrome","2015-05-27 00:33:45.025088","{""Q0"":""I tried to relate the symbols to things, like the heart was the smiley looking symbol and such."",""Q1"":""No, I did not. "",""Q2"":""No I did not."",""Q3"":""I think so, but I may have gotten a couple of them confused. ""}",10,"girl-rubbing-heart.mp4","S:g12 O:g10 V:g14","[{""src"":""g10.png"",""x"":688,""y"":60},{""src"":""g14.png"",""x"":619,""y"":134},{""src"":""g12.png"",""x"":700,""y"":395},{""src"":""g12.png"",""x"":608,""y"":39}]",1,"OVSS","OVS",1,1,NA
"1.11",1,"A1ZIAVRGKNMLEH","chrome","2015-05-27 00:33:45.025088","{""Q0"":""I tried to relate the symbols to things, like the heart was the smiley looking symbol and such."",""Q1"":""No, I did not. "",""Q2"":""No I did not."",""Q3"":""I think so, but I may have gotten a couple of them confused. ""}",11,"oldlady-kissing-ball.mp4","S:g5 O:g8 V:g16","[{""src"":""g16.png"",""x"":637,""y"":48},{""src"":""g5.png"",""x"":688,""y"":84},{""src"":""g8.png"",""x"":623,""y"":107}]",1,"VSO","VSO",1,1,NA
"1.13",1,"A1ZIAVRGKNMLEH","chrome","2015-05-27 00:33:45.025088","{""Q0"":""I tried to relate the symbols to things, like the heart was the smiley looking symbol and such."",""Q1"":""No, I did not. "",""Q2"":""No I did not."",""Q3"":""I think so, but I may have gotten a couple of them confused. ""}",13,"fireman-throwing-ball.mp4","S:g2 O:g8 V:g7","[{""src"":""g2.png"",""x"":619,""y"":110},{""src"":""g8.png"",""x"":679,""y"":76},{""src"":""g7.png"",""x"":638,""y"":41}]",1,"SOV","SOV",1,1,NA
"1.15",1,"A1ZIAVRGKNMLEH","chrome","2015-05-27 00:33:45.025088","{""Q0"":""I tried to relate the symbols to things, like the heart was the smiley looking symbol and such."",""Q1"":""No, I did not. "",""Q2"":""No I did not."",""Q3"":""I think so, but I may have gotten a couple of them confused. ""}",15,"girl-elbowing-oldlady.mp4","S:g12 O:g5 V:g9","[{""src"":""g9.png"",""x"":663,""y"":72},{""src"":""g5.png"",""x"":637,""y"":101},{""src"":""g12.png"",""x"":648,""y"":0}]",1,"VOS","VOS",1,1,"animate"
"1.16",1,"A1ZIAVRGKNMLEH","chrome","2015-05-27 00:33:45.025088","{""Q0"":""I tried to relate the symbols to things, like the heart was the smiley looking symbol and such."",""Q1"":""No, I did not. "",""Q2"":""No I did not."",""Q3"":""I think so, but I may have gotten a couple of them confused. ""}",16,"oldlady-rubbing-fireman.mp4","S:g5 O:g2 V:g14","[{""src"":""g16.png"",""x"":107,""y"":503},{""src"":""g5.png"",""x"":641,""y"":126},{""src"":""g2.png"",""x"":643,""y"":50},{""src"":""g14.png"",""x"":615,""y"":95}]",1,"SOV","SOV",1,1,"animate"
"1.17",1,"A1ZIAVRGKNMLEH","chrome","2015-05-27 00:33:45.025088","{""Q0"":""I tried to relate the symbols to things, like the heart was the smiley looking symbol and such."",""Q1"":""No, I did not. "",""Q2"":""No I did not."",""Q3"":""I think so, but I may have gotten a couple of them confused. ""}",17,"girl-kissing-boy.mp4","S:g12 O:g4 V:g16","[{""src"":""g12.png"",""x"":666,""y"":69},{""src"":""g4.png"",""x"":642,""y"":96},{""src"":""g16.png"",""x"":642,""y"":24}]",1,"SOV","SOV",1,1,"animate"
"1.18",1,"A1ZIAVRGKNMLEH","chrome","2015-05-27 00:33:45.025088","{""Q0"":""I tried to relate the symbols to things, like the heart was the smiley looking symbol and such."",""Q1"":""No, I did not. "",""Q2"":""No I did not."",""Q3"":""I think so, but I may have gotten a couple of them confused. ""}",18,"oldlady-elbowing-heart.mp4","S:g5 O:g10 V:g9","[{""src"":""g10.png"",""x"":653,""y"":76},{""src"":""g9.png"",""x"":613,""y"":47},{""src"":""g5.png"",""x"":670,""y"":12}]",1,"OVS","OVS",1,1,NA
"1.20",1,"A1ZIAVRGKNMLEH","chrome","2015-05-27 00:33:45.025088","{""Q0"":""I tried to relate the symbols to things, like the heart was the smiley looking symbol and such."",""Q1"":""No, I did not. "",""Q2"":""No I did not."",""Q3"":""I think so, but I may have gotten a couple of them confused. ""}",20,"boy-lifting-girl.mp4","S:g4 O:g12 V:g15","[{""src"":""g15.png"",""x"":626,""y"":80},{""src"":""g4.png"",""x"":702,""y"":72},{""src"":""g12.png"",""x"":608,""y"":11}]",1,"VSO","VSO",1,1,"animate"
"1.21",1,"A1ZIAVRGKNMLEH","chrome","2015-05-27 00:33:45.025088","{""Q0"":""I tried to relate the symbols to things, like the heart was the smiley looking symbol and such."",""Q1"":""No, I did not. "",""Q2"":""No I did not."",""Q3"":""I think so, but I may have gotten a couple of them confused. ""}",21,"boy-kicking-ball.mp4","S:g4 O:g8 V:g11","[{""src"":""g11.png"",""x"":654,""y"":116},{""src"":""g8.png"",""x"":646,""y"":39},{""src"":""g4.png"",""x"":594,""y"":61}]",1,"VOS","VOS",1,1,NA
"1.22",1,"A1ZIAVRGKNMLEH","chrome","2015-05-27 00:33:45.025088","{""Q0"":""I tried to relate the symbols to things, like the heart was the smiley looking symbol and such."",""Q1"":""No, I did not. "",""Q2"":""No I did not."",""Q3"":""I think so, but I may have gotten a couple of them confused. ""}",22,"ball-rolling-none.mp4","S:g8 O:none V:g13","[{""src"":""g13.png"",""x"":620,""y"":74},{""src"":""g8.png"",""x"":699,""y"":84}]",1,"VS","VS",0,1,"inanimate"
"4.1",4,"A25CAT0W9W97Z8","chrome","2015-05-27 00:34:07.826448","{""Q0"":""no"",""Q1"":""no"",""Q2"":""no"",""Q3"":""yes""}",1,"PracticeImage","g16","[{""src"":""g16.png"",""x"":310,""y"":101},{""src"":""g16.png"",""x"":668,""y"":27},{""src"":""g16.png"",""x"":396,""y"":62},{""src"":""g16.png"",""x"":131,""y"":48},{""src"":""g16.png"",""x"":354,""y"":76}]",0,"GGGGG","G",0,1,NA
"4.2",4,"A25CAT0W9W97Z8","chrome","2015-05-27 00:34:07.826448","{""Q0"":""no"",""Q1"":""no"",""Q2"":""no"",""Q3"":""yes""}",2,"PracticeImage","g11","[{""src"":""g11.png"",""x"":345,""y"":54}]",0,"G","G",0,1,NA
"4.3",4,"A25CAT0W9W97Z8","chrome","2015-05-27 00:34:07.826448","{""Q0"":""no"",""Q1"":""no"",""Q2"":""no"",""Q3"":""yes""}",3,"girl-pushing-ball.mp4","S:g8 O:g4 V:g7","[{""src"":""g8.png"",""x"":368,""y"":77},{""src"":""g7.png"",""x"":464,""y"":77},{""src"":""g4.png"",""x"":557,""y"":77}]",0,"SVO","SVO",1,1,NA
"4.4",4,"A25CAT0W9W97Z8","chrome","2015-05-27 00:34:07.826448","{""Q0"":""no"",""Q1"":""no"",""Q2"":""no"",""Q3"":""yes""}",4,"car-tumbling-none.mp4","S:g16 O:none V:g5","[{""src"":""g16.png"",""x"":375,""y"":72},{""src"":""g5.png"",""x"":472,""y"":72}]",0,"SV","SV",0,1,"inanimate"
"4.5",4,"A25CAT0W9W97Z8","chrome","2015-05-27 00:34:07.826448","{""Q0"":""no"",""Q1"":""no"",""Q2"":""no"",""Q3"":""yes""}",5,"girl-rubbing-heart.mp4","S:g8 O:g12 V:g13","[{""src"":""g8.png"",""x"":378,""y"":61},{""src"":""g13.png"",""x"":471,""y"":62},{""src"":""g12.png"",""x"":567,""y"":61}]",1,"SVO","SVO",1,1,NA
"4.6",4,"A25CAT0W9W97Z8","chrome","2015-05-27 00:34:07.826448","{""Q0"":""no"",""Q1"":""no"",""Q2"":""no"",""Q3"":""yes""}",6,"girl-elbowing-oldlady.mp4","S:g8 O:g11 V:g2","[{""src"":""g8.png"",""x"":367,""y"":69},{""src"":""g2.png"",""x"":457,""y"":66},{""src"":""g11.png"",""x"":552,""y"":64}]",1,"SVO","SVO",1,1,"animate"
"4.7",4,"A25CAT0W9W97Z8","chrome","2015-05-27 00:34:07.826448","{""Q0"":""no"",""Q1"":""no"",""Q2"":""no"",""Q3"":""yes""}",7,"oldlady-rubbing-fireman.mp4","S:g11 O:g14 V:g13","[{""src"":""g11.png"",""x"":354,""y"":52},{""src"":""g13.png"",""x"":450,""y"":53},{""src"":""g14.png"",""x"":547,""y"":54}]",1,"SVO","SVO",1,1,"animate"
"4.8",4,"A25CAT0W9W97Z8","chrome","2015-05-27 00:34:07.826448","{""Q0"":""no"",""Q1"":""no"",""Q2"":""no"",""Q3"":""yes""}",8,"fireman-throwing-ball.mp4","S:g14 O:g4 V:g3","[{""src"":""g14.png"",""x"":355,""y"":56},{""src"":""g3.png"",""x"":436,""y"":55},{""src"":""g4.png"",""x"":532,""y"":55}]",1,"SVO","SVO",1,1,NA
"4.10",4,"A25CAT0W9W97Z8","chrome","2015-05-27 00:34:07.826448","{""Q0"":""no"",""Q1"":""no"",""Q2"":""no"",""Q3"":""yes""}",10,"fireman-kicking-girl.mp4","S:g14 O:g8 V:g9","[{""src"":""g14.png"",""x"":369,""y"":43},{""src"":""g9.png"",""x"":465,""y"":45},{""src"":""g8.png"",""x"":564,""y"":42},{""src"":""g8.png"",""x"":703,""y"":56},{""src"":""g9.png"",""x"":611,""y"":57},{""src"":""g14.png"",""x"":523,""y"":57}]",1,"SVOOVS","SVO",1,1,"animate"
"4.11",4,"A25CAT0W9W97Z8","chrome","2015-05-27 00:34:07.826448","{""Q0"":""no"",""Q1"":""no"",""Q2"":""no"",""Q3"":""yes""}",11,"boy-kicking-ball.mp4","S:g1 O:g4 V:g9","[{""src"":""g1.png"",""x"":571,""y"":441},{""src"":""g1.png"",""x"":345,""y"":20},{""src"":""g9.png"",""x"":438,""y"":15},{""src"":""g4.png"",""x"":535,""y"":16}]",1,"SSVO","SVO",1,1,NA
"4.13",4,"A25CAT0W9W97Z8","chrome","2015-05-27 00:34:07.826448","{""Q0"":""no"",""Q1"":""no"",""Q2"":""no"",""Q3"":""yes""}",13,"oldlady-elbowing-heart.mp4","S:g11 O:g12 V:g2","[{""src"":""g11.png"",""x"":361,""y"":57},{""src"":""g5.png"",""x"":293,""y"":501},{""src"":""g12.png"",""x"":550,""y"":55},{""src"":""g2.png"",""x"":454,""y"":56}]",1,"SOV","SOV",1,1,NA
"4.14",4,"A25CAT0W9W97Z8","chrome","2015-05-27 00:34:07.826448","{""Q0"":""no"",""Q1"":""no"",""Q2"":""no"",""Q3"":""yes""}",14,"oldlady-kissing-ball.mp4","S:g11 O:g4 V:g10","[{""src"":""g11.png"",""x"":346,""y"":42},{""src"":""g10.png"",""x"":442,""y"":42},{""src"":""g4.png"",""x"":540,""y"":42}]",1,"SVO","SVO",1,1,NA
"4.15",4,"A25CAT0W9W97Z8","chrome","2015-05-27 00:34:07.826448","{""Q0"":""no"",""Q1"":""no"",""Q2"":""no"",""Q3"":""yes""}",15,"fireman-lifting-car.mp4","S:g14 O:g16 V:g6","[{""src"":""g14.png"",""x"":352,""y"":52},{""src"":""g6.png"",""x"":446,""y"":52},{""src"":""g16.png"",""x"":539,""y"":50}]",1,"SVO","SVO",1,1,NA
"4.16",4,"A25CAT0W9W97Z8","chrome","2015-05-27 00:34:07.826448","{""Q0"":""no"",""Q1"":""no"",""Q2"":""no"",""Q3"":""yes""}",16,"ball-rolling-none.mp4","S:g4 O:none V:g15","[{""src"":""g4.png"",""x"":362,""y"":36},{""src"":""g15.png"",""x"":462,""y"":34}]",1,"SV","SV",0,1,"inanimate"
"4.17",4,"A25CAT0W9W97Z8","chrome","2015-05-27 00:34:07.826448","{""Q0"":""no"",""Q1"":""no"",""Q2"":""no"",""Q3"":""yes""}",17,"fireman-pushing-boy.mp4","S:g14 O:g1 V:g7","[{""src"":""g1.png"",""x"":559,""y"":7},{""src"":""g7.png"",""x"":465,""y"":8},{""src"":""g14.png"",""x"":375,""y"":6}]",1,"OVSS","OVS",1,1,"animate"
"4.18",4,"A25CAT0W9W97Z8","chrome","2015-05-27 00:34:07.826448","{""Q0"":""no"",""Q1"":""no"",""Q2"":""no"",""Q3"":""yes""}",18,"car-rolling-none.mp4","S:g16 O:none V:g15","[{""src"":""g16.png"",""x"":359,""y"":38},{""src"":""g15.png"",""x"":455,""y"":38}]",1,"SV","SV",0,1,"inanimate"
"4.19",4,"A25CAT0W9W97Z8","chrome","2015-05-27 00:34:07.826448","{""Q0"":""no"",""Q1"":""no"",""Q2"":""no"",""Q3"":""yes""}",19,"boy-lifting-girl.mp4","S:g1 O:g8 V:g6","[{""src"":""g11.png"",""x"":600,""y"":398},{""src"":""g1.png"",""x"":345,""y"":20},{""src"":""g6.png"",""x"":435,""y"":21},{""src"":""g8.png"",""x"":533,""y"":23}]",1,"SSVO","SVO",1,1,"animate"
"4.20",4,"A25CAT0W9W97Z8","chrome","2015-05-27 00:34:07.826448","{""Q0"":""no"",""Q1"":""no"",""Q2"":""no"",""Q3"":""yes""}",20,"girl-throwing-oldlady.mp4","S:g8 O:g11 V:g3","[{""src"":""g11.png"",""x"":582,""y"":0},{""src"":""g8.png"",""x"":353,""y"":0},{""src"":""g3.png"",""x"":504,""y"":432},{""src"":""g3.png"",""x"":467,""y"":0}]",1,"OSVV","OSV",1,1,"animate"
"4.21",4,"A25CAT0W9W97Z8","chrome","2015-05-27 00:34:07.826448","{""Q0"":""no"",""Q1"":""no"",""Q2"":""no"",""Q3"":""yes""}",21,"girl-tumbling-none.mp4","S:g8 O:none V:g5","[{""src"":""g8.png"",""x"":375,""y"":20},{""src"":""g5.png"",""x"":479,""y"":20}]",1,"SV","SV",0,1,"inanimate"
"4.22",4,"A25CAT0W9W97Z8","chrome","2015-05-27 00:34:07.826448","{""Q0"":""no"",""Q1"":""no"",""Q2"":""no"",""Q3"":""yes""}",22,"girl-pushing-car.mp4","S:g8 O:g16 V:g7","[{""src"":""g8.png"",""x"":363,""y"":44},{""src"":""g7.png"",""x"":456,""y"":45},{""src"":""g16.png"",""x"":554,""y"":44}]",1,"SVO","SVO",1,1,NA
"13.1",13,"A28KJPWD4OIG9E","chrome","2015-05-27 04:36:36.681896","{""Q0"":""I pictured the symbols as letters or actions, like the fireman symbol looked like an F. The kiss symbol looked like a beak of a bird..I know that sounds weird! But I pictured a bird kissing something."",""Q1"":""No"",""Q2"":""No"",""Q3"":""I tried to, but I think I forgot some. And then at first, I thought the boy in blue was a girl with short hair. So I might have answered that wrong!""}",1,"PracticeImage","g12","[{""src"":""g12.png"",""x"":95,""y"":46}]",0,"G","G",0,1,NA
"13.2",13,"A28KJPWD4OIG9E","chrome","2015-05-27 04:36:36.681896","{""Q0"":""I pictured the symbols as letters or actions, like the fireman symbol looked like an F. The kiss symbol looked like a beak of a bird..I know that sounds weird! But I pictured a bird kissing something."",""Q1"":""No"",""Q2"":""No"",""Q3"":""I tried to, but I think I forgot some. And then at first, I thought the boy in blue was a girl with short hair. So I might have answered that wrong!""}",2,"PracticeImage","g9","[{""src"":""g9.png"",""x"":23,""y"":81}]",0,"G","G",0,1,NA
"13.3",13,"A28KJPWD4OIG9E","chrome","2015-05-27 04:36:36.681896","{""Q0"":""I pictured the symbols as letters or actions, like the fireman symbol looked like an F. The kiss symbol looked like a beak of a bird..I know that sounds weird! But I pictured a bird kissing something."",""Q1"":""No"",""Q2"":""No"",""Q3"":""I tried to, but I think I forgot some. And then at first, I thought the boy in blue was a girl with short hair. So I might have answered that wrong!""}",3,"girl-pushing-ball.mp4","S:g6 O:g14 V:g11","[{""src"":""g10.png"",""x"":401,""y"":406},{""src"":""g11.png"",""x"":41,""y"":192},{""src"":""g14.png"",""x"":146,""y"":184},{""src"":""g14.png"",""x"":258,""y"":187},{""src"":""g11.png"",""x"":135,""y"":184},{""src"":""g6.png"",""x"":28,""y"":191}]",0,"VOOVS","VOS",1,1,NA
"13.6",13,"A28KJPWD4OIG9E","chrome","2015-05-27 04:36:36.681896","{""Q0"":""I pictured the symbols as letters or actions, like the fireman symbol looked like an F. The kiss symbol looked like a beak of a bird..I know that sounds weird! But I pictured a bird kissing something."",""Q1"":""No"",""Q2"":""No"",""Q3"":""I tried to, but I think I forgot some. And then at first, I thought the boy in blue was a girl with short hair. So I might have answered that wrong!""}",6,"fireman-throwing-ball.mp4","S:g16 O:g14 V:g3","[{""src"":""g16.png"",""x"":43,""y"":152},{""src"":""g3.png"",""x"":169,""y"":175},{""src"":""g14.png"",""x"":284,""y"":156}]",1,"SVO","SVO",1,1,NA
"13.7",13,"A28KJPWD4OIG9E","chrome","2015-05-27 04:36:36.681896","{""Q0"":""I pictured the symbols as letters or actions, like the fireman symbol looked like an F. The kiss symbol looked like a beak of a bird..I know that sounds weird! But I pictured a bird kissing something."",""Q1"":""No"",""Q2"":""No"",""Q3"":""I tried to, but I think I forgot some. And then at first, I thought the boy in blue was a girl with short hair. So I might have answered that wrong!""}",7,"fireman-lifting-car.mp4","S:g16 O:g12 V:g15","[{""src"":""g16.png"",""x"":55,""y"":170},{""src"":""g15.png"",""x"":160,""y"":182},{""src"":""g12.png"",""x"":270,""y"":185}]",1,"SVO","SVO",1,1,NA
"13.9",13,"A28KJPWD4OIG9E","chrome","2015-05-27 04:36:36.681896","{""Q0"":""I pictured the symbols as letters or actions, like the fireman symbol looked like an F. The kiss symbol looked like a beak of a bird..I know that sounds weird! But I pictured a bird kissing something."",""Q1"":""No"",""Q2"":""No"",""Q3"":""I tried to, but I think I forgot some. And then at first, I thought the boy in blue was a girl with short hair. So I might have answered that wrong!""}",9,"boy-lifting-girl.mp4","S:g2 O:g6 V:g15","[{""src"":""g2.png"",""x"":66,""y"":193},{""src"":""g15.png"",""x"":171,""y"":204},{""src"":""g6.png"",""x"":276,""y"":184},{""src"":""g15.png"",""x"":171,""y"":188}]",1,"SVOV","SVO",1,1,"animate"
"13.10",13,"A28KJPWD4OIG9E","chrome","2015-05-27 04:36:36.681896","{""Q0"":""I pictured the symbols as letters or actions, like the fireman symbol looked like an F. The kiss symbol looked like a beak of a bird..I know that sounds weird! But I pictured a bird kissing something."",""Q1"":""No"",""Q2"":""No"",""Q3"":""I tried to, but I think I forgot some. And then at first, I thought the boy in blue was a girl with short hair. So I might have answered that wrong!""}",10,"ball-rolling-none.mp4","S:g14 O:none V:g10","[{""src"":""g14.png"",""x"":81,""y"":178},{""src"":""g10.png"",""x"":189,""y"":181}]",1,"SV","SV",0,1,"inanimate"
"13.12",13,"A28KJPWD4OIG9E","chrome","2015-05-27 04:36:36.681896","{""Q0"":""I pictured the symbols as letters or actions, like the fireman symbol looked like an F. The kiss symbol looked like a beak of a bird..I know that sounds weird! But I pictured a bird kissing something."",""Q1"":""No"",""Q2"":""No"",""Q3"":""I tried to, but I think I forgot some. And then at first, I thought the boy in blue was a girl with short hair. So I might have answered that wrong!""}",12,"oldlady-elbowing-heart.mp4","S:g9 O:g7 V:g1","[{""src"":""g9.png"",""x"":57,""y"":185},{""src"":""g11.png"",""x"":212,""y"":503},{""src"":""g1.png"",""x"":173,""y"":190},{""src"":""g7.png"",""x"":280,""y"":175}]",1,"SVVO","SVO",1,1,NA
"13.13",13,"A28KJPWD4OIG9E","chrome","2015-05-27 04:36:36.681896","{""Q0"":""I pictured the symbols as letters or actions, like the fireman symbol looked like an F. The kiss symbol looked like a beak of a bird..I know that sounds weird! But I pictured a bird kissing something."",""Q1"":""No"",""Q2"":""No"",""Q3"":""I tried to, but I think I forgot some. And then at first, I thought the boy in blue was a girl with short hair. So I might have answered that wrong!""}",13,"girl-throwing-oldlady.mp4","S:g6 O:g9 V:g3","[{""src"":""g6.png"",""x"":48,""y"":189},{""src"":""g9.png"",""x"":281,""y"":192},{""src"":""g3.png"",""x"":150,""y"":175}]",1,"SOV","SOV",1,1,"animate"
"13.14",13,"A28KJPWD4OIG9E","chrome","2015-05-27 04:36:36.681896","{""Q0"":""I pictured the symbols as letters or actions, like the fireman symbol looked like an F. The kiss symbol looked like a beak of a bird..I know that sounds weird! But I pictured a bird kissing something."",""Q1"":""No"",""Q2"":""No"",""Q3"":""I tried to, but I think I forgot some. And then at first, I thought the boy in blue was a girl with short hair. So I might have answered that wrong!""}",14,"fireman-kicking-girl.mp4","S:g16 O:g6 V:g5","[{""src"":""g16.png"",""x"":61,""y"":188},{""src"":""g5.png"",""x"":169,""y"":193},{""src"":""g6.png"",""x"":277,""y"":188}]",1,"SVO","SVO",1,1,"animate"
"13.16",13,"A28KJPWD4OIG9E","chrome","2015-05-27 04:36:36.681896","{""Q0"":""I pictured the symbols as letters or actions, like the fireman symbol looked like an F. The kiss symbol looked like a beak of a bird..I know that sounds weird! But I pictured a bird kissing something."",""Q1"":""No"",""Q2"":""No"",""Q3"":""I tried to, but I think I forgot some. And then at first, I thought the boy in blue was a girl with short hair. So I might have answered that wrong!""}",16,"car-rolling-none.mp4","S:g12 O:none V:g10","[{""src"":""g12.png"",""x"":93,""y"":196},{""src"":""g10.png"",""x"":201,""y"":192}]",1,"SV","SV",0,1,"inanimate"
"13.17",13,"A28KJPWD4OIG9E","chrome","2015-05-27 04:36:36.681896","{""Q0"":""I pictured the symbols as letters or actions, like the fireman symbol looked like an F. The kiss symbol looked like a beak of a bird..I know that sounds weird! But I pictured a bird kissing something."",""Q1"":""No"",""Q2"":""No"",""Q3"":""I tried to, but I think I forgot some. And then at first, I thought the boy in blue was a girl with short hair. So I might have answered that wrong!""}",17,"girl-elbowing-oldlady.mp4","S:g6 O:g9 V:g1","[{""src"":""g6.png"",""x"":45,""y"":188},{""src"":""g11.png"",""x"":150,""y"":187},{""src"":""g11.png"",""x"":507,""y"":408},{""src"":""g1.png"",""x"":152,""y"":188},{""src"":""g9.png"",""x"":276,""y"":186}]",1,"SVVVO","SVO",1,1,"animate"
"13.18",13,"A28KJPWD4OIG9E","chrome","2015-05-27 04:36:36.681896","{""Q0"":""I pictured the symbols as letters or actions, like the fireman symbol looked like an F. The kiss symbol looked like a beak of a bird..I know that sounds weird! But I pictured a bird kissing something."",""Q1"":""No"",""Q2"":""No"",""Q3"":""I tried to, but I think I forgot some. And then at first, I thought the boy in blue was a girl with short hair. So I might have answered that wrong!""}",18,"boy-kicking-ball.mp4","S:g2 O:g14 V:g5","[{""src"":""g2.png"",""x"":50,""y"":187},{""src"":""g5.png"",""x"":157,""y"":183},{""src"":""g14.png"",""x"":260,""y"":185}]",1,"SVO","SVO",1,1,NA
"13.19",13,"A28KJPWD4OIG9E","chrome","2015-05-27 04:36:36.681896","{""Q0"":""I pictured the symbols as letters or actions, like the fireman symbol looked like an F. The kiss symbol looked like a beak of a bird..I know that sounds weird! But I pictured a bird kissing something."",""Q1"":""No"",""Q2"":""No"",""Q3"":""I tried to, but I think I forgot some. And then at first, I thought the boy in blue was a girl with short hair. So I might have answered that wrong!""}",19,"girl-tumbling-none.mp4","S:g6 O:none V:g8","[{""src"":""g6.png"",""x"":65,""y"":184},{""src"":""g8.png"",""x"":232,""y"":189}]",1,"SV","SV",0,1,"inanimate"
"13.20",13,"A28KJPWD4OIG9E","chrome","2015-05-27 04:36:36.681896","{""Q0"":""I pictured the symbols as letters or actions, like the fireman symbol looked like an F. The kiss symbol looked like a beak of a bird..I know that sounds weird! But I pictured a bird kissing something."",""Q1"":""No"",""Q2"":""No"",""Q3"":""I tried to, but I think I forgot some. And then at first, I thought the boy in blue was a girl with short hair. So I might have answered that wrong!""}",20,"girl-kissing-boy.mp4","S:g6 O:g2 V:g4","[{""src"":""g6.png"",""x"":38,""y"":189},{""src"":""g4.png"",""x"":142,""y"":190},{""src"":""g2.png"",""x"":249,""y"":177},{""src"":""g2.png"",""x"":249,""y"":187}]",1,"SVOO","SVO",1,1,"animate"
"13.21",13,"A28KJPWD4OIG9E","chrome","2015-05-27 04:36:36.681896","{""Q0"":""I pictured the symbols as letters or actions, like the fireman symbol looked like an F. The kiss symbol looked like a beak of a bird..I know that sounds weird! But I pictured a bird kissing something."",""Q1"":""No"",""Q2"":""No"",""Q3"":""I tried to, but I think I forgot some. And then at first, I thought the boy in blue was a girl with short hair. So I might have answered that wrong!""}",21,"girl-rubbing-heart.mp4","S:g6 O:g7 V:g13","[{""src"":""g6.png"",""x"":39,""y"":191},{""src"":""g13.png"",""x"":146,""y"":186},{""src"":""g7.png"",""x"":256,""y"":190}]",1,"SVO","SVO",1,1,NA
"13.22",13,"A28KJPWD4OIG9E","chrome","2015-05-27 04:36:36.681896","{""Q0"":""I pictured the symbols as letters or actions, like the fireman symbol looked like an F. The kiss symbol looked like a beak of a bird..I know that sounds weird! But I pictured a bird kissing something."",""Q1"":""No"",""Q2"":""No"",""Q3"":""I tried to, but I think I forgot some. And then at first, I thought the boy in blue was a girl with short hair. So I might have answered that wrong!""}",22,"oldlady-rubbing-fireman.mp4","S:g9 O:g16 V:g13","[{""src"":""g9.png"",""x"":25,""y"":177},{""src"":""g13.png"",""x"":129,""y"":178},{""src"":""g16.png"",""x"":244,""y"":179}]",1,"SVO","SVO",1,1,"animate"
"11.1",11,"A2992K9BLAH575","firefox","2015-05-27 00:56:01.199495","{""Q0"":"""",""Q1"":""No."",""Q2"":""Yes."",""Q3"":""A little.""}",1,"PracticeImage","g6","[{""src"":""g6.png"",""x"":59,""y"":60}]",0,"G","G",0,1,NA
"11.2",11,"A2992K9BLAH575","firefox","2015-05-27 00:56:01.199495","{""Q0"":"""",""Q1"":""No."",""Q2"":""Yes."",""Q3"":""A little.""}",2,"PracticeImage","g1","[{""src"":""g14.png"",""x"":45,""y"":66}]",0,"G","G",0,1,NA
"11.5",11,"A2992K9BLAH575","firefox","2015-05-27 00:56:01.199495","{""Q0"":"""",""Q1"":""No."",""Q2"":""Yes."",""Q3"":""A little.""}",5,"girl-pushing-car.mp4","S:g3 O:g1 V:g5","[{""src"":""g3.png"",""x"":6,""y"":103},{""src"":""g5.png"",""x"":144,""y"":93},{""src"":""g1.png"",""x"":270,""y"":85}]",1,"SVO","SVO",1,1,NA
"11.6",11,"A2992K9BLAH575","firefox","2015-05-27 00:56:01.199495","{""Q0"":"""",""Q1"":""No."",""Q2"":""Yes."",""Q3"":""A little.""}",6,"girl-elbowing-oldlady.mp4","S:g3 O:g6 V:g8","[{""src"":""g3.png"",""x"":9,""y"":75.99996948242188},{""src"":""g8.png"",""x"":121,""y"":76.99996948242188},{""src"":""g6.png"",""x"":261,""y"":60}]",1,"SVO","SVO",1,1,"animate"
"11.10",11,"A2992K9BLAH575","firefox","2015-05-27 00:56:01.199495","{""Q0"":"""",""Q1"":""No."",""Q2"":""Yes."",""Q3"":""A little.""}",10,"girl-throwing-oldlady.mp4","S:g3 O:g6 V:g16","[{""src"":""g3.png"",""x"":0,""y"":79},{""src"":""g16.png"",""x"":132,""y"":84},{""src"":""g6.png"",""x"":254,""y"":76.99996948242188}]",1,"SVO","SVO",1,1,"animate"
"11.12",11,"A2992K9BLAH575","firefox","2015-05-27 00:56:01.199495","{""Q0"":"""",""Q1"":""No."",""Q2"":""Yes."",""Q3"":""A little.""}",12,"ball-rolling-none.mp4","S:g10 O:none V:g15","[{""src"":""g10.png"",""x"":24,""y"":101},{""src"":""g15.png"",""x"":177,""y"":98}]",1,"SV","SV",0,1,"inanimate"
"11.13",11,"A2992K9BLAH575","firefox","2015-05-27 00:56:01.199495","{""Q0"":"""",""Q1"":""No."",""Q2"":""Yes."",""Q3"":""A little.""}",13,"oldlady-kissing-ball.mp4","S:g6 O:g10 V:g2","[{""src"":""g6.png"",""x"":8,""y"":91},{""src"":""g2.png"",""x"":137,""y"":94},{""src"":""g10.png"",""x"":271,""y"":90}]",1,"SVO","SVO",1,1,NA
"11.15",11,"A2992K9BLAH575","firefox","2015-05-27 00:56:01.199495","{""Q0"":"""",""Q1"":""No."",""Q2"":""Yes."",""Q3"":""A little.""}",15,"boy-rolling-none.mp4","S:g13 O:none V:g15","[{""src"":""g15.png"",""x"":233,""y"":107},{""src"":""g13.png"",""x"":100,""y"":92}]",1,"VS","VS",0,1,"inanimate"
"11.18",11,"A2992K9BLAH575","firefox","2015-05-27 00:56:01.199495","{""Q0"":"""",""Q1"":""No."",""Q2"":""Yes."",""Q3"":""A little.""}",18,"fireman-pushing-boy.mp4","S:g11 O:g13 V:g5","[{""src"":""g5.png"",""x"":159,""y"":66.99996948242188},{""src"":""g11.png"",""x"":40,""y"":71.99996948242188},{""src"":""g13.png"",""x"":270,""y"":78.99996948242188}]",1,"VSO","VSO",1,1,"animate"
"11.19",11,"A2992K9BLAH575","firefox","2015-05-27 00:56:01.199495","{""Q0"":"""",""Q1"":""No."",""Q2"":""Yes."",""Q3"":""A little.""}",19,"girl-rubbing-heart.mp4","S:g3 O:g7 V:g9","[{""src"":""g3.png"",""x"":0,""y"":89},{""src"":""g9.png"",""x"":120,""y"":92},{""src"":""g7.png"",""x"":270,""y"":82}]",1,"SVO","SVO",1,1,NA
"11.20",11,"A2992K9BLAH575","firefox","2015-05-27 00:56:01.199495","{""Q0"":"""",""Q1"":""No."",""Q2"":""Yes."",""Q3"":""A little.""}",20,"boy-kicking-ball.mp4","S:g13 O:g10 V:g4","[{""src"":""g4.png"",""x"":167,""y"":77},{""src"":""g10.png"",""x"":287,""y"":93},{""src"":""g13.png"",""x"":56,""y"":84}]",1,"VOS","VOS",1,1,NA
"11.21",11,"A2992K9BLAH575","firefox","2015-05-27 00:56:01.199495","{""Q0"":"""",""Q1"":""No."",""Q2"":""Yes."",""Q3"":""A little.""}",21,"boy-lifting-girl.mp4","S:g13 O:g3 V:g12","[{""src"":""g3.png"",""x"":289,""y"":99.99996948242188},{""src"":""g12.png"",""x"":142,""y"":83.99996948242188},{""src"":""g13.png"",""x"":24,""y"":80}]",1,"OVS","OVS",1,1,"animate"
"11.22",11,"A2992K9BLAH575","firefox","2015-05-27 00:56:01.199495","{""Q0"":"""",""Q1"":""No."",""Q2"":""Yes."",""Q3"":""A little.""}",22,"fireman-throwing-ball.mp4","S:g11 O:g10 V:g16","[{""src"":""g11.png"",""x"":12,""y"":66.99996948242188},{""src"":""g16.png"",""x"":144,""y"":64},{""src"":""g10.png"",""x"":277,""y"":56.999969482421875}]",1,"SVO","SVO",1,1,NA
"10.1",10,"A2OO4PG3LBLP5I","chrome","2015-05-27 00:45:18.958819","{""Q0"":""enjoyed."",""Q1"":""No."",""Q2"":""No."",""Q3"":""Yes""}",1,"PracticeImage","g11","[{""src"":""g11.png"",""x"":516,""y"":46.00002288818354},{""src"":""g11.png"",""x"":410.00003814697266,""y"":60.000003814697266}]",0,"GG","G",0,1,NA
"10.2",10,"A2OO4PG3LBLP5I","chrome","2015-05-27 00:45:18.958819","{""Q0"":""enjoyed."",""Q1"":""No."",""Q2"":""No."",""Q3"":""Yes""}",2,"PracticeImage","g2","[{""src"":""g2.png"",""x"":276.00000762939453,""y"":51.00002288818354}]",0,"G","G",0,1,NA
"10.3",10,"A2OO4PG3LBLP5I","chrome","2015-05-27 00:45:18.958819","{""Q0"":""enjoyed."",""Q1"":""No."",""Q2"":""No."",""Q3"":""Yes""}",3,"girl-pushing-ball.mp4","S:g13 O:g7 V:g16","[{""src"":""g7.png"",""x"":478.00003814697266,""y"":38.00000762939453},{""src"":""g13.png"",""x"":488.00003814697266,""y"":152.00000762939453},{""src"":""g16.png"",""x"":649,""y"":239.00000762939453}]",0,"OSV","OSV",1,1,NA
"10.4",10,"A2OO4PG3LBLP5I","chrome","2015-05-27 00:45:18.958819","{""Q0"":""enjoyed."",""Q1"":""No."",""Q2"":""No."",""Q3"":""Yes""}",4,"car-tumbling-none.mp4","S:g2 O:none V:g1","[{""src"":""g2.png"",""x"":446.00000762939453,""y"":0},{""src"":""g1.png"",""x"":466.00003814697266,""y"":115.00000762939453}]",0,"SV","SV",0,1,"inanimate"
"10.5",10,"A2OO4PG3LBLP5I","chrome","2015-05-27 00:45:18.958819","{""Q0"":""enjoyed."",""Q1"":""No."",""Q2"":""No."",""Q3"":""Yes""}",5,"oldlady-kissing-ball.mp4","S:g11 O:g7 V:g6","[{""src"":""g11.png"",""x"":436.00000762939453,""y"":0},{""src"":""g7.png"",""x"":447.00003814697266,""y"":100.00001525878906},{""src"":""g6.png"",""x"":474.00003814697266,""y"":216.00001525878906}]",1,"SOV","SOV",1,1,NA
"10.8",10,"A2OO4PG3LBLP5I","chrome","2015-05-27 00:45:18.958819","{""Q0"":""enjoyed."",""Q1"":""No."",""Q2"":""No."",""Q3"":""Yes""}",8,"oldlady-rubbing-fireman.mp4","S:g11 O:g8 V:g14","[{""src"":""g11.png"",""x"":462.00003814697266,""y"":0},{""src"":""g14.png"",""x"":486.00000762939453,""y"":85.00000762939453},{""src"":""g8.png"",""x"":483.00003814697266,""y"":220.00000762939453}]",1,"SVO","SVO",1,1,"animate"
"10.9",10,"A2OO4PG3LBLP5I","chrome","2015-05-27 00:45:18.958819","{""Q0"":""enjoyed."",""Q1"":""No."",""Q2"":""No."",""Q3"":""Yes""}",9,"boy-lifting-girl.mp4","S:g3 O:g13 V:g5","[{""src"":""g5.png"",""x"":449.00003814697266,""y"":0},{""src"":""g13.png"",""x"":549.0000381469727,""y"":297.00001525878906},{""src"":""g13.png"",""x"":464.00003814697266,""y"":113.00001525878906},{""src"":""g3.png"",""x"":499.00003814697266,""y"":216.00001525878906}]",1,"VOOS","VOS",1,1,"animate"
"10.10",10,"A2OO4PG3LBLP5I","chrome","2015-05-27 00:45:18.958819","{""Q0"":""enjoyed."",""Q1"":""No."",""Q2"":""No."",""Q3"":""Yes""}",10,"boy-rolling-none.mp4","S:g3 O:none V:g4","[{""src"":""g3.png"",""x"":473.00003814697266,""y"":25.000011444091797},{""src"":""g4.png"",""x"":485.00003814697266,""y"":160.0000114440918}]",1,"SV","SV",0,1,"inanimate"
"10.12",10,"A2OO4PG3LBLP5I","chrome","2015-05-27 00:45:18.958819","{""Q0"":""enjoyed."",""Q1"":""No."",""Q2"":""No."",""Q3"":""Yes""}",12,"fireman-throwing-ball.mp4","S:g8 O:g7 V:g15","[{""src"":""g8.png"",""x"":417.00000762939453,""y"":97.00001525878906},{""src"":""g8.png"",""x"":429.00003814697266,""y"":0},{""src"":""g7.png"",""x"":417.00000762939453,""y"":88.00001525878906},{""src"":""g15.png"",""x"":450.00000762939453,""y"":191.00001525878906}]",1,"SSOV","SOV",1,1,NA
"10.13",10,"A2OO4PG3LBLP5I","chrome","2015-05-27 00:45:18.958819","{""Q0"":""enjoyed."",""Q1"":""No."",""Q2"":""No."",""Q3"":""Yes""}",13,"car-rolling-none.mp4","S:g2 O:none V:g4","[{""src"":""g2.png"",""x"":420.00000762939453,""y"":0},{""src"":""g4.png"",""x"":436.00000762939453,""y"":92.00001525878906}]",1,"SV","SV",0,1,"inanimate"
"10.16",10,"A2OO4PG3LBLP5I","chrome","2015-05-27 00:45:18.958819","{""Q0"":""enjoyed."",""Q1"":""No."",""Q2"":""No."",""Q3"":""Yes""}",16,"ball-rolling-none.mp4","S:g7 O:none V:g4","[{""src"":""g4.png"",""x"":481.00003814697266,""y"":0},{""src"":""g7.png"",""x"":491.00003814697266,""y"":145.00001525878906}]",1,"VS","VS",0,1,"inanimate"
"10.17",10,"A2OO4PG3LBLP5I","chrome","2015-05-27 00:45:18.958819","{""Q0"":""enjoyed."",""Q1"":""No."",""Q2"":""No."",""Q3"":""Yes""}",17,"fireman-pushing-boy.mp4","S:g8 O:g3 V:g16","[{""src"":""g8.png"",""x"":439.00000762939453,""y"":8.000007629394531},{""src"":""g3.png"",""x"":432.00000762939453,""y"":109.00000762939453},{""src"":""g16.png"",""x"":513.0000381469727,""y"":186.00000762939453}]",1,"SOV","SOV",1,1,"animate"
"10.18",10,"A2OO4PG3LBLP5I","chrome","2015-05-27 00:45:18.958819","{""Q0"":""enjoyed."",""Q1"":""No."",""Q2"":""No."",""Q3"":""Yes""}",18,"fireman-lifting-car.mp4","S:g8 O:g2 V:g5","[{""src"":""g8.png"",""x"":466.00000762939453,""y"":3.0000152587890625},{""src"":""g2.png"",""x"":444,""y"":106.00001525878906},{""src"":""g5.png"",""x"":469.00003814697266,""y"":208.00001525878906}]",1,"SOV","SOV",1,1,NA
"10.19",10,"A2OO4PG3LBLP5I","chrome","2015-05-27 00:45:18.958819","{""Q0"":""enjoyed."",""Q1"":""No."",""Q2"":""No."",""Q3"":""Yes""}",19,"fireman-kicking-girl.mp4","S:g8 O:g13 V:g9","[{""src"":""g8.png"",""x"":506.00003814697266,""y"":164.00001525878906},{""src"":""g8.png"",""x"":459.00003814697266,""y"":0},{""src"":""g13.png"",""x"":444,""y"":103.00000762939453},{""src"":""g9.png"",""x"":535.0000381469727,""y"":209.00000762939453}]",1,"SSOV","SOV",1,1,"animate"
"10.20",10,"A2OO4PG3LBLP5I","chrome","2015-05-27 00:45:18.958819","{""Q0"":""enjoyed."",""Q1"":""No."",""Q2"":""No."",""Q3"":""Yes""}",20,"girl-tumbling-none.mp4","S:g13 O:none V:g1","[{""src"":""g13.png"",""x"":437.00000762939453,""y"":22.000015258789062},{""src"":""g1.png"",""x"":212.00000762939453,""y"":383.9999923706054},{""src"":""g1.png"",""x"":401.00000762939453,""y"":148.9999923706054}]",1,"SSVV","SV",0,1,"inanimate"
"10.21",10,"A2OO4PG3LBLP5I","chrome","2015-05-27 00:45:18.958819","{""Q0"":""enjoyed."",""Q1"":""No."",""Q2"":""No."",""Q3"":""Yes""}",21,"girl-rubbing-heart.mp4","S:g13 O:g10 V:g14","[{""src"":""g13.png"",""x"":440.00000762939453,""y"":0},{""src"":""g14.png"",""x"":462.00000762939453,""y"":113.00001525878906},{""src"":""g10.png"",""x"":489.00003814697266,""y"":212.00001525878906}]",1,"SVO","SVO",1,1,NA
"10.22",10,"A2OO4PG3LBLP5I","chrome","2015-05-27 00:45:18.958819","{""Q0"":""enjoyed."",""Q1"":""No."",""Q2"":""No."",""Q3"":""Yes""}",22,"girl-throwing-oldlady.mp4","S:g13 O:g11 V:g15","[{""src"":""g13.png"",""x"":451.00003814697266,""y"":0},{""src"":""g11.png"",""x"":131.00000762939453,""y"":448.00001525878906},{""src"":""g11.png"",""x"":414.00000762939453,""y"":128.00001525878906},{""src"":""g15.png"",""x"":553.0000381469727,""y"":210.00001525878906}]",1,"SOOV","SOV",1,1,"animate"
"6.1",6,"A2S3MXU8T2I5H0","chrome","2015-05-27 00:36:06.807701","{""Q0"":""Simple enough to figure out since the symbols made up most of a sentence's words, i.e. \""the GIRL KICKED the BALL\""."",""Q1"":""No"",""Q2"":""No"",""Q3"":""Yes""}",1,"PracticeImage","g14","[{""src"":""g14.png"",""x"":348,""y"":78}]",0,"G","G",0,1,NA
"6.2",6,"A2S3MXU8T2I5H0","chrome","2015-05-27 00:36:06.807701","{""Q0"":""Simple enough to figure out since the symbols made up most of a sentence's words, i.e. \""the GIRL KICKED the BALL\""."",""Q1"":""No"",""Q2"":""No"",""Q3"":""Yes""}",2,"PracticeImage","g12","[{""src"":""g12.png"",""x"":387,""y"":78}]",0,"G","G",0,1,NA
"6.4",6,"A2S3MXU8T2I5H0","chrome","2015-05-27 00:36:06.807701","{""Q0"":""Simple enough to figure out since the symbols made up most of a sentence's words, i.e. \""the GIRL KICKED the BALL\""."",""Q1"":""No"",""Q2"":""No"",""Q3"":""Yes""}",4,"car-tumbling-none.mp4","S:g14 O:none V:g6","[{""src"":""g14.png"",""x"":458,""y"":210},{""src"":""g6.png"",""x"":562,""y"":209}]",0,"SV","SV",0,1,"inanimate"
"6.5",6,"A2S3MXU8T2I5H0","chrome","2015-05-27 00:36:06.807701","{""Q0"":""Simple enough to figure out since the symbols made up most of a sentence's words, i.e. \""the GIRL KICKED the BALL\""."",""Q1"":""No"",""Q2"":""No"",""Q3"":""Yes""}",5,"boy-lifting-girl.mp4","S:g15 O:g10 V:g4","[{""src"":""g15.png"",""x"":431,""y"":195},{""src"":""g4.png"",""x"":534,""y"":196},{""src"":""g10.png"",""x"":652,""y"":198}]",1,"SVO","SVO",1,1,"animate"
"6.6",6,"A2S3MXU8T2I5H0","chrome","2015-05-27 00:36:06.807701","{""Q0"":""Simple enough to figure out since the symbols made up most of a sentence's words, i.e. \""the GIRL KICKED the BALL\""."",""Q1"":""No"",""Q2"":""No"",""Q3"":""Yes""}",6,"car-rolling-none.mp4","S:g14 O:none V:g3","[{""src"":""g14.png"",""x"":466,""y"":208},{""src"":""g3.png"",""x"":574,""y"":215}]",1,"SV","SV",0,1,"inanimate"
"6.8",6,"A2S3MXU8T2I5H0","chrome","2015-05-27 00:36:06.807701","{""Q0"":""Simple enough to figure out since the symbols made up most of a sentence's words, i.e. \""the GIRL KICKED the BALL\""."",""Q1"":""No"",""Q2"":""No"",""Q3"":""Yes""}",8,"boy-rolling-none.mp4","S:g15 O:none V:g3","[{""src"":""g15.png"",""x"":461,""y"":191},{""src"":""g3.png"",""x"":557,""y"":193}]",1,"SV","SV",0,1,"inanimate"
"6.9",6,"A2S3MXU8T2I5H0","chrome","2015-05-27 00:36:06.807701","{""Q0"":""Simple enough to figure out since the symbols made up most of a sentence's words, i.e. \""the GIRL KICKED the BALL\""."",""Q1"":""No"",""Q2"":""No"",""Q3"":""Yes""}",9,"girl-throwing-oldlady.mp4","S:g10 O:g12 V:g16","[{""src"":""g16.png"",""x"":504,""y"":227},{""src"":""g10.png"",""x"":409,""y"":227},{""src"":""g12.png"",""x"":612,""y"":223}]",1,"VSO","VSO",1,1,"animate"
"6.10",6,"A2S3MXU8T2I5H0","chrome","2015-05-27 00:36:06.807701","{""Q0"":""Simple enough to figure out since the symbols made up most of a sentence's words, i.e. \""the GIRL KICKED the BALL\""."",""Q1"":""No"",""Q2"":""No"",""Q3"":""Yes""}",10,"fireman-kicking-girl.mp4","S:g7 O:g10 V:g1","[{""src"":""g7.png"",""x"":434,""y"":184},{""src"":""g1.png"",""x"":544,""y"":206},{""src"":""g1.png"",""x"":529,""y"":174},{""src"":""g10.png"",""x"":616,""y"":188}]",1,"SVVOO","SVO",1,1,"animate"
"6.12",6,"A2S3MXU8T2I5H0","chrome","2015-05-27 00:36:06.807701","{""Q0"":""Simple enough to figure out since the symbols made up most of a sentence's words, i.e. \""the GIRL KICKED the BALL\""."",""Q1"":""No"",""Q2"":""No"",""Q3"":""Yes""}",12,"fireman-pushing-boy.mp4","S:g7 O:g15 V:g11","[{""src"":""g7.png"",""x"":473,""y"":207},{""src"":""g11.png"",""x"":574,""y"":206},{""src"":""g15.png"",""x"":680,""y"":206}]",1,"SVO","SVO",1,1,"animate"
"6.13",6,"A2S3MXU8T2I5H0","chrome","2015-05-27 00:36:06.807701","{""Q0"":""Simple enough to figure out since the symbols made up most of a sentence's words, i.e. \""the GIRL KICKED the BALL\""."",""Q1"":""No"",""Q2"":""No"",""Q3"":""Yes""}",13,"ball-rolling-none.mp4","S:g8 O:none V:g3","[{""src"":""g8.png"",""x"":468,""y"":209},{""src"":""g3.png"",""x"":578,""y"":204}]",1,"SV","SV",0,1,"inanimate"
"6.14",6,"A2S3MXU8T2I5H0","chrome","2015-05-27 00:36:06.807701","{""Q0"":""Simple enough to figure out since the symbols made up most of a sentence's words, i.e. \""the GIRL KICKED the BALL\""."",""Q1"":""No"",""Q2"":""No"",""Q3"":""Yes""}",14,"boy-kicking-ball.mp4","S:g15 O:g8 V:g1","[{""src"":""g15.png"",""x"":492,""y"":193},{""src"":""g1.png"",""x"":592,""y"":195},{""src"":""g8.png"",""x"":693,""y"":193}]",1,"SSVO","SVO",1,1,NA
"6.15",6,"A2S3MXU8T2I5H0","chrome","2015-05-27 00:36:06.807701","{""Q0"":""Simple enough to figure out since the symbols made up most of a sentence's words, i.e. \""the GIRL KICKED the BALL\""."",""Q1"":""No"",""Q2"":""No"",""Q3"":""Yes""}",15,"fireman-lifting-car.mp4","S:g7 O:g14 V:g4","[{""src"":""g7.png"",""x"":488,""y"":198},{""src"":""g4.png"",""x"":594,""y"":196},{""src"":""g14.png"",""x"":703,""y"":195}]",1,"SVO","SVO",1,1,NA
"6.16",6,"A2S3MXU8T2I5H0","chrome","2015-05-27 00:36:06.807701","{""Q0"":""Simple enough to figure out since the symbols made up most of a sentence's words, i.e. \""the GIRL KICKED the BALL\""."",""Q1"":""No"",""Q2"":""No"",""Q3"":""Yes""}",16,"oldlady-elbowing-heart.mp4","S:g12 O:g13 V:g9","[{""src"":""g9.png"",""x"":553,""y"":216},{""src"":""g13.png"",""x"":670,""y"":218},{""src"":""g12.png"",""x"":432,""y"":204}]",1,"VOS","VOS",1,1,NA
"6.17",6,"A2S3MXU8T2I5H0","chrome","2015-05-27 00:36:06.807701","{""Q0"":""Simple enough to figure out since the symbols made up most of a sentence's words, i.e. \""the GIRL KICKED the BALL\""."",""Q1"":""No"",""Q2"":""No"",""Q3"":""Yes""}",17,"girl-rubbing-heart.mp4","S:g10 O:g13 V:g2","[{""src"":""g10.png"",""x"":499,""y"":192},{""src"":""g2.png"",""x"":625,""y"":183},{""src"":""g13.png"",""x"":703,""y"":197}]",1,"SVO","SVO",1,1,NA
"6.18",6,"A2S3MXU8T2I5H0","chrome","2015-05-27 00:36:06.807701","{""Q0"":""Simple enough to figure out since the symbols made up most of a sentence's words, i.e. \""the GIRL KICKED the BALL\""."",""Q1"":""No"",""Q2"":""No"",""Q3"":""Yes""}",18,"girl-kissing-boy.mp4","S:g10 O:g15 V:g5","[{""src"":""g15.png"",""x"":648,""y"":224},{""src"":""g10.png"",""x"":462,""y"":221},{""src"":""g5.png"",""x"":565,""y"":226}]",1,"OSV","OSV",1,1,"animate"
"6.19",6,"A2S3MXU8T2I5H0","chrome","2015-05-27 00:36:06.807701","{""Q0"":""Simple enough to figure out since the symbols made up most of a sentence's words, i.e. \""the GIRL KICKED the BALL\""."",""Q1"":""No"",""Q2"":""No"",""Q3"":""Yes""}",19,"girl-tumbling-none.mp4","S:g10 O:none V:g6","[{""src"":""g10.png"",""x"":461,""y"":193},{""src"":""g6.png"",""x"":563,""y"":199}]",1,"SV","SV",0,1,"inanimate"
"6.20",6,"A2S3MXU8T2I5H0","chrome","2015-05-27 00:36:06.807701","{""Q0"":""Simple enough to figure out since the symbols made up most of a sentence's words, i.e. \""the GIRL KICKED the BALL\""."",""Q1"":""No"",""Q2"":""No"",""Q3"":""Yes""}",20,"oldlady-rubbing-fireman.mp4","S:g12 O:g7 V:g2","[{""src"":""g12.png"",""x"":495,""y"":160},{""src"":""g2.png"",""x"":579,""y"":161},{""src"":""g12.png"",""x"":474,""y"":209},{""src"":""g2.png"",""x"":572,""y"":219},{""src"":""g7.png"",""x"":675,""y"":219}]",1,"SVSVO","SVO",1,1,"animate"
"6.21",6,"A2S3MXU8T2I5H0","chrome","2015-05-27 00:36:06.807701","{""Q0"":""Simple enough to figure out since the symbols made up most of a sentence's words, i.e. \""the GIRL KICKED the BALL\""."",""Q1"":""No"",""Q2"":""No"",""Q3"":""Yes""}",21,"girl-pushing-car.mp4","S:g10 O:g14 V:g11","[{""src"":""g10.png"",""x"":557,""y"":221},{""src"":""g11.png"",""x"":660,""y"":212},{""src"":""g14.png"",""x"":703,""y"":225}]",1,"SVO","SVO",1,1,NA
"6.22",6,"A2S3MXU8T2I5H0","chrome","2015-05-27 00:36:06.807701","{""Q0"":""Simple enough to figure out since the symbols made up most of a sentence's words, i.e. \""the GIRL KICKED the BALL\""."",""Q1"":""No"",""Q2"":""No"",""Q3"":""Yes""}",22,"girl-elbowing-oldlady.mp4","S:g10 O:g12 V:g9","[{""src"":""g10.png"",""x"":469,""y"":208},{""src"":""g9.png"",""x"":582,""y"":199},{""src"":""g12.png"",""x"":680,""y"":193}]",1,"SVO","SVO",1,1,"animate"
"14.1",14,"A3843S9LWPDN2K","firefox","2015-05-27 04:38:13.957075","{""Q0"":""N/A"",""Q1"":""Yes"",""Q2"":""No"",""Q3"":""No""}",1,"PracticeImage","g13","[{""src"":""g13.png"",""x"":333,""y"":62}]",0,"G","G",0,1,NA
"14.2",14,"A3843S9LWPDN2K","firefox","2015-05-27 04:38:13.957075","{""Q0"":""N/A"",""Q1"":""Yes"",""Q2"":""No"",""Q3"":""No""}",2,"PracticeImage","g10","[{""src"":""g10.png"",""x"":323,""y"":41}]",0,"G","G",0,1,NA
"14.4",14,"A3843S9LWPDN2K","firefox","2015-05-27 04:38:13.957075","{""Q0"":""N/A"",""Q1"":""Yes"",""Q2"":""No"",""Q3"":""No""}",4,"girl-pushing-ball.mp4","S:g8 O:g14 V:g11","[{""src"":""g8.png"",""x"":274,""y"":75.99996948242188},{""src"":""g11.png"",""x"":374,""y"":73.99996948242188},{""src"":""g14.png"",""x"":472,""y"":74.99996948242188}]",0,"SVO","SVO",1,1,NA
"14.5",14,"A3843S9LWPDN2K","firefox","2015-05-27 04:38:13.957075","{""Q0"":""N/A"",""Q1"":""Yes"",""Q2"":""No"",""Q3"":""No""}",5,"boy-rolling-none.mp4","S:g3 O:none V:g1","[{""src"":""g3.png"",""x"":270,""y"":90},{""src"":""g1.png"",""x"":385,""y"":91}]",1,"SV","SV",0,1,"inanimate"
"14.6",14,"A3843S9LWPDN2K","firefox","2015-05-27 04:38:13.957075","{""Q0"":""N/A"",""Q1"":""Yes"",""Q2"":""No"",""Q3"":""No""}",6,"ball-rolling-none.mp4","S:g14 O:none V:g1","[{""src"":""g14.png"",""x"":334,""y"":76},{""src"":""g1.png"",""x"":432,""y"":76}]",1,"SSV","SV",0,1,"inanimate"
"14.7",14,"A3843S9LWPDN2K","firefox","2015-05-27 04:38:13.957075","{""Q0"":""N/A"",""Q1"":""Yes"",""Q2"":""No"",""Q3"":""No""}",7,"girl-kissing-boy.mp4","S:g8 O:g3 V:g12","[{""src"":""g8.png"",""x"":305,""y"":79},{""src"":""g12.png"",""x"":403,""y"":77},{""src"":""g3.png"",""x"":501,""y"":78}]",1,"SVO","SVO",1,1,"animate"
"14.9",14,"A3843S9LWPDN2K","firefox","2015-05-27 04:38:13.957075","{""Q0"":""N/A"",""Q1"":""Yes"",""Q2"":""No"",""Q3"":""No""}",9,"boy-kicking-ball.mp4","S:g3 O:g14 V:g2","[{""src"":""g3.png"",""x"":316,""y"":84},{""src"":""g2.png"",""x"":414,""y"":83},{""src"":""g14.png"",""x"":508,""y"":82}]",1,"SVO","SVO",1,1,NA
"14.10",14,"A3843S9LWPDN2K","firefox","2015-05-27 04:38:13.957075","{""Q0"":""N/A"",""Q1"":""Yes"",""Q2"":""No"",""Q3"":""No""}",10,"oldlady-rubbing-fireman.mp4","S:g10 O:g16 V:g7","[{""src"":""g10.png"",""x"":322,""y"":81},{""src"":""g7.png"",""x"":420,""y"":81},{""src"":""g16.png"",""x"":516,""y"":81}]",1,"SVO","SVO",1,1,"animate"
"14.11",14,"A3843S9LWPDN2K","firefox","2015-05-27 04:38:13.957075","{""Q0"":""N/A"",""Q1"":""Yes"",""Q2"":""No"",""Q3"":""No""}",11,"car-rolling-none.mp4","S:g13 O:none V:g1","[{""src"":""g13.png"",""x"":362,""y"":83},{""src"":""g1.png"",""x"":458,""y"":82}]",1,"SSV","SV",0,1,"inanimate"
"14.12",14,"A3843S9LWPDN2K","firefox","2015-05-27 04:38:13.957075","{""Q0"":""N/A"",""Q1"":""Yes"",""Q2"":""No"",""Q3"":""No""}",12,"girl-rubbing-heart.mp4","S:g8 O:g4 V:g7","[{""src"":""g8.png"",""x"":327,""y"":89},{""src"":""g7.png"",""x"":425,""y"":85},{""src"":""g4.png"",""x"":521,""y"":83}]",1,"SVO","SVO",1,1,NA
"14.13",14,"A3843S9LWPDN2K","firefox","2015-05-27 04:38:13.957075","{""Q0"":""N/A"",""Q1"":""Yes"",""Q2"":""No"",""Q3"":""No""}",13,"oldlady-elbowing-heart.mp4","S:g10 O:g4 V:g9","[{""src"":""g10.png"",""x"":318,""y"":86},{""src"":""g9.png"",""x"":412,""y"":86},{""src"":""g4.png"",""x"":506,""y"":86}]",1,"SVO","SVO",1,1,NA
"14.14",14,"A3843S9LWPDN2K","firefox","2015-05-27 04:38:13.957075","{""Q0"":""N/A"",""Q1"":""Yes"",""Q2"":""No"",""Q3"":""No""}",14,"fireman-lifting-car.mp4","S:g16 O:g13 V:g15","[{""src"":""g16.png"",""x"":337,""y"":98},{""src"":""g15.png"",""x"":434,""y"":99},{""src"":""g13.png"",""x"":521,""y"":101}]",1,"SVO","SVO",1,1,NA
"14.15",14,"A3843S9LWPDN2K","firefox","2015-05-27 04:38:13.957075","{""Q0"":""N/A"",""Q1"":""Yes"",""Q2"":""No"",""Q3"":""No""}",15,"girl-tumbling-none.mp4","S:g8 O:none V:g6","[{""src"":""g8.png"",""x"":396,""y"":89},{""src"":""g6.png"",""x"":493,""y"":90}]",1,"SV","SV",0,1,"inanimate"
"14.16",14,"A3843S9LWPDN2K","firefox","2015-05-27 04:38:13.957075","{""Q0"":""N/A"",""Q1"":""Yes"",""Q2"":""No"",""Q3"":""No""}",16,"girl-elbowing-oldlady.mp4","S:g8 O:g10 V:g9","[{""src"":""g8.png"",""x"":343,""y"":110},{""src"":""g9.png"",""x"":438,""y"":112},{""src"":""g10.png"",""x"":523,""y"":113}]",1,"SVO","SVO",1,1,"animate"
"14.17",14,"A3843S9LWPDN2K","firefox","2015-05-27 04:38:13.957075","{""Q0"":""N/A"",""Q1"":""Yes"",""Q2"":""No"",""Q3"":""No""}",17,"boy-lifting-girl.mp4","S:g3 O:g8 V:g15","[{""src"":""g3.png"",""x"":340,""y"":105},{""src"":""g15.png"",""x"":432,""y"":105},{""src"":""g8.png"",""x"":523,""y"":105}]",1,"SVO","SVO",1,1,"animate"
"14.18",14,"A3843S9LWPDN2K","firefox","2015-05-27 04:38:13.957075","{""Q0"":""N/A"",""Q1"":""Yes"",""Q2"":""No"",""Q3"":""No""}",18,"fireman-pushing-boy.mp4","S:g16 O:g3 V:g11","[{""src"":""g16.png"",""x"":304,""y"":109},{""src"":""g11.png"",""x"":400,""y"":107},{""src"":""g3.png"",""x"":496,""y"":108}]",1,"SVO","SVO",1,1,"animate"
"14.19",14,"A3843S9LWPDN2K","firefox","2015-05-27 04:38:13.957075","{""Q0"":""N/A"",""Q1"":""Yes"",""Q2"":""No"",""Q3"":""No""}",19,"girl-pushing-car.mp4","S:g8 O:g13 V:g11","[{""src"":""g8.png"",""x"":305,""y"":92},{""src"":""g11.png"",""x"":402,""y"":91},{""src"":""g13.png"",""x"":499,""y"":92}]",1,"SVO","SVO",1,1,NA
"14.20",14,"A3843S9LWPDN2K","firefox","2015-05-27 04:38:13.957075","{""Q0"":""N/A"",""Q1"":""Yes"",""Q2"":""No"",""Q3"":""No""}",20,"fireman-kicking-girl.mp4","S:g16 O:g8 V:g2","[{""src"":""g16.png"",""x"":304,""y"":88},{""src"":""g2.png"",""x"":399,""y"":88},{""src"":""g8.png"",""x"":498,""y"":89}]",1,"SVO","SVO",1,1,"animate"
"14.21",14,"A3843S9LWPDN2K","firefox","2015-05-27 04:38:13.957075","{""Q0"":""N/A"",""Q1"":""Yes"",""Q2"":""No"",""Q3"":""No""}",21,"fireman-throwing-ball.mp4","S:g16 O:g14 V:g5","[{""src"":""g16.png"",""x"":327,""y"":121},{""src"":""g5.png"",""x"":423,""y"":121},{""src"":""g14.png"",""x"":516,""y"":119}]",1,"SVO","SVO",1,1,NA
"14.22",14,"A3843S9LWPDN2K","firefox","2015-05-27 04:38:13.957075","{""Q0"":""N/A"",""Q1"":""Yes"",""Q2"":""No"",""Q3"":""No""}",22,"oldlady-kissing-ball.mp4","S:g10 O:g14 V:g12","[{""src"":""g10.png"",""x"":338,""y"":75},{""src"":""g12.png"",""x"":433,""y"":77},{""src"":""g14.png"",""x"":526,""y"":77}]",1,"SVO","SVO",1,1,NA
"9.1",9,"A3DHJDGGSPEI0O","chrome","2015-05-27 00:39:12.116797","{""Q0"":""I thought this was too much work for the amount paid"",""Q1"":""No"",""Q2"":""no"",""Q3"":""i tried""}",1,"PracticeImage","g2","[{""src"":""g2.png"",""x"":354,""y"":21}]",0,"G","G",0,1,NA
"9.2",9,"A3DHJDGGSPEI0O","chrome","2015-05-27 00:39:12.116797","{""Q0"":""I thought this was too much work for the amount paid"",""Q1"":""No"",""Q2"":""no"",""Q3"":""i tried""}",2,"PracticeImage","g13","[{""src"":""g13.png"",""x"":373,""y"":23},{""src"":""g13.png"",""x"":324,""y"":57}]",0,"GG","G",0,1,NA
"9.3",9,"A3DHJDGGSPEI0O","chrome","2015-05-27 00:39:12.116797","{""Q0"":""I thought this was too much work for the amount paid"",""Q1"":""No"",""Q2"":""no"",""Q3"":""i tried""}",3,"girl-pushing-ball.mp4","S:g16 O:g10 V:g9","[{""src"":""g9.png"",""x"":464,""y"":0},{""src"":""g16.png"",""x"":466,""y"":103},{""src"":""g10.png"",""x"":472,""y"":149},{""src"":""g10.png"",""x"":625,""y"":43},{""src"":""g16.png"",""x"":545,""y"":0},{""src"":""g10.png"",""x"":627,""y"":0}]",0,"VSOOSO","VSO",1,1,NA
"9.4",9,"A3DHJDGGSPEI0O","chrome","2015-05-27 00:39:12.116797","{""Q0"":""I thought this was too much work for the amount paid"",""Q1"":""No"",""Q2"":""no"",""Q3"":""i tried""}",4,"car-tumbling-none.mp4","S:g13 O:none V:g12","[{""src"":""g13.png"",""x"":189,""y"":81},{""src"":""g12.png"",""x"":427,""y"":252},{""src"":""g12.png"",""x"":309,""y"":52}]",0,"SVV","SV",0,1,"inanimate"
"9.5",9,"A3DHJDGGSPEI0O","chrome","2015-05-27 00:39:12.116797","{""Q0"":""I thought this was too much work for the amount paid"",""Q1"":""No"",""Q2"":""no"",""Q3"":""i tried""}",5,"fireman-throwing-ball.mp4","S:g6 O:g10 V:g5","[{""src"":""g6.png"",""x"":0,""y"":25},{""src"":""g5.png"",""x"":137,""y"":36},{""src"":""g10.png"",""x"":325,""y"":44}]",1,"SVO","SVO",1,1,NA
"9.6",9,"A3DHJDGGSPEI0O","chrome","2015-05-27 00:39:12.116797","{""Q0"":""I thought this was too much work for the amount paid"",""Q1"":""No"",""Q2"":""no"",""Q3"":""i tried""}",6,"girl-kissing-boy.mp4","S:g16 O:g15 V:g11","[{""src"":""g16.png"",""x"":0,""y"":45},{""src"":""g11.png"",""x"":74,""y"":64},{""src"":""g15.png"",""x"":244,""y"":46}]",1,"SVO","SVO",1,1,"animate"
"9.7",9,"A3DHJDGGSPEI0O","chrome","2015-05-27 00:39:12.116797","{""Q0"":""I thought this was too much work for the amount paid"",""Q1"":""No"",""Q2"":""no"",""Q3"":""i tried""}",7,"boy-kicking-ball.mp4","S:g15 O:g10 V:g7","[{""src"":""g15.png"",""x"":0,""y"":111},{""src"":""g7.png"",""x"":104,""y"":58},{""src"":""g10.png"",""x"":227,""y"":0}]",1,"SVO","SVO",1,1,NA
"9.8",9,"A3DHJDGGSPEI0O","chrome","2015-05-27 00:39:12.116797","{""Q0"":""I thought this was too much work for the amount paid"",""Q1"":""No"",""Q2"":""no"",""Q3"":""i tried""}",8,"girl-tumbling-none.mp4","S:g16 O:none V:g12","[{""src"":""g16.png"",""x"":13,""y"":98},{""src"":""g12.png"",""x"":143,""y"":86}]",1,"SV","SV",0,1,"inanimate"
"9.10",9,"A3DHJDGGSPEI0O","chrome","2015-05-27 00:39:12.116797","{""Q0"":""I thought this was too much work for the amount paid"",""Q1"":""No"",""Q2"":""no"",""Q3"":""i tried""}",10,"car-rolling-none.mp4","S:g13 O:none V:g14","[{""src"":""g13.png"",""x"":0,""y"":79},{""src"":""g14.png"",""x"":168,""y"":10}]",1,"SV","SV",0,1,"inanimate"
"9.11",9,"A3DHJDGGSPEI0O","chrome","2015-05-27 00:39:12.116797","{""Q0"":""I thought this was too much work for the amount paid"",""Q1"":""No"",""Q2"":""no"",""Q3"":""i tried""}",11,"ball-rolling-none.mp4","S:g10 O:none V:g14","[{""src"":""g10.png"",""x"":43,""y"":114},{""src"":""g14.png"",""x"":168,""y"":185}]",1,"SV","SV",0,1,"inanimate"
"9.13",9,"A3DHJDGGSPEI0O","chrome","2015-05-27 00:39:12.116797","{""Q0"":""I thought this was too much work for the amount paid"",""Q1"":""No"",""Q2"":""no"",""Q3"":""i tried""}",13,"girl-elbowing-oldlady.mp4","S:g16 O:g2 V:g4","[{""src"":""g16.png"",""x"":0,""y"":201},{""src"":""g4.png"",""x"":148,""y"":159},{""src"":""g2.png"",""x"":291,""y"":164}]",1,"SVO","SVO",1,1,"animate"
"9.14",9,"A3DHJDGGSPEI0O","chrome","2015-05-27 00:39:12.116797","{""Q0"":""I thought this was too much work for the amount paid"",""Q1"":""No"",""Q2"":""no"",""Q3"":""i tried""}",14,"oldlady-rubbing-fireman.mp4","S:g2 O:g6 V:g3","[{""src"":""g2.png"",""x"":0,""y"":136},{""src"":""g3.png"",""x"":98,""y"":122},{""src"":""g5.png"",""x"":6,""y"":486},{""src"":""g6.png"",""x"":310,""y"":217},{""src"":""g6.png"",""x"":195,""y"":162}]",1,"SVOO","SVO",1,1,"animate"
"9.15",9,"A3DHJDGGSPEI0O","chrome","2015-05-27 00:39:12.116797","{""Q0"":""I thought this was too much work for the amount paid"",""Q1"":""No"",""Q2"":""no"",""Q3"":""i tried""}",15,"boy-rolling-none.mp4","S:g15 O:none V:g14","[{""src"":""g15.png"",""x"":217,""y"":82},{""src"":""g14.png"",""x"":355,""y"":63}]",1,"SV","SV",0,1,"inanimate"
"9.16",9,"A3DHJDGGSPEI0O","chrome","2015-05-27 00:39:12.116797","{""Q0"":""I thought this was too much work for the amount paid"",""Q1"":""No"",""Q2"":""no"",""Q3"":""i tried""}",16,"oldlady-elbowing-heart.mp4","S:g2 O:g1 V:g4","[{""src"":""g2.png"",""x"":0,""y"":67},{""src"":""g5.png"",""x"":98,""y"":95},{""src"":""g5.png"",""x"":703,""y"":366},{""src"":""g4.png"",""x"":122,""y"":103},{""src"":""g1.png"",""x"":208,""y"":74}]",1,"SVO","SVO",1,1,NA
"9.17",9,"A3DHJDGGSPEI0O","chrome","2015-05-27 00:39:12.116797","{""Q0"":""I thought this was too much work for the amount paid"",""Q1"":""No"",""Q2"":""no"",""Q3"":""i tried""}",17,"girl-throwing-oldlady.mp4","S:g16 O:g2 V:g5","[{""src"":""g16.png"",""x"":0,""y"":49},{""src"":""g5.png"",""x"":160,""y"":50},{""src"":""g2.png"",""x"":246,""y"":48}]",1,"SVO","SVO",1,1,"animate"
"9.18",9,"A3DHJDGGSPEI0O","chrome","2015-05-27 00:39:12.116797","{""Q0"":""I thought this was too much work for the amount paid"",""Q1"":""No"",""Q2"":""no"",""Q3"":""i tried""}",18,"oldlady-kissing-ball.mp4","S:g2 O:g10 V:g11","[{""src"":""g2.png"",""x"":0,""y"":64},{""src"":""g11.png"",""x"":128,""y"":72},{""src"":""g10.png"",""x"":253,""y"":41}]",1,"SVO","SVO",1,1,NA
"9.19",9,"A3DHJDGGSPEI0O","chrome","2015-05-27 00:39:12.116797","{""Q0"":""I thought this was too much work for the amount paid"",""Q1"":""No"",""Q2"":""no"",""Q3"":""i tried""}",19,"girl-pushing-car.mp4","S:g16 O:g13 V:g9","[{""src"":""g16.png"",""x"":2,""y"":100},{""src"":""g9.png"",""x"":77,""y"":93},{""src"":""g13.png"",""x"":87,""y"":104}]",1,"SVO","SVO",1,1,NA
"9.20",9,"A3DHJDGGSPEI0O","chrome","2015-05-27 00:39:12.116797","{""Q0"":""I thought this was too much work for the amount paid"",""Q1"":""No"",""Q2"":""no"",""Q3"":""i tried""}",20,"girl-rubbing-heart.mp4","S:g16 O:g1 V:g3","[{""src"":""g16.png"",""x"":0,""y"":48},{""src"":""g3.png"",""x"":184,""y"":152},{""src"":""g1.png"",""x"":271,""y"":115}]",1,"SSVO","SVO",1,1,NA
"9.21",9,"A3DHJDGGSPEI0O","chrome","2015-05-27 00:39:12.116797","{""Q0"":""I thought this was too much work for the amount paid"",""Q1"":""No"",""Q2"":""no"",""Q3"":""i tried""}",21,"fireman-pushing-boy.mp4","S:g6 O:g15 V:g9","[{""src"":""g6.png"",""x"":4,""y"":110},{""src"":""g9.png"",""x"":210,""y"":114},{""src"":""g15.png"",""x"":373,""y"":110}]",1,"SVO","SVO",1,1,"animate"
"8.1",8,"A3F52KE1584441","chrome","2015-05-27 00:38:49.953443","{""Q0"":""Very interesting. Thank you!"",""Q1"":""No."",""Q2"":""No."",""Q3"":""Yes.""}",1,"PracticeImage","g6","[{""src"":""g6.png"",""x"":355.0000305175781,""y"":65.00000000000003}]",0,"G","G",0,1,NA
"8.2",8,"A3F52KE1584441","chrome","2015-05-27 00:38:49.953443","{""Q0"":""Very interesting. Thank you!"",""Q1"":""No."",""Q2"":""No."",""Q3"":""Yes.""}",2,"PracticeImage","g8","[{""src"":""g8.png"",""x"":366.0000305175781,""y"":106.00000000000003}]",0,"G","G",0,1,NA
"8.3",8,"A3F52KE1584441","chrome","2015-05-27 00:38:49.953443","{""Q0"":""Very interesting. Thank you!"",""Q1"":""No."",""Q2"":""No."",""Q3"":""Yes.""}",3,"girl-pushing-ball.mp4","S:g15 O:g10 V:g13","[{""src"":""g15.png"",""x"":430.0000305175781,""y"":0},{""src"":""g2.png"",""x"":15,""y"":393},{""src"":""g2.png"",""x"":0,""y"":396},{""src"":""g13.png"",""x"":430.0000305175781,""y"":102.00000000000003},{""src"":""g10.png"",""x"":430,""y"":206.00000000000003}]",0,"SVO","SVO",1,1,NA
"8.4",8,"A3F52KE1584441","chrome","2015-05-27 00:38:49.953443","{""Q0"":""Very interesting. Thank you!"",""Q1"":""No."",""Q2"":""No."",""Q3"":""Yes.""}",4,"car-tumbling-none.mp4","S:g8 O:none V:g3","[{""src"":""g8.png"",""x"":449.0000305175781,""y"":16.00000000000003},{""src"":""g3.png"",""x"":449,""y"":133.00000000000003}]",0,"SV","SV",0,1,"inanimate"
"8.5",8,"A3F52KE1584441","chrome","2015-05-27 00:38:49.953443","{""Q0"":""Very interesting. Thank you!"",""Q1"":""No."",""Q2"":""No."",""Q3"":""Yes.""}",5,"girl-tumbling-none.mp4","S:g15 O:none V:g3","[{""src"":""g15.png"",""x"":447.0000305175781,""y"":0},{""src"":""g3.png"",""x"":451.0000305175781,""y"":111.00000000000003}]",1,"SV","SV",0,1,"inanimate"
"8.6",8,"A3F52KE1584441","chrome","2015-05-27 00:38:49.953443","{""Q0"":""Very interesting. Thank you!"",""Q1"":""No."",""Q2"":""No."",""Q3"":""Yes.""}",6,"boy-rolling-none.mp4","S:g7 O:none V:g4","[{""src"":""g7.png"",""x"":446.0000305175781,""y"":0},{""src"":""g4.png"",""x"":452,""y"":119.00000000000003}]",1,"SV","SV",0,1,"inanimate"
"8.7",8,"A3F52KE1584441","chrome","2015-05-27 00:38:49.953443","{""Q0"":""Very interesting. Thank you!"",""Q1"":""No."",""Q2"":""No."",""Q3"":""Yes.""}",7,"girl-elbowing-oldlady.mp4","S:g15 O:g6 V:g5","[{""src"":""g15.png"",""x"":451,""y"":0},{""src"":""g5.png"",""x"":452.0000305175781,""y"":103.00000000000003},{""src"":""g6.png"",""x"":454.0000305175781,""y"":205.00000000000003}]",1,"SVO","SVO",1,1,"animate"
"8.8",8,"A3F52KE1584441","chrome","2015-05-27 00:38:49.953443","{""Q0"":""Very interesting. Thank you!"",""Q1"":""No."",""Q2"":""No."",""Q3"":""Yes.""}",8,"girl-throwing-oldlady.mp4","S:g15 O:g6 V:g2","[{""src"":""g15.png"",""x"":444.0000305175781,""y"":0},{""src"":""g2.png"",""x"":443,""y"":106.00000000000003},{""src"":""g6.png"",""x"":443.0000305175781,""y"":212.00000000000003}]",1,"SVO","SVO",1,1,"animate"
"8.10",8,"A3F52KE1584441","chrome","2015-05-27 00:38:49.953443","{""Q0"":""Very interesting. Thank you!"",""Q1"":""No."",""Q2"":""No."",""Q3"":""Yes.""}",10,"girl-rubbing-heart.mp4","S:g15 O:g11 V:g14","[{""src"":""g15.png"",""x"":450.0000305175781,""y"":88.00000000000003},{""src"":""g11.png"",""x"":453,""y"":192.00000000000003},{""src"":""g14.png"",""x"":450.0000305175781,""y"":0},{""src"":""g15.png"",""x"":450.0000305175781,""y"":102.00000000000003},{""src"":""g11.png"",""x"":452.0000305175781,""y"":206.00000000000003}]",1,"SOVSO","SOV",1,1,NA
"8.11",8,"A3F52KE1584441","chrome","2015-05-27 00:38:49.953443","{""Q0"":""Very interesting. Thank you!"",""Q1"":""No."",""Q2"":""No."",""Q3"":""Yes.""}",11,"ball-rolling-none.mp4","S:g10 O:none V:g4","[{""src"":""g4.png"",""x"":442.0000305175781,""y"":192.00000000000003},{""src"":""g10.png"",""x"":449.0000305175781,""y"":35.00000000000003},{""src"":""g4.png"",""x"":449.0000305175781,""y"":136.00000000000003}]",1,"VSV","VS",0,1,"inanimate"
"8.12",8,"A3F52KE1584441","chrome","2015-05-27 00:38:49.953443","{""Q0"":""Very interesting. Thank you!"",""Q1"":""No."",""Q2"":""No."",""Q3"":""Yes.""}",12,"boy-kicking-ball.mp4","S:g7 O:g10 V:g9","[{""src"":""g10.png"",""x"":434,""y"":202.000015258789},{""src"":""g7.png"",""x"":436,""y"":0},{""src"":""g9.png"",""x"":437.0000305175781,""y"":104.000015258789},{""src"":""g10.png"",""x"":437.0000305175781,""y"":212.00001525878906}]",1,"OSVO","OSV",1,1,NA
"8.14",8,"A3F52KE1584441","chrome","2015-05-27 00:38:49.953443","{""Q0"":""Very interesting. Thank you!"",""Q1"":""No."",""Q2"":""No."",""Q3"":""Yes.""}",14,"boy-lifting-girl.mp4","S:g7 O:g15 V:g16","[{""src"":""g7.png"",""x"":440.0000305175781,""y"":0},{""src"":""g16.png"",""x"":442.0000305175781,""y"":102.00000000000003},{""src"":""g15.png"",""x"":444.0000305175781,""y"":202.00000000000003}]",1,"SVO","SVO",1,1,"animate"
"8.15",8,"A3F52KE1584441","chrome","2015-05-27 00:38:49.953443","{""Q0"":""Very interesting. Thank you!"",""Q1"":""No."",""Q2"":""No."",""Q3"":""Yes.""}",15,"oldlady-kissing-ball.mp4","S:g6 O:g10 V:g12","[{""src"":""g10.png"",""x"":439,""y"":203.00000000000003},{""src"":""g12.png"",""x"":440.0000305175781,""y"":100.00000000000003},{""src"":""g6.png"",""x"":436,""y"":0}]",1,"OVS","OVS",1,1,NA
"8.16",8,"A3F52KE1584441","chrome","2015-05-27 00:38:49.953443","{""Q0"":""Very interesting. Thank you!"",""Q1"":""No."",""Q2"":""No."",""Q3"":""Yes.""}",16,"girl-kissing-boy.mp4","S:g15 O:g7 V:g12","[{""src"":""g12.png"",""x"":444.0000305175781,""y"":98.00000000000003},{""src"":""g7.png"",""x"":445,""y"":205.00000000000003},{""src"":""g15.png"",""x"":440.0000305175781,""y"":0}]",1,"VOS","VOS",1,1,"animate"
"8.19",8,"A3F52KE1584441","chrome","2015-05-27 00:38:49.953443","{""Q0"":""Very interesting. Thank you!"",""Q1"":""No."",""Q2"":""No."",""Q3"":""Yes.""}",19,"car-rolling-none.mp4","S:g8 O:none V:g4","[{""src"":""g8.png"",""x"":438.0000305175781,""y"":0},{""src"":""g4.png"",""x"":437.0000305175781,""y"":143.00000000000003}]",1,"SV","SV",0,1,"inanimate"
"8.21",8,"A3F52KE1584441","chrome","2015-05-27 00:38:49.953443","{""Q0"":""Very interesting. Thank you!"",""Q1"":""No."",""Q2"":""No."",""Q3"":""Yes.""}",21,"girl-pushing-car.mp4","S:g15 O:g8 V:g13","[{""src"":""g13.png"",""x"":448.0000305175781,""y"":93.00000000000003},{""src"":""g8.png"",""x"":452.0000305175781,""y"":194.00000000000003},{""src"":""g15.png"",""x"":446,""y"":0},{""src"":""g13.png"",""x"":444.0000305175781,""y"":97.00000000000003}]",1,"VOSV","VOS",1,1,NA
"8.22",8,"A3F52KE1584441","chrome","2015-05-27 00:38:49.953443","{""Q0"":""Very interesting. Thank you!"",""Q1"":""No."",""Q2"":""No."",""Q3"":""Yes.""}",22,"oldlady-elbowing-heart.mp4","S:g6 O:g11 V:g5","[{""src"":""g6.png"",""x"":444.0000305175781,""y"":0},{""src"":""g11.png"",""x"":449.0000305175781,""y"":198.00000000000003},{""src"":""g5.png"",""x"":447.0000305175781,""y"":99.00000000000003}]",1,"SOV","SOV",1,1,NA
"3.1",3,"A3QJJR5Y3XE92N","chrome","2015-05-27 00:34:07.703384","{""Q0"":""no"",""Q1"":""no"",""Q2"":""no"",""Q3"":""yes""}",1,"PracticeImage","g8","[{""src"":""g8.png"",""x"":354,""y"":57}]",0,"G","G",0,1,NA
"3.2",3,"A3QJJR5Y3XE92N","chrome","2015-05-27 00:34:07.703384","{""Q0"":""no"",""Q1"":""no"",""Q2"":""no"",""Q3"":""yes""}",2,"PracticeImage","g2","[{""src"":""g2.png"",""x"":51,""y"":88},{""src"":""g2.png"",""x"":374,""y"":55}]",0,"GG","G",0,1,NA
"3.9",3,"A3QJJR5Y3XE92N","chrome","2015-05-27 00:34:07.703384","{""Q0"":""no"",""Q1"":""no"",""Q2"":""no"",""Q3"":""yes""}",9,"girl-pushing-car.mp4","S:g15 O:g8 V:g12","[{""src"":""g15.png"",""x"":423,""y"":0},{""src"":""g8.png"",""x"":482,""y"":43},{""src"":""g12.png"",""x"":431,""y"":130}]",1,"SOV","SOV",1,1,NA
"3.10",3,"A3QJJR5Y3XE92N","chrome","2015-05-27 00:34:07.703384","{""Q0"":""no"",""Q1"":""no"",""Q2"":""no"",""Q3"":""yes""}",10,"girl-tumbling-none.mp4","S:g15 O:none V:g3","[{""src"":""g15.png"",""x"":420,""y"":44},{""src"":""g3.png"",""x"":459,""y"":144}]",1,"SV","SV",0,1,"inanimate"
"3.12",3,"A3QJJR5Y3XE92N","chrome","2015-05-27 00:34:07.703384","{""Q0"":""no"",""Q1"":""no"",""Q2"":""no"",""Q3"":""yes""}",12,"girl-rubbing-heart.mp4","S:g15 O:g16 V:g14","[{""src"":""g15.png"",""x"":461,""y"":0},{""src"":""g5.png"",""x"":388,""y"":94},{""src"":""g16.png"",""x"":512,""y"":121},{""src"":""g5.png"",""x"":298,""y"":499},{""src"":""g14.png"",""x"":426,""y"":123}]",1,"SOV","SOV",1,1,NA
"3.13",3,"A3QJJR5Y3XE92N","chrome","2015-05-27 00:34:07.703384","{""Q0"":""no"",""Q1"":""no"",""Q2"":""no"",""Q3"":""yes""}",13,"oldlady-kissing-ball.mp4","S:g2 O:g11 V:g4","[{""src"":""g2.png"",""x"":414,""y"":2},{""src"":""g11.png"",""x"":490,""y"":15},{""src"":""g4.png"",""x"":452,""y"":83}]",1,"SOV","SOV",1,1,NA
"3.14",3,"A3QJJR5Y3XE92N","chrome","2015-05-27 00:34:07.703384","{""Q0"":""no"",""Q1"":""no"",""Q2"":""no"",""Q3"":""yes""}",14,"ball-rolling-none.mp4","S:g11 O:none V:g5","[{""src"":""g11.png"",""x"":433,""y"":12},{""src"":""g5.png"",""x"":439,""y"":111}]",1,"SV","SV",0,1,"inanimate"
"3.16",3,"A3QJJR5Y3XE92N","chrome","2015-05-27 00:34:07.703384","{""Q0"":""no"",""Q1"":""no"",""Q2"":""no"",""Q3"":""yes""}",16,"oldlady-rubbing-fireman.mp4","S:g2 O:g10 V:g14","[{""src"":""g10.png"",""x"":452,""y"":28},{""src"":""g14.png"",""x"":397,""y"":51},{""src"":""g2.png"",""x"":451,""y"":126}]",1,"OVS","OVS",1,1,"animate"
"3.17",3,"A3QJJR5Y3XE92N","chrome","2015-05-27 00:34:07.703384","{""Q0"":""no"",""Q1"":""no"",""Q2"":""no"",""Q3"":""yes""}",17,"boy-rolling-none.mp4","S:g1 O:none V:g5","[{""src"":""g5.png"",""x"":473,""y"":54},{""src"":""g1.png"",""x"":397,""y"":62}]",1,"VS","VS",0,1,"inanimate"
"3.19",3,"A3QJJR5Y3XE92N","chrome","2015-05-27 00:34:07.703384","{""Q0"":""no"",""Q1"":""no"",""Q2"":""no"",""Q3"":""yes""}",19,"fireman-lifting-car.mp4","S:g10 O:g8 V:g9","[{""src"":""g8.png"",""x"":448,""y"":66},{""src"":""g10.png"",""x"":432,""y"":22},{""src"":""g9.png"",""x"":460,""y"":118}]",1,"OSV","OSV",1,1,NA
"3.20",3,"A3QJJR5Y3XE92N","chrome","2015-05-27 00:34:07.703384","{""Q0"":""no"",""Q1"":""no"",""Q2"":""no"",""Q3"":""yes""}",20,"fireman-kicking-girl.mp4","S:g10 O:g15 V:g6","[{""src"":""g15.png"",""x"":466,""y"":68},{""src"":""g10.png"",""x"":390,""y"":51},{""src"":""g6.png"",""x"":436,""y"":111}]",1,"OSV","OSV",1,1,"animate"
"2.1",2,"A610SH5RY1NG1","firefox","2015-05-27 00:34:00.639755","{""Q0"":""it was funny"",""Q1"":""nope"",""Q2"":""yes"",""Q3"":""somewhat""}",1,"PracticeImage","g8","[{""src"":""g8.png"",""x"":653,""y"":71.99996948242188},{""src"":""g8.png"",""x"":109,""y"":63},{""src"":""g8.png"",""x"":324,""y"":69},{""src"":""g8.png"",""x"":345,""y"":53}]",0,"GGGG","G",0,1,NA
"2.2",2,"A610SH5RY1NG1","firefox","2015-05-27 00:34:00.639755","{""Q0"":""it was funny"",""Q1"":""nope"",""Q2"":""yes"",""Q3"":""somewhat""}",2,"PracticeImage","g12","[{""src"":""g12.png"",""x"":362,""y"":68.99996948242188}]",0,"G","G",0,1,NA
"2.4",2,"A610SH5RY1NG1","firefox","2015-05-27 00:34:00.639755","{""Q0"":""it was funny"",""Q1"":""nope"",""Q2"":""yes"",""Q3"":""somewhat""}",4,"girl-pushing-ball.mp4","S:g4 O:g14 V:g2","[{""src"":""g4.png"",""x"":25,""y"":99.99996948242188},{""src"":""g2.png"",""x"":153,""y"":101.99996948242188},{""src"":""g14.png"",""x"":300,""y"":101.99996948242188}]",0,"SVO","SVO",1,1,NA
"2.5",2,"A610SH5RY1NG1","firefox","2015-05-27 00:34:00.639755","{""Q0"":""it was funny"",""Q1"":""nope"",""Q2"":""yes"",""Q3"":""somewhat""}",5,"fireman-throwing-ball.mp4","S:g5 O:g14 V:g6","[{""src"":""g5.png"",""x"":139,""y"":96.99996948242188},{""src"":""g6.png"",""x"":285,""y"":97.99996948242188},{""src"":""g14.png"",""x"":419,""y"":86.99996948242188}]",1,"SVO","SVO",1,1,NA
"2.6",2,"A610SH5RY1NG1","firefox","2015-05-27 00:34:00.639755","{""Q0"":""it was funny"",""Q1"":""nope"",""Q2"":""yes"",""Q3"":""somewhat""}",6,"fireman-pushing-boy.mp4","S:g5 O:g13 V:g2","[{""src"":""g5.png"",""x"":154,""y"":126.99996948242188},{""src"":""g2.png"",""x"":295,""y"":131.99996948242188},{""src"":""g13.png"",""x"":435,""y"":129.99996948242188}]",1,"SVO","SVO",1,1,"animate"
"2.7",2,"A610SH5RY1NG1","firefox","2015-05-27 00:34:00.639755","{""Q0"":""it was funny"",""Q1"":""nope"",""Q2"":""yes"",""Q3"":""somewhat""}",7,"boy-kicking-ball.mp4","S:g13 O:g14 V:g11","[{""src"":""g13.png"",""x"":156,""y"":104.99996948242188},{""src"":""g11.png"",""x"":309,""y"":105.99996948242188},{""src"":""g14.png"",""x"":471,""y"":94.99996948242188}]",1,"SVO","SVO",1,1,NA
"2.8",2,"A610SH5RY1NG1","firefox","2015-05-27 00:34:00.639755","{""Q0"":""it was funny"",""Q1"":""nope"",""Q2"":""yes"",""Q3"":""somewhat""}",8,"girl-tumbling-none.mp4","S:g4 O:none V:g10","[{""src"":""g4.png"",""x"":190,""y"":110.99996948242188},{""src"":""g10.png"",""x"":326,""y"":110.99996948242188}]",1,"SV","SV",0,1,"inanimate"
"2.9",2,"A610SH5RY1NG1","firefox","2015-05-27 00:34:00.639755","{""Q0"":""it was funny"",""Q1"":""nope"",""Q2"":""yes"",""Q3"":""somewhat""}",9,"boy-rolling-none.mp4","S:g13 O:none V:g16","[{""src"":""g13.png"",""x"":273,""y"":150.99996948242188},{""src"":""g16.png"",""x"":414,""y"":150.99996948242188}]",1,"SV","SV",0,1,"inanimate"
"2.10",2,"A610SH5RY1NG1","firefox","2015-05-27 00:34:00.639755","{""Q0"":""it was funny"",""Q1"":""nope"",""Q2"":""yes"",""Q3"":""somewhat""}",10,"oldlady-rubbing-fireman.mp4","S:g12 O:g5 V:g3","[{""src"":""g12.png"",""x"":181,""y"":105.99996948242188},{""src"":""g3.png"",""x"":307,""y"":105.99996948242188},{""src"":""g5.png"",""x"":438,""y"":107.99996948242188}]",1,"SVO","SVO",1,1,"animate"
"2.11",2,"A610SH5RY1NG1","firefox","2015-05-27 00:34:00.639755","{""Q0"":""it was funny"",""Q1"":""nope"",""Q2"":""yes"",""Q3"":""somewhat""}",11,"girl-pushing-car.mp4","S:g4 O:g8 V:g2","[{""src"":""g4.png"",""x"":224,""y"":121.99996948242188},{""src"":""g2.png"",""x"":347,""y"":119.99996948242188},{""src"":""g8.png"",""x"":467,""y"":114.99996948242188}]",1,"SVO","SVO",1,1,NA
"2.12",2,"A610SH5RY1NG1","firefox","2015-05-27 00:34:00.639755","{""Q0"":""it was funny"",""Q1"":""nope"",""Q2"":""yes"",""Q3"":""somewhat""}",12,"girl-throwing-oldlady.mp4","S:g4 O:g12 V:g6","[{""src"":""g4.png"",""x"":318,""y"":145.99996948242188},{""src"":""g6.png"",""x"":433,""y"":144.99996948242188},{""src"":""g12.png"",""x"":554,""y"":152.99996948242188}]",1,"SVO","SVO",1,1,"animate"
"2.13",2,"A610SH5RY1NG1","firefox","2015-05-27 00:34:00.639755","{""Q0"":""it was funny"",""Q1"":""nope"",""Q2"":""yes"",""Q3"":""somewhat""}",13,"girl-rubbing-heart.mp4","S:g4 O:g15 V:g3","[{""src"":""g4.png"",""x"":230,""y"":130.99996948242188},{""src"":""g3.png"",""x"":351,""y"":131.99996948242188},{""src"":""g15.png"",""x"":485,""y"":126.99996948242188}]",1,"SVO","SVO",1,1,NA
"2.14",2,"A610SH5RY1NG1","firefox","2015-05-27 00:34:00.639755","{""Q0"":""it was funny"",""Q1"":""nope"",""Q2"":""yes"",""Q3"":""somewhat""}",14,"ball-rolling-none.mp4","S:g14 O:none V:g16","[{""src"":""g14.png"",""x"":333,""y"":117.99996948242188},{""src"":""g16.png"",""x"":466,""y"":111.99996948242188}]",1,"SV","SV",0,1,"inanimate"
"2.15",2,"A610SH5RY1NG1","firefox","2015-05-27 00:34:00.639755","{""Q0"":""it was funny"",""Q1"":""nope"",""Q2"":""yes"",""Q3"":""somewhat""}",15,"boy-lifting-girl.mp4","S:g13 O:g4 V:g9","[{""src"":""g13.png"",""x"":203,""y"":110.99996948242188},{""src"":""g9.png"",""x"":332,""y"":105.99996948242188},{""src"":""g4.png"",""x"":460,""y"":98.99996948242188}]",1,"SVO","SVO",1,1,"animate"
"2.16",2,"A610SH5RY1NG1","firefox","2015-05-27 00:34:00.639755","{""Q0"":""it was funny"",""Q1"":""nope"",""Q2"":""yes"",""Q3"":""somewhat""}",16,"girl-elbowing-oldlady.mp4","S:g4 O:g12 V:g7","[{""src"":""g13.png"",""x"":599,""y"":503},{""src"":""g4.png"",""x"":153,""y"":124.99996948242188},{""src"":""g7.png"",""x"":298,""y"":128.99996948242188},{""src"":""g12.png"",""x"":453,""y"":132.99996948242188}]",1,"SVO","SVO",1,1,"animate"
"2.17",2,"A610SH5RY1NG1","firefox","2015-05-27 00:34:00.639755","{""Q0"":""it was funny"",""Q1"":""nope"",""Q2"":""yes"",""Q3"":""somewhat""}",17,"fireman-kicking-girl.mp4","S:g5 O:g4 V:g11","[{""src"":""g5.png"",""x"":289,""y"":122.99996948242188},{""src"":""g11.png"",""x"":415,""y"":127.99996948242188},{""src"":""g4.png"",""x"":557,""y"":116.99996948242188}]",1,"SVO","SVO",1,1,"animate"
"2.18",2,"A610SH5RY1NG1","firefox","2015-05-27 00:34:00.639755","{""Q0"":""it was funny"",""Q1"":""nope"",""Q2"":""yes"",""Q3"":""somewhat""}",18,"fireman-lifting-car.mp4","S:g5 O:g8 V:g9","[{""src"":""g5.png"",""x"":191,""y"":86.99996948242188},{""src"":""g9.png"",""x"":329,""y"":90.99996948242188},{""src"":""g8.png"",""x"":444,""y"":112.99996948242188}]",1,"SVO","SVO",1,1,NA
"2.19",2,"A610SH5RY1NG1","firefox","2015-05-27 00:34:00.639755","{""Q0"":""it was funny"",""Q1"":""nope"",""Q2"":""yes"",""Q3"":""somewhat""}",19,"car-rolling-none.mp4","S:g8 O:none V:g16","[{""src"":""g8.png"",""x"":168,""y"":85.99996948242188},{""src"":""g16.png"",""x"":326,""y"":105.99996948242188}]",1,"SV","SV",0,1,"inanimate"
"2.20",2,"A610SH5RY1NG1","firefox","2015-05-27 00:34:00.639755","{""Q0"":""it was funny"",""Q1"":""nope"",""Q2"":""yes"",""Q3"":""somewhat""}",20,"girl-kissing-boy.mp4","S:g4 O:g13 V:g1","[{""src"":""g5.png"",""x"":302,""y"":393.9999694824219},{""src"":""g4.png"",""x"":227,""y"":64.99996948242188},{""src"":""g5.png"",""x"":301,""y"":398.9999694824219},{""src"":""g1.png"",""x"":354,""y"":64.99996948242188},{""src"":""g13.png"",""x"":481,""y"":64.99996948242188}]",1,"SVOO","SVO",1,1,"animate"
"2.21",2,"A610SH5RY1NG1","firefox","2015-05-27 00:34:00.639755","{""Q0"":""it was funny"",""Q1"":""nope"",""Q2"":""yes"",""Q3"":""somewhat""}",21,"oldlady-elbowing-heart.mp4","S:g12 O:g15 V:g7","[{""src"":""g12.png"",""x"":160,""y"":101.99996948242188},{""src"":""g7.png"",""x"":285,""y"":96.99996948242188},{""src"":""g15.png"",""x"":417,""y"":93.99996948242188}]",1,"SVO","SVO",1,1,NA
"2.22",2,"A610SH5RY1NG1","firefox","2015-05-27 00:34:00.639755","{""Q0"":""it was funny"",""Q1"":""nope"",""Q2"":""yes"",""Q3"":""somewhat""}",22,"oldlady-kissing-ball.mp4","S:g12 O:g14 V:g1","[{""src"":""g12.png"",""x"":270,""y"":98.99996948242188},{""src"":""g1.png"",""x"":379,""y"":96.99996948242188},{""src"":""g14.png"",""x"":491,""y"":96.99996948242188}]",1,"SSVOO","SVO",1,1,NA
"15.1",15,"A77K8W55MJEKX","firefox","2015-05-27 06:14:35.815122","{""Q0"":"""",""Q1"":""no"",""Q2"":""no"",""Q3"":""tried to relate the pictures with certain words""}",1,"PracticeImage","g14","[{""src"":""g14.png"",""x"":286,""y"":98.99996948242188}]",0,"G","G",0,1,NA
"15.2",15,"A77K8W55MJEKX","firefox","2015-05-27 06:14:35.815122","{""Q0"":"""",""Q1"":""no"",""Q2"":""no"",""Q3"":""tried to relate the pictures with certain words""}",2,"PracticeImage","g10","[{""src"":""g10.png"",""x"":84,""y"":65.99996948242188}]",0,"G","G",0,1,NA
"15.4",15,"A77K8W55MJEKX","firefox","2015-05-27 06:14:35.815122","{""Q0"":"""",""Q1"":""no"",""Q2"":""no"",""Q3"":""tried to relate the pictures with certain words""}",4,"car-tumbling-none.mp4","S:g10 O:none V:g7","[{""src"":""g10.png"",""x"":72,""y"":75.99996948242188},{""src"":""g7.png"",""x"":182,""y"":72.99996948242188}]",0,"SV","SV",0,1,"inanimate"
"15.5",15,"A77K8W55MJEKX","firefox","2015-05-27 06:14:35.815122","{""Q0"":"""",""Q1"":""no"",""Q2"":""no"",""Q3"":""tried to relate the pictures with certain words""}",5,"ball-rolling-none.mp4","S:g16 O:none V:g6","[{""src"":""g16.png"",""x"":44,""y"":96.99996948242188},{""src"":""g6.png"",""x"":183,""y"":109.99996948242188}]",1,"SV","SV",0,1,"inanimate"
"15.7",15,"A77K8W55MJEKX","firefox","2015-05-27 06:14:35.815122","{""Q0"":"""",""Q1"":""no"",""Q2"":""no"",""Q3"":""tried to relate the pictures with certain words""}",7,"oldlady-rubbing-fireman.mp4","S:g14 O:g4 V:g11","[{""src"":""g14.png"",""x"":98,""y"":129.99996948242188},{""src"":""g11.png"",""x"":193,""y"":128.99996948242188},{""src"":""g4.png"",""x"":279,""y"":134.99996948242188}]",1,"SVO","SVO",1,1,"animate"
"15.8",15,"A77K8W55MJEKX","firefox","2015-05-27 06:14:35.815122","{""Q0"":"""",""Q1"":""no"",""Q2"":""no"",""Q3"":""tried to relate the pictures with certain words""}",8,"oldlady-elbowing-heart.mp4","S:g14 O:g9 V:g12","[{""src"":""g14.png"",""x"":29,""y"":158.99996948242188},{""src"":""g12.png"",""x"":144,""y"":154.99996948242188},{""src"":""g9.png"",""x"":250,""y"":144.99996948242188}]",1,"SVO","SVO",1,1,NA
"15.9",15,"A77K8W55MJEKX","firefox","2015-05-27 06:14:35.815122","{""Q0"":"""",""Q1"":""no"",""Q2"":""no"",""Q3"":""tried to relate the pictures with certain words""}",9,"fireman-lifting-car.mp4","S:g4 O:g10 V:g2","[{""src"":""g4.png"",""x"":24,""y"":157.99996948242188},{""src"":""g2.png"",""x"":110,""y"":155.99996948242188},{""src"":""g10.png"",""x"":228,""y"":167.99996948242188}]",1,"SVO","SVO",1,1,NA
"15.10",15,"A77K8W55MJEKX","firefox","2015-05-27 06:14:35.815122","{""Q0"":"""",""Q1"":""no"",""Q2"":""no"",""Q3"":""tried to relate the pictures with certain words""}",10,"fireman-kicking-girl.mp4","S:g4 O:g3 V:g1","[{""src"":""g4.png"",""x"":38,""y"":187.99996948242188},{""src"":""g1.png"",""x"":163,""y"":167.99996948242188},{""src"":""g3.png"",""x"":303,""y"":184.99996948242188}]",1,"SVO","SVO",1,1,"animate"
"15.11",15,"A77K8W55MJEKX","firefox","2015-05-27 06:14:35.815122","{""Q0"":"""",""Q1"":""no"",""Q2"":""no"",""Q3"":""tried to relate the pictures with certain words""}",11,"fireman-pushing-boy.mp4","S:g4 O:g15 V:g5","[{""src"":""g4.png"",""x"":68,""y"":176.99996948242188},{""src"":""g10.png"",""x"":172,""y"":201.99996948242188},{""src"":""g10.png"",""x"":228,""y"":397},{""src"":""g5.png"",""x"":192,""y"":182.99996948242188},{""src"":""g15.png"",""x"":258,""y"":189.99996948242188}]",1,"SVO","SVO",1,1,"animate"
"15.12",15,"A77K8W55MJEKX","firefox","2015-05-27 06:14:35.815122","{""Q0"":"""",""Q1"":""no"",""Q2"":""no"",""Q3"":""tried to relate the pictures with certain words""}",12,"boy-kicking-ball.mp4","S:g15 O:g16 V:g1","[{""src"":""g15.png"",""x"":66,""y"":171.99996948242188},{""src"":""g1.png"",""x"":165,""y"":171.99996948242188},{""src"":""g16.png"",""x"":269,""y"":170.99996948242188}]",1,"SSVOO","SVO",1,1,NA
"15.13",15,"A77K8W55MJEKX","firefox","2015-05-27 06:14:35.815122","{""Q0"":"""",""Q1"":""no"",""Q2"":""no"",""Q3"":""tried to relate the pictures with certain words""}",13,"oldlady-kissing-ball.mp4","S:g14 O:g16 V:g8","[{""src"":""g14.png"",""x"":52,""y"":184.99996948242188},{""src"":""g8.png"",""x"":162,""y"":212.99996948242188},{""src"":""g8.png"",""x"":157,""y"":193},{""src"":""g16.png"",""x"":282,""y"":198.99996948242188}]",1,"SVVO","SVO",1,1,NA
"15.17",15,"A77K8W55MJEKX","firefox","2015-05-27 06:14:35.815122","{""Q0"":"""",""Q1"":""no"",""Q2"":""no"",""Q3"":""tried to relate the pictures with certain words""}",17,"girl-tumbling-none.mp4","S:g3 O:none V:g7","[{""src"":""g3.png"",""x"":110,""y"":137.99996948242188},{""src"":""g7.png"",""x"":215,""y"":141.99996948242188}]",1,"SV","SV",0,1,"inanimate"
