"","participant","workerId","browser","beginhit","feedback","cheated","NumQuizTries","LastQuizScore","trial.number","stimulus","t.time","glyphs","moves","isTestTrial","RawOrder","ShortRawOrder","IsTransitive","RawComplete","CleanOrder","CleanComplete","PassesPractice","Animacy","isVLat"
"1.5",1,"A1ZIAVRGKNMLEH","chrome","2015-05-27 00:33:45.025088","{""Q0"":""I tried to relate the symbols to things, like the heart was the smiley looking symbol and such."",""Q1"":""No, I did not. "",""Q2"":""No I did not."",""Q3"":""I think so, but I may have gotten a couple of them confused. ""}",0,"1","1",5,"fireman-kicking-girl.mp4",73274,"S:g2 O:g12 V:g11","[{""src"":""g12.png"",""x"":639,""y"":91},{""src"":""g4.png"",""x"":682,""y"":34},{""src"":""g6.png"",""x"":653,""y"":53}]",1,"OXY","OXY",1,1,"O",0,1,"animate",0
"1.6",1,"A1ZIAVRGKNMLEH","chrome","2015-05-27 00:33:45.025088","{""Q0"":""I tried to relate the symbols to things, like the heart was the smiley looking symbol and such."",""Q1"":""No, I did not. "",""Q2"":""No I did not."",""Q3"":""I think so, but I may have gotten a couple of them confused. ""}",0,"1","1",6,"fireman-pushing-boy.mp4",94974,"S:g2 O:g4 V:g6","[{""src"":""g4.png"",""x"":628,""y"":28},{""src"":""g12.png"",""x"":647,""y"":92},{""src"":""g6.png"",""x"":682,""y"":39}]",1,"OXV","OXV",1,1,"OV",0,1,"animate",0
"1.9",1,"A1ZIAVRGKNMLEH","chrome","2015-05-27 00:33:45.025088","{""Q0"":""I tried to relate the symbols to things, like the heart was the smiley looking symbol and such."",""Q1"":""No, I did not. "",""Q2"":""No I did not."",""Q3"":""I think so, but I may have gotten a couple of them confused. ""}",0,"1","1",9,"girl-throwing-oldlady.mp4",47530,"S:g12 O:g5 V:g7","[{""src"":""g12.png"",""x"":650,""y"":84},{""src"":""g5.png"",""x"":653,""y"":19},{""src"":""g7.png"",""x"":703,""y"":48}]",1,"SOV","SOV",1,1,"SOV",1,1,"animate",1
"1.10",1,"A1ZIAVRGKNMLEH","chrome","2015-05-27 00:33:45.025088","{""Q0"":""I tried to relate the symbols to things, like the heart was the smiley looking symbol and such."",""Q1"":""No, I did not. "",""Q2"":""No I did not."",""Q3"":""I think so, but I may have gotten a couple of them confused. ""}",0,"1","1",10,"girl-rubbing-heart.mp4",15403,"S:g12 O:g10 V:g14","[{""src"":""g10.png"",""x"":688,""y"":60},{""src"":""g14.png"",""x"":619,""y"":134},{""src"":""g12.png"",""x"":700,""y"":395},{""src"":""g12.png"",""x"":608,""y"":39}]",1,"OVSS","OVS",1,1,"OVS",1,1,"inanimate",0
"1.11",1,"A1ZIAVRGKNMLEH","chrome","2015-05-27 00:33:45.025088","{""Q0"":""I tried to relate the symbols to things, like the heart was the smiley looking symbol and such."",""Q1"":""No, I did not. "",""Q2"":""No I did not."",""Q3"":""I think so, but I may have gotten a couple of them confused. ""}",0,"1","1",11,"oldlady-kissing-ball.mp4",20906,"S:g5 O:g8 V:g16","[{""src"":""g16.png"",""x"":637,""y"":48},{""src"":""g5.png"",""x"":688,""y"":84},{""src"":""g8.png"",""x"":623,""y"":107}]",1,"VSO","VSO",1,1,"VSO",1,1,"inanimate",1
"1.13",1,"A1ZIAVRGKNMLEH","chrome","2015-05-27 00:33:45.025088","{""Q0"":""I tried to relate the symbols to things, like the heart was the smiley looking symbol and such."",""Q1"":""No, I did not. "",""Q2"":""No I did not."",""Q3"":""I think so, but I may have gotten a couple of them confused. ""}",0,"1","1",13,"fireman-throwing-ball.mp4",24836,"S:g2 O:g8 V:g7","[{""src"":""g2.png"",""x"":619,""y"":110},{""src"":""g8.png"",""x"":679,""y"":76},{""src"":""g7.png"",""x"":638,""y"":41}]",1,"SOV","SOV",1,1,"SOV",1,1,"inanimate",1
"1.14",1,"A1ZIAVRGKNMLEH","chrome","2015-05-27 00:33:45.025088","{""Q0"":""I tried to relate the symbols to things, like the heart was the smiley looking symbol and such."",""Q1"":""No, I did not. "",""Q2"":""No I did not."",""Q3"":""I think so, but I may have gotten a couple of them confused. ""}",0,"1","1",14,"girl-pushing-car.mp4",31381,"S:g12 O:g1 V:g6","[{""src"":""g12.png"",""x"":637,""y"":31},{""src"":""g1.png"",""x"":619,""y"":89},{""src"":""g7.png"",""x"":694,""y"":61}]",1,"SOX","SOX",1,1,"SO",0,1,"inanimate",0
"1.15",1,"A1ZIAVRGKNMLEH","chrome","2015-05-27 00:33:45.025088","{""Q0"":""I tried to relate the symbols to things, like the heart was the smiley looking symbol and such."",""Q1"":""No, I did not. "",""Q2"":""No I did not."",""Q3"":""I think so, but I may have gotten a couple of them confused. ""}",0,"1","1",15,"girl-elbowing-oldlady.mp4",18140,"S:g12 O:g5 V:g9","[{""src"":""g9.png"",""x"":663,""y"":72},{""src"":""g5.png"",""x"":637,""y"":101},{""src"":""g12.png"",""x"":648,""y"":0}]",1,"VOS","VOS",1,1,"VOS",1,1,"animate",1
"1.16",1,"A1ZIAVRGKNMLEH","chrome","2015-05-27 00:33:45.025088","{""Q0"":""I tried to relate the symbols to things, like the heart was the smiley looking symbol and such."",""Q1"":""No, I did not. "",""Q2"":""No I did not."",""Q3"":""I think so, but I may have gotten a couple of them confused. ""}",0,"1","1",16,"oldlady-rubbing-fireman.mp4",20314,"S:g5 O:g2 V:g14","[{""src"":""g16.png"",""x"":107,""y"":503},{""src"":""g5.png"",""x"":641,""y"":126},{""src"":""g2.png"",""x"":643,""y"":50},{""src"":""g14.png"",""x"":615,""y"":95}]",1,"XSOV","XSOV",1,1,"SOV",1,1,"animate",1
"1.17",1,"A1ZIAVRGKNMLEH","chrome","2015-05-27 00:33:45.025088","{""Q0"":""I tried to relate the symbols to things, like the heart was the smiley looking symbol and such."",""Q1"":""No, I did not. "",""Q2"":""No I did not."",""Q3"":""I think so, but I may have gotten a couple of them confused. ""}",0,"1","1",17,"girl-kissing-boy.mp4",35806,"S:g12 O:g4 V:g16","[{""src"":""g12.png"",""x"":666,""y"":69},{""src"":""g4.png"",""x"":642,""y"":96},{""src"":""g16.png"",""x"":642,""y"":24}]",1,"SOV","SOV",1,1,"SOV",1,1,"animate",1
"1.18",1,"A1ZIAVRGKNMLEH","chrome","2015-05-27 00:33:45.025088","{""Q0"":""I tried to relate the symbols to things, like the heart was the smiley looking symbol and such."",""Q1"":""No, I did not. "",""Q2"":""No I did not."",""Q3"":""I think so, but I may have gotten a couple of them confused. ""}",0,"1","1",18,"oldlady-elbowing-heart.mp4",12180,"S:g5 O:g10 V:g9","[{""src"":""g10.png"",""x"":653,""y"":76},{""src"":""g9.png"",""x"":613,""y"":47},{""src"":""g5.png"",""x"":670,""y"":12}]",1,"OVS","OVS",1,1,"OVS",1,1,"inanimate",0
"1.19",1,"A1ZIAVRGKNMLEH","chrome","2015-05-27 00:33:45.025088","{""Q0"":""I tried to relate the symbols to things, like the heart was the smiley looking symbol and such."",""Q1"":""No, I did not. "",""Q2"":""No I did not."",""Q3"":""I think so, but I may have gotten a couple of them confused. ""}",0,"1","1",19,"fireman-lifting-car.mp4",23811,"S:g2 O:g1 V:g15","[{""src"":""g2.png"",""x"":663,""y"":69},{""src"":""g1.png"",""x"":627,""y"":65},{""src"":""g15.png"",""x"":649,""y"":28}]",1,"SOO","SO",1,0,"SO",0,1,"inanimate",0
"1.20",1,"A1ZIAVRGKNMLEH","chrome","2015-05-27 00:33:45.025088","{""Q0"":""I tried to relate the symbols to things, like the heart was the smiley looking symbol and such."",""Q1"":""No, I did not. "",""Q2"":""No I did not."",""Q3"":""I think so, but I may have gotten a couple of them confused. ""}",0,"1","1",20,"boy-lifting-girl.mp4",30361,"S:g4 O:g12 V:g15","[{""src"":""g15.png"",""x"":626,""y"":80},{""src"":""g4.png"",""x"":702,""y"":72},{""src"":""g12.png"",""x"":608,""y"":11}]",1,"VSO","VSO",1,1,"VSO",1,1,"animate",1
"1.21",1,"A1ZIAVRGKNMLEH","chrome","2015-05-27 00:33:45.025088","{""Q0"":""I tried to relate the symbols to things, like the heart was the smiley looking symbol and such."",""Q1"":""No, I did not. "",""Q2"":""No I did not."",""Q3"":""I think so, but I may have gotten a couple of them confused. ""}",0,"1","1",21,"boy-kicking-ball.mp4",23276,"S:g4 O:g8 V:g11","[{""src"":""g11.png"",""x"":654,""y"":116},{""src"":""g8.png"",""x"":646,""y"":39},{""src"":""g4.png"",""x"":594,""y"":61}]",1,"VOS","VOS",1,1,"VOS",1,1,"inanimate",1
"3.5",3,"A3QJJR5Y3XE92N","chrome","2015-05-27 00:34:07.703384","{""Q0"":""no"",""Q1"":""no"",""Q2"":""no"",""Q3"":""yes""}",0,"1","1",5,"boy-lifting-girl.mp4",25705,"S:g1 O:g15 V:g9","[{""src"":""g15.png"",""x"":432,""y"":33},{""src"":""g12.png"",""x"":302,""y"":399},{""src"":""g1.png"",""x"":513,""y"":31},{""src"":""g9.png"",""x"":495,""y"":119}]",1,"SSSV","SV",1,0,"SV",0,1,"animate",0
"3.6",3,"A3QJJR5Y3XE92N","chrome","2015-05-27 00:34:07.703384","{""Q0"":""no"",""Q1"":""no"",""Q2"":""no"",""Q3"":""yes""}",0,"1","1",6,"girl-throwing-oldlady.mp4",23023,"S:g15 O:g2 V:g13","[{""src"":""g15.png"",""x"":405,""y"":33},{""src"":""g2.png"",""x"":489,""y"":30},{""src"":""g9.png"",""x"":448,""y"":134}]",1,"SOX","SOX",1,1,"SO",0,1,"animate",0
"3.7",3,"A3QJJR5Y3XE92N","chrome","2015-05-27 00:34:07.703384","{""Q0"":""no"",""Q1"":""no"",""Q2"":""no"",""Q3"":""yes""}",0,"1","1",7,"boy-kicking-ball.mp4",23129,"S:g1 O:g11 V:g6","[{""src"":""g1.png"",""x"":445,""y"":8},{""src"":""g11.png"",""x"":454,""y"":87},{""src"":""g6.png"",""x"":465,""y"":145}]",1,"SSV","SV",1,0,"SV",0,1,"inanimate",0
"3.9",3,"A3QJJR5Y3XE92N","chrome","2015-05-27 00:34:07.703384","{""Q0"":""no"",""Q1"":""no"",""Q2"":""no"",""Q3"":""yes""}",0,"1","1",9,"girl-pushing-car.mp4",28566,"S:g15 O:g8 V:g12","[{""src"":""g15.png"",""x"":423,""y"":0},{""src"":""g8.png"",""x"":482,""y"":43},{""src"":""g12.png"",""x"":431,""y"":130}]",1,"SOV","SOV",1,1,"SOV",1,1,"inanimate",1
"3.11",3,"A3QJJR5Y3XE92N","chrome","2015-05-27 00:34:07.703384","{""Q0"":""no"",""Q1"":""no"",""Q2"":""no"",""Q3"":""yes""}",0,"1","1",11,"fireman-pushing-boy.mp4",24830,"S:g10 O:g1 V:g12","[{""src"":""g10.png"",""x"":464,""y"":3},{""src"":""g1.png"",""x"":463,""y"":87},{""src"":""g12.png"",""x"":426,""y"":135}]",1,"SOO","SO",1,0,"SO",0,1,"animate",0
"3.12",3,"A3QJJR5Y3XE92N","chrome","2015-05-27 00:34:07.703384","{""Q0"":""no"",""Q1"":""no"",""Q2"":""no"",""Q3"":""yes""}",0,"1","1",12,"girl-rubbing-heart.mp4",34888,"S:g15 O:g16 V:g14","[{""src"":""g15.png"",""x"":461,""y"":0},{""src"":""g5.png"",""x"":388,""y"":94},{""src"":""g16.png"",""x"":512,""y"":121},{""src"":""g5.png"",""x"":298,""y"":499},{""src"":""g14.png"",""x"":426,""y"":123}]",1,"SXOXV","SXOV",1,1,"SOV",1,1,"inanimate",1
"3.13",3,"A3QJJR5Y3XE92N","chrome","2015-05-27 00:34:07.703384","{""Q0"":""no"",""Q1"":""no"",""Q2"":""no"",""Q3"":""yes""}",0,"1","1",13,"oldlady-kissing-ball.mp4",40078,"S:g2 O:g11 V:g4","[{""src"":""g2.png"",""x"":414,""y"":2},{""src"":""g11.png"",""x"":490,""y"":15},{""src"":""g4.png"",""x"":452,""y"":83}]",1,"SOV","SOV",1,1,"SOV",1,1,"inanimate",1
"3.15",3,"A3QJJR5Y3XE92N","chrome","2015-05-27 00:34:07.703384","{""Q0"":""no"",""Q1"":""no"",""Q2"":""no"",""Q3"":""yes""}",0,"1","1",15,"girl-elbowing-oldlady.mp4",23505,"S:g15 O:g2 V:g7","[{""src"":""g2.png"",""x"":462,""y"":9},{""src"":""g15.png"",""x"":437,""y"":60},{""src"":""g14.png"",""x"":471,""y"":146}]",1,"OSX","OSX",1,1,"OS",0,1,"animate",0
"3.16",3,"A3QJJR5Y3XE92N","chrome","2015-05-27 00:34:07.703384","{""Q0"":""no"",""Q1"":""no"",""Q2"":""no"",""Q3"":""yes""}",0,"1","1",16,"oldlady-rubbing-fireman.mp4",21064,"S:g2 O:g10 V:g14","[{""src"":""g10.png"",""x"":452,""y"":28},{""src"":""g14.png"",""x"":397,""y"":51},{""src"":""g2.png"",""x"":451,""y"":126}]",1,"OVS","OVS",1,1,"OVS",1,1,"animate",0
"3.18",3,"A3QJJR5Y3XE92N","chrome","2015-05-27 00:34:07.703384","{""Q0"":""no"",""Q1"":""no"",""Q2"":""no"",""Q3"":""yes""}",0,"1","1",18,"fireman-throwing-ball.mp4",18133,"S:g10 O:g11 V:g13","[{""src"":""g10.png"",""x"":434,""y"":0},{""src"":""g11.png"",""x"":439,""y"":68},{""src"":""g12.png"",""x"":462,""y"":143}]",1,"SOX","SOX",1,1,"SO",0,1,"inanimate",0
"3.19",3,"A3QJJR5Y3XE92N","chrome","2015-05-27 00:34:07.703384","{""Q0"":""no"",""Q1"":""no"",""Q2"":""no"",""Q3"":""yes""}",0,"1","1",19,"fireman-lifting-car.mp4",22461,"S:g10 O:g8 V:g9","[{""src"":""g8.png"",""x"":448,""y"":66},{""src"":""g10.png"",""x"":432,""y"":22},{""src"":""g9.png"",""x"":460,""y"":118}]",1,"OSV","OSV",1,1,"OSV",1,1,"inanimate",1
"3.20",3,"A3QJJR5Y3XE92N","chrome","2015-05-27 00:34:07.703384","{""Q0"":""no"",""Q1"":""no"",""Q2"":""no"",""Q3"":""yes""}",0,"1","1",20,"fireman-kicking-girl.mp4",14183,"S:g10 O:g15 V:g6","[{""src"":""g15.png"",""x"":466,""y"":68},{""src"":""g10.png"",""x"":390,""y"":51},{""src"":""g6.png"",""x"":436,""y"":111}]",1,"OSV","OSV",1,1,"OSV",1,1,"animate",1
"3.21",3,"A3QJJR5Y3XE92N","chrome","2015-05-27 00:34:07.703384","{""Q0"":""no"",""Q1"":""no"",""Q2"":""no"",""Q3"":""yes""}",0,"1","1",21,"girl-kissing-boy.mp4",26359,"S:g15 O:g1 V:g4","[{""src"":""g1.png"",""x"":416,""y"":41},{""src"":""g15.png"",""x"":488,""y"":37},{""src"":""g7.png"",""x"":474,""y"":113}]",1,"OSX","OSX",1,1,"OS",0,1,"animate",0
"3.22",3,"A3QJJR5Y3XE92N","chrome","2015-05-27 00:34:07.703384","{""Q0"":""no"",""Q1"":""no"",""Q2"":""no"",""Q3"":""yes""}",0,"1","1",22,"oldlady-elbowing-heart.mp4",28011,"S:g2 O:g16 V:g7","[{""src"":""g16.png"",""x"":466,""y"":20},{""src"":""g2.png"",""x"":397,""y"":34},{""src"":""g13.png"",""x"":458,""y"":106}]",1,"OSX","OSX",1,1,"OS",0,1,"inanimate",0
"4.5",4,"A25CAT0W9W97Z8","chrome","2015-05-27 00:34:07.826448","{""Q0"":""no"",""Q1"":""no"",""Q2"":""no"",""Q3"":""yes""}",0,"1","1",5,"girl-rubbing-heart.mp4",40170,"S:g8 O:g12 V:g13","[{""src"":""g8.png"",""x"":378,""y"":61},{""src"":""g13.png"",""x"":471,""y"":62},{""src"":""g12.png"",""x"":567,""y"":61}]",1,"SVO","SVO",1,1,"SVO",1,1,"inanimate",0
"4.6",4,"A25CAT0W9W97Z8","chrome","2015-05-27 00:34:07.826448","{""Q0"":""no"",""Q1"":""no"",""Q2"":""no"",""Q3"":""yes""}",0,"1","1",6,"girl-elbowing-oldlady.mp4",15912,"S:g8 O:g11 V:g2","[{""src"":""g8.png"",""x"":367,""y"":69},{""src"":""g2.png"",""x"":457,""y"":66},{""src"":""g11.png"",""x"":552,""y"":64}]",1,"SVO","SVO",1,1,"SVO",1,1,"animate",0
"4.7",4,"A25CAT0W9W97Z8","chrome","2015-05-27 00:34:07.826448","{""Q0"":""no"",""Q1"":""no"",""Q2"":""no"",""Q3"":""yes""}",0,"1","1",7,"oldlady-rubbing-fireman.mp4",18241,"S:g11 O:g14 V:g13","[{""src"":""g11.png"",""x"":354,""y"":52},{""src"":""g13.png"",""x"":450,""y"":53},{""src"":""g14.png"",""x"":547,""y"":54}]",1,"SVO","SVO",1,1,"SVO",1,1,"animate",0
"4.8",4,"A25CAT0W9W97Z8","chrome","2015-05-27 00:34:07.826448","{""Q0"":""no"",""Q1"":""no"",""Q2"":""no"",""Q3"":""yes""}",0,"1","1",8,"fireman-throwing-ball.mp4",18401,"S:g14 O:g4 V:g3","[{""src"":""g14.png"",""x"":355,""y"":56},{""src"":""g3.png"",""x"":436,""y"":55},{""src"":""g4.png"",""x"":532,""y"":55}]",1,"SVO","SVO",1,1,"SVO",1,1,"inanimate",0
"4.9",4,"A25CAT0W9W97Z8","chrome","2015-05-27 00:34:07.826448","{""Q0"":""no"",""Q1"":""no"",""Q2"":""no"",""Q3"":""yes""}",0,"1","1",9,"girl-kissing-boy.mp4",21122,"S:g8 O:g1 V:g10","[{""src"":""g8.png"",""x"":360,""y"":64},{""src"":""g10.png"",""x"":454,""y"":64},{""src"":""g1.png"",""x"":551,""y"":62}]",1,"SOO","SO",1,0,"SO",0,1,"animate",0
"4.10",4,"A25CAT0W9W97Z8","chrome","2015-05-27 00:34:07.826448","{""Q0"":""no"",""Q1"":""no"",""Q2"":""no"",""Q3"":""yes""}",0,"1","1",10,"fireman-kicking-girl.mp4",30366,"S:g14 O:g8 V:g9","[{""src"":""g14.png"",""x"":369,""y"":43},{""src"":""g9.png"",""x"":465,""y"":45},{""src"":""g8.png"",""x"":564,""y"":42},{""src"":""g8.png"",""x"":703,""y"":56},{""src"":""g9.png"",""x"":611,""y"":57},{""src"":""g14.png"",""x"":523,""y"":57}]",1,"SVOOVS","SVO",1,1,"SVO",1,1,"animate",0
"4.11",4,"A25CAT0W9W97Z8","chrome","2015-05-27 00:34:07.826448","{""Q0"":""no"",""Q1"":""no"",""Q2"":""no"",""Q3"":""yes""}",0,"1","1",11,"boy-kicking-ball.mp4",28366,"S:g1 O:g4 V:g9","[{""src"":""g1.png"",""x"":571,""y"":441},{""src"":""g1.png"",""x"":345,""y"":20},{""src"":""g9.png"",""x"":438,""y"":15},{""src"":""g4.png"",""x"":535,""y"":16}]",1,"SSVO","SVO",1,1,"SVO",1,1,"inanimate",0
"4.13",4,"A25CAT0W9W97Z8","chrome","2015-05-27 00:34:07.826448","{""Q0"":""no"",""Q1"":""no"",""Q2"":""no"",""Q3"":""yes""}",0,"1","1",13,"oldlady-elbowing-heart.mp4",24807,"S:g11 O:g12 V:g2","[{""src"":""g11.png"",""x"":361,""y"":57},{""src"":""g5.png"",""x"":293,""y"":501},{""src"":""g12.png"",""x"":550,""y"":55},{""src"":""g2.png"",""x"":454,""y"":56}]",1,"SXOV","SXOV",1,1,"SOV",1,1,"inanimate",1
"4.14",4,"A25CAT0W9W97Z8","chrome","2015-05-27 00:34:07.826448","{""Q0"":""no"",""Q1"":""no"",""Q2"":""no"",""Q3"":""yes""}",0,"1","1",14,"oldlady-kissing-ball.mp4",30832,"S:g11 O:g4 V:g10","[{""src"":""g11.png"",""x"":346,""y"":42},{""src"":""g10.png"",""x"":442,""y"":42},{""src"":""g4.png"",""x"":540,""y"":42}]",1,"SVO","SVO",1,1,"SVO",1,1,"inanimate",0
"4.15",4,"A25CAT0W9W97Z8","chrome","2015-05-27 00:34:07.826448","{""Q0"":""no"",""Q1"":""no"",""Q2"":""no"",""Q3"":""yes""}",0,"1","1",15,"fireman-lifting-car.mp4",18213,"S:g14 O:g16 V:g6","[{""src"":""g14.png"",""x"":352,""y"":52},{""src"":""g6.png"",""x"":446,""y"":52},{""src"":""g16.png"",""x"":539,""y"":50}]",1,"SVO","SVO",1,1,"SVO",1,1,"inanimate",0
"4.17",4,"A25CAT0W9W97Z8","chrome","2015-05-27 00:34:07.826448","{""Q0"":""no"",""Q1"":""no"",""Q2"":""no"",""Q3"":""yes""}",0,"1","1",17,"fireman-pushing-boy.mp4",19542,"S:g14 O:g1 V:g7","[{""src"":""g1.png"",""x"":559,""y"":7},{""src"":""g7.png"",""x"":465,""y"":8},{""src"":""g14.png"",""x"":375,""y"":6}]",1,"OVS","OVS",1,1,"OVS",1,1,"animate",0
"4.19",4,"A25CAT0W9W97Z8","chrome","2015-05-27 00:34:07.826448","{""Q0"":""no"",""Q1"":""no"",""Q2"":""no"",""Q3"":""yes""}",0,"1","1",19,"boy-lifting-girl.mp4",25980,"S:g1 O:g8 V:g6","[{""src"":""g11.png"",""x"":600,""y"":398},{""src"":""g1.png"",""x"":345,""y"":20},{""src"":""g6.png"",""x"":435,""y"":21},{""src"":""g8.png"",""x"":533,""y"":23}]",1,"SSVO","SVO",1,1,"SVO",1,1,"animate",0
"4.20",4,"A25CAT0W9W97Z8","chrome","2015-05-27 00:34:07.826448","{""Q0"":""no"",""Q1"":""no"",""Q2"":""no"",""Q3"":""yes""}",0,"1","1",20,"girl-throwing-oldlady.mp4",51865,"S:g8 O:g11 V:g3","[{""src"":""g11.png"",""x"":582,""y"":0},{""src"":""g8.png"",""x"":353,""y"":0},{""src"":""g3.png"",""x"":504,""y"":432},{""src"":""g3.png"",""x"":467,""y"":0}]",1,"OSVV","OSV",1,1,"OSV",1,1,"animate",1
"4.22",4,"A25CAT0W9W97Z8","chrome","2015-05-27 00:34:07.826448","{""Q0"":""no"",""Q1"":""no"",""Q2"":""no"",""Q3"":""yes""}",0,"1","1",22,"girl-pushing-car.mp4",16302,"S:g8 O:g16 V:g7","[{""src"":""g8.png"",""x"":363,""y"":44},{""src"":""g7.png"",""x"":456,""y"":45},{""src"":""g16.png"",""x"":554,""y"":44}]",1,"SVO","SVO",1,1,"SVO",1,1,"inanimate",0
"6.5",6,"A2S3MXU8T2I5H0","chrome","2015-05-27 00:36:06.807701","{""Q0"":""Simple enough to figure out since the symbols made up most of a sentence's words, i.e. \""the GIRL KICKED the BALL\""."",""Q1"":""No"",""Q2"":""No"",""Q3"":""Yes""}",0,"1","1",5,"boy-lifting-girl.mp4",25484,"S:g15 O:g10 V:g4","[{""src"":""g15.png"",""x"":431,""y"":195},{""src"":""g4.png"",""x"":534,""y"":196},{""src"":""g10.png"",""x"":652,""y"":198}]",1,"SVO","SVO",1,1,"SVO",1,1,"animate",0
"6.7",6,"A2S3MXU8T2I5H0","chrome","2015-05-27 00:36:06.807701","{""Q0"":""Simple enough to figure out since the symbols made up most of a sentence's words, i.e. \""the GIRL KICKED the BALL\""."",""Q1"":""No"",""Q2"":""No"",""Q3"":""Yes""}",0,"1","1",7,"fireman-throwing-ball.mp4",15447,"S:g7 O:g8 V:g16","[{""src"":""g15.png"",""x"":448,""y"":185},{""src"":""g16.png"",""x"":546,""y"":185},{""src"":""g8.png"",""x"":656,""y"":186}]",1,"XVO","XVO",1,1,"VO",0,1,"inanimate",0
"6.9",6,"A2S3MXU8T2I5H0","chrome","2015-05-27 00:36:06.807701","{""Q0"":""Simple enough to figure out since the symbols made up most of a sentence's words, i.e. \""the GIRL KICKED the BALL\""."",""Q1"":""No"",""Q2"":""No"",""Q3"":""Yes""}",0,"1","1",9,"girl-throwing-oldlady.mp4",18535,"S:g10 O:g12 V:g16","[{""src"":""g16.png"",""x"":504,""y"":227},{""src"":""g10.png"",""x"":409,""y"":227},{""src"":""g12.png"",""x"":612,""y"":223}]",1,"VSO","VSO",1,1,"VSO",1,1,"animate",1
"6.10",6,"A2S3MXU8T2I5H0","chrome","2015-05-27 00:36:06.807701","{""Q0"":""Simple enough to figure out since the symbols made up most of a sentence's words, i.e. \""the GIRL KICKED the BALL\""."",""Q1"":""No"",""Q2"":""No"",""Q3"":""Yes""}",0,"1","1",10,"fireman-kicking-girl.mp4",15550,"S:g7 O:g10 V:g1","[{""src"":""g7.png"",""x"":434,""y"":184},{""src"":""g1.png"",""x"":544,""y"":206},{""src"":""g1.png"",""x"":529,""y"":174},{""src"":""g10.png"",""x"":616,""y"":188}]",1,"SVVO","SVO",1,1,"SVO",1,1,"animate",0
"6.11",6,"A2S3MXU8T2I5H0","chrome","2015-05-27 00:36:06.807701","{""Q0"":""Simple enough to figure out since the symbols made up most of a sentence's words, i.e. \""the GIRL KICKED the BALL\""."",""Q1"":""No"",""Q2"":""No"",""Q3"":""Yes""}",0,"1","1",11,"oldlady-kissing-ball.mp4",41140,"S:g12 O:g8 V:g5","[{""src"":""g12.png"",""x"":443,""y"":207},{""src"":""g2.png"",""x"":544,""y"":206},{""src"":""g8.png"",""x"":649,""y"":207}]",1,"SXO","SXO",1,1,"SO",0,1,"inanimate",0
"6.12",6,"A2S3MXU8T2I5H0","chrome","2015-05-27 00:36:06.807701","{""Q0"":""Simple enough to figure out since the symbols made up most of a sentence's words, i.e. \""the GIRL KICKED the BALL\""."",""Q1"":""No"",""Q2"":""No"",""Q3"":""Yes""}",0,"1","1",12,"fireman-pushing-boy.mp4",17502,"S:g7 O:g15 V:g11","[{""src"":""g7.png"",""x"":473,""y"":207},{""src"":""g11.png"",""x"":574,""y"":206},{""src"":""g15.png"",""x"":680,""y"":206}]",1,"SVO","SVO",1,1,"SVO",1,1,"animate",0
"6.14",6,"A2S3MXU8T2I5H0","chrome","2015-05-27 00:36:06.807701","{""Q0"":""Simple enough to figure out since the symbols made up most of a sentence's words, i.e. \""the GIRL KICKED the BALL\""."",""Q1"":""No"",""Q2"":""No"",""Q3"":""Yes""}",0,"1","1",14,"boy-kicking-ball.mp4",9756,"S:g15 O:g8 V:g1","[{""src"":""g15.png"",""x"":492,""y"":193},{""src"":""g1.png"",""x"":592,""y"":195},{""src"":""g8.png"",""x"":693,""y"":193}]",1,"SVO","SVO",1,1,"SVO",1,1,"inanimate",0
"6.15",6,"A2S3MXU8T2I5H0","chrome","2015-05-27 00:36:06.807701","{""Q0"":""Simple enough to figure out since the symbols made up most of a sentence's words, i.e. \""the GIRL KICKED the BALL\""."",""Q1"":""No"",""Q2"":""No"",""Q3"":""Yes""}",0,"1","1",15,"fireman-lifting-car.mp4",13677,"S:g7 O:g14 V:g4","[{""src"":""g7.png"",""x"":488,""y"":198},{""src"":""g4.png"",""x"":594,""y"":196},{""src"":""g14.png"",""x"":703,""y"":195}]",1,"SVO","SVO",1,1,"SVO",1,1,"inanimate",0
"6.16",6,"A2S3MXU8T2I5H0","chrome","2015-05-27 00:36:06.807701","{""Q0"":""Simple enough to figure out since the symbols made up most of a sentence's words, i.e. \""the GIRL KICKED the BALL\""."",""Q1"":""No"",""Q2"":""No"",""Q3"":""Yes""}",0,"1","1",16,"oldlady-elbowing-heart.mp4",32513,"S:g12 O:g13 V:g9","[{""src"":""g9.png"",""x"":553,""y"":216},{""src"":""g13.png"",""x"":670,""y"":218},{""src"":""g12.png"",""x"":432,""y"":204}]",1,"VOS","VOS",1,1,"VOS",1,1,"inanimate",1
"6.17",6,"A2S3MXU8T2I5H0","chrome","2015-05-27 00:36:06.807701","{""Q0"":""Simple enough to figure out since the symbols made up most of a sentence's words, i.e. \""the GIRL KICKED the BALL\""."",""Q1"":""No"",""Q2"":""No"",""Q3"":""Yes""}",0,"1","1",17,"girl-rubbing-heart.mp4",8953,"S:g10 O:g13 V:g2","[{""src"":""g10.png"",""x"":499,""y"":192},{""src"":""g2.png"",""x"":625,""y"":183},{""src"":""g13.png"",""x"":703,""y"":197}]",1,"SVO","SVO",1,1,"SVO",1,1,"inanimate",0
"6.18",6,"A2S3MXU8T2I5H0","chrome","2015-05-27 00:36:06.807701","{""Q0"":""Simple enough to figure out since the symbols made up most of a sentence's words, i.e. \""the GIRL KICKED the BALL\""."",""Q1"":""No"",""Q2"":""No"",""Q3"":""Yes""}",0,"1","1",18,"girl-kissing-boy.mp4",20082,"S:g10 O:g15 V:g5","[{""src"":""g15.png"",""x"":648,""y"":224},{""src"":""g10.png"",""x"":462,""y"":221},{""src"":""g5.png"",""x"":565,""y"":226}]",1,"OSV","OSV",1,1,"OSV",1,1,"animate",1
"6.20",6,"A2S3MXU8T2I5H0","chrome","2015-05-27 00:36:06.807701","{""Q0"":""Simple enough to figure out since the symbols made up most of a sentence's words, i.e. \""the GIRL KICKED the BALL\""."",""Q1"":""No"",""Q2"":""No"",""Q3"":""Yes""}",0,"1","1",20,"oldlady-rubbing-fireman.mp4",15106,"S:g12 O:g7 V:g2","[{""src"":""g12.png"",""x"":495,""y"":160},{""src"":""g2.png"",""x"":579,""y"":161},{""src"":""g12.png"",""x"":474,""y"":209},{""src"":""g2.png"",""x"":572,""y"":219},{""src"":""g7.png"",""x"":675,""y"":219}]",1,"SVSVO","SVO",1,1,"SVO",1,1,"animate",0
"6.21",6,"A2S3MXU8T2I5H0","chrome","2015-05-27 00:36:06.807701","{""Q0"":""Simple enough to figure out since the symbols made up most of a sentence's words, i.e. \""the GIRL KICKED the BALL\""."",""Q1"":""No"",""Q2"":""No"",""Q3"":""Yes""}",0,"1","1",21,"girl-pushing-car.mp4",17318,"S:g10 O:g14 V:g11","[{""src"":""g10.png"",""x"":557,""y"":221},{""src"":""g11.png"",""x"":660,""y"":212},{""src"":""g14.png"",""x"":703,""y"":225}]",1,"SVO","SVO",1,1,"SVO",1,1,"inanimate",0
"6.22",6,"A2S3MXU8T2I5H0","chrome","2015-05-27 00:36:06.807701","{""Q0"":""Simple enough to figure out since the symbols made up most of a sentence's words, i.e. \""the GIRL KICKED the BALL\""."",""Q1"":""No"",""Q2"":""No"",""Q3"":""Yes""}",0,"1","1",22,"girl-elbowing-oldlady.mp4",15511,"S:g10 O:g12 V:g9","[{""src"":""g10.png"",""x"":469,""y"":208},{""src"":""g9.png"",""x"":582,""y"":199},{""src"":""g12.png"",""x"":680,""y"":193}]",1,"SVO","SVO",1,1,"SVO",1,1,"animate",0
"7.5",7,"A1PZ1YZAQEXRSQ","chrome","2015-05-27 00:36:07.946980","{""Q0"":""About half way through the last part the videos started to show up blank, at first I just put three random symbols, but then I just decided I wouldn't put anything and just skip them. I am not sure what happened."",""Q1"":""No."",""Q2"":""No."",""Q3"":""Yes.""}",0,"1","1",5,"boy-lifting-girl.mp4",45157,"S:g12 O:g10 V:g4","[{""src"":""g12.png"",""x"":411,""y"":213},{""src"":""g5.png"",""x"":511,""y"":208},{""src"":""g5.png"",""x"":106,""y"":401},{""src"":""g5.png"",""x"":101,""y"":400},{""src"":""g4.png"",""x"":515,""y"":211},{""src"":""g10.png"",""x"":622,""y"":210}]",1,"SXXXVO","SXVO",1,1,"SVO",1,1,"animate",0
"7.6",7,"A1PZ1YZAQEXRSQ","chrome","2015-05-27 00:36:07.946980","{""Q0"":""About half way through the last part the videos started to show up blank, at first I just put three random symbols, but then I just decided I wouldn't put anything and just skip them. I am not sure what happened."",""Q1"":""No."",""Q2"":""No."",""Q3"":""Yes.""}",0,"1","1",6,"oldlady-rubbing-fireman.mp4",30234,"S:g13 O:g14 V:g7","[{""src"":""g13.png"",""x"":405,""y"":206},{""src"":""g7.png"",""x"":512,""y"":207},{""src"":""g12.png"",""x"":616,""y"":205}]",1,"SVX","SVX",1,1,"SV",0,1,"animate",0
"7.8",7,"A1PZ1YZAQEXRSQ","chrome","2015-05-27 00:36:07.946980","{""Q0"":""About half way through the last part the videos started to show up blank, at first I just put three random symbols, but then I just decided I wouldn't put anything and just skip them. I am not sure what happened."",""Q1"":""No."",""Q2"":""No."",""Q3"":""Yes.""}",0,"1","1",8,"girl-pushing-car.mp4",28309,"S:g10 O:g1 V:g16","[{""src"":""g10.png"",""x"":406,""y"":208},{""src"":""g16.png"",""x"":508,""y"":206},{""src"":""g1.png"",""x"":615,""y"":206}]",1,"SOO","SO",1,0,"SO",0,1,"inanimate",0
"7.9",7,"A1PZ1YZAQEXRSQ","chrome","2015-05-27 00:36:07.946980","{""Q0"":""About half way through the last part the videos started to show up blank, at first I just put three random symbols, but then I just decided I wouldn't put anything and just skip them. I am not sure what happened."",""Q1"":""No."",""Q2"":""No."",""Q3"":""Yes.""}",0,"1","1",9,"girl-kissing-boy.mp4",21161,"S:g10 O:g12 V:g2","[{""src"":""g10.png"",""x"":403,""y"":207},{""src"":""g2.png"",""x"":503,""y"":207},{""src"":""g12.png"",""x"":610,""y"":207}]",1,"SVO","SVO",1,1,"SVO",1,1,"animate",0
"7.10",7,"A1PZ1YZAQEXRSQ","chrome","2015-05-27 00:36:07.946980","{""Q0"":""About half way through the last part the videos started to show up blank, at first I just put three random symbols, but then I just decided I wouldn't put anything and just skip them. I am not sure what happened."",""Q1"":""No."",""Q2"":""No."",""Q3"":""Yes.""}",0,"1","1",10,"oldlady-kissing-ball.mp4",45547,"S:g13 O:g8 V:g2","[{""src"":""g13.png"",""x"":409,""y"":203},{""src"":""g11.png"",""x"":523,""y"":202},{""src"":""g8.png"",""x"":628,""y"":202}]",1,"SXO","SXO",1,1,"SO",0,1,"inanimate",0
"7.11",7,"A1PZ1YZAQEXRSQ","chrome","2015-05-27 00:36:07.946980","{""Q0"":""About half way through the last part the videos started to show up blank, at first I just put three random symbols, but then I just decided I wouldn't put anything and just skip them. I am not sure what happened."",""Q1"":""No."",""Q2"":""No."",""Q3"":""Yes.""}",0,"1","1",11,"girl-elbowing-oldlady.mp4",28159,"S:g10 O:g13 V:g11","[{""src"":""g10.png"",""x"":401,""y"":196},{""src"":""g11.png"",""x"":508,""y"":202},{""src"":""g13.png"",""x"":616,""y"":207}]",1,"SVO","SVO",1,1,"SVO",1,1,"animate",0
"7.13",7,"A1PZ1YZAQEXRSQ","chrome","2015-05-27 00:36:07.946980","{""Q0"":""About half way through the last part the videos started to show up blank, at first I just put three random symbols, but then I just decided I wouldn't put anything and just skip them. I am not sure what happened."",""Q1"":""No."",""Q2"":""No."",""Q3"":""Yes.""}",0,"1","1",13,"fireman-kicking-girl.mp4",23029,"S:g14 O:g10 V:g6","[{""src"":""g12.png"",""x"":407,""y"":221},{""src"":""g6.png"",""x"":515,""y"":221},{""src"":""g10.png"",""x"":618,""y"":214}]",1,"XVO","XVO",1,1,"VO",0,1,"animate",0
"7.14",7,"A1PZ1YZAQEXRSQ","chrome","2015-05-27 00:36:07.946980","{""Q0"":""About half way through the last part the videos started to show up blank, at first I just put three random symbols, but then I just decided I wouldn't put anything and just skip them. I am not sure what happened."",""Q1"":""No."",""Q2"":""No."",""Q3"":""Yes.""}",0,"1","1",14,"boy-kicking-ball.mp4",25361,"S:g12 O:g8 V:g6","[{""src"":""g12.png"",""x"":409,""y"":228},{""src"":""g6.png"",""x"":515,""y"":226},{""src"":""g8.png"",""x"":625,""y"":226}]",1,"SVO","SVO",1,1,"SVO",1,1,"inanimate",0
"7.15",7,"A1PZ1YZAQEXRSQ","chrome","2015-05-27 00:36:07.946980","{""Q0"":""About half way through the last part the videos started to show up blank, at first I just put three random symbols, but then I just decided I wouldn't put anything and just skip them. I am not sure what happened."",""Q1"":""No."",""Q2"":""No."",""Q3"":""Yes.""}",0,"1","1",15,"fireman-lifting-car.mp4",36669,"S:g14 O:g1 V:g4","[{""src"":""g10.png"",""x"":432,""y"":203},{""src"":""g13.png"",""x"":541,""y"":210},{""src"":""g12.png"",""x"":666,""y"":217}]",1,"OOO","O",1,0,"O",0,1,"inanimate",0
"7.16",7,"A1PZ1YZAQEXRSQ","chrome","2015-05-27 00:36:07.946980","{""Q0"":""About half way through the last part the videos started to show up blank, at first I just put three random symbols, but then I just decided I wouldn't put anything and just skip them. I am not sure what happened."",""Q1"":""No."",""Q2"":""No."",""Q3"":""Yes.""}",0,"1","1",16,"oldlady-elbowing-heart.mp4",35360,"S:g13 O:g15 V:g11","[]",1,"NONE","NONE",1,0,"NONE",0,1,"inanimate",0
"7.18",7,"A1PZ1YZAQEXRSQ","chrome","2015-05-27 00:36:07.946980","{""Q0"":""About half way through the last part the videos started to show up blank, at first I just put three random symbols, but then I just decided I wouldn't put anything and just skip them. I am not sure what happened."",""Q1"":""No."",""Q2"":""No."",""Q3"":""Yes.""}",0,"1","1",18,"fireman-throwing-ball.mp4",2353,"S:g14 O:g8 V:g9","[]",1,"NONE","NONE",1,0,"NONE",0,1,"inanimate",0
"7.19",7,"A1PZ1YZAQEXRSQ","chrome","2015-05-27 00:36:07.946980","{""Q0"":""About half way through the last part the videos started to show up blank, at first I just put three random symbols, but then I just decided I wouldn't put anything and just skip them. I am not sure what happened."",""Q1"":""No."",""Q2"":""No."",""Q3"":""Yes.""}",0,"1","1",19,"fireman-pushing-boy.mp4",1938,"S:g14 O:g12 V:g16","[]",1,"NONE","NONE",1,0,"NONE",0,1,"animate",0
"7.20",7,"A1PZ1YZAQEXRSQ","chrome","2015-05-27 00:36:07.946980","{""Q0"":""About half way through the last part the videos started to show up blank, at first I just put three random symbols, but then I just decided I wouldn't put anything and just skip them. I am not sure what happened."",""Q1"":""No."",""Q2"":""No."",""Q3"":""Yes.""}",0,"1","1",20,"girl-rubbing-heart.mp4",888,"S:g10 O:g15 V:g7","[]",1,"NONE","NONE",1,0,"NONE",0,1,"inanimate",0
"7.22",7,"A1PZ1YZAQEXRSQ","chrome","2015-05-27 00:36:07.946980","{""Q0"":""About half way through the last part the videos started to show up blank, at first I just put three random symbols, but then I just decided I wouldn't put anything and just skip them. I am not sure what happened."",""Q1"":""No."",""Q2"":""No."",""Q3"":""Yes.""}",0,"1","1",22,"girl-throwing-oldlady.mp4",519,"S:g10 O:g13 V:g9","[]",1,"NONE","NONE",1,0,"NONE",0,1,"animate",0
"8.7",8,"A3F52KE1584441","chrome","2015-05-27 00:38:49.953443","{""Q0"":""Very interesting. Thank you!"",""Q1"":""No."",""Q2"":""No."",""Q3"":""Yes.""}",0,"1","1",7,"girl-elbowing-oldlady.mp4",22420,"S:g15 O:g6 V:g5","[{""src"":""g15.png"",""x"":451,""y"":0},{""src"":""g5.png"",""x"":452.0000305175781,""y"":103.00000000000003},{""src"":""g6.png"",""x"":454.0000305175781,""y"":205.00000000000003}]",1,"SVO","SVO",1,1,"SVO",1,1,"animate",0
"8.8",8,"A3F52KE1584441","chrome","2015-05-27 00:38:49.953443","{""Q0"":""Very interesting. Thank you!"",""Q1"":""No."",""Q2"":""No."",""Q3"":""Yes.""}",0,"1","1",8,"girl-throwing-oldlady.mp4",16629,"S:g15 O:g6 V:g2","[{""src"":""g15.png"",""x"":444.0000305175781,""y"":0},{""src"":""g2.png"",""x"":443,""y"":106.00000000000003},{""src"":""g6.png"",""x"":443.0000305175781,""y"":212.00000000000003}]",1,"SVO","SVO",1,1,"SVO",1,1,"animate",0
"8.9",8,"A3F52KE1584441","chrome","2015-05-27 00:38:49.953443","{""Q0"":""Very interesting. Thank you!"",""Q1"":""No."",""Q2"":""No."",""Q3"":""Yes.""}",0,"1","1",9,"fireman-lifting-car.mp4",43060,"S:g1 O:g8 V:g16","[{""src"":""g16.png"",""x"":447,""y"":90.00000000000003},{""src"":""g8.png"",""x"":446.0000305175781,""y"":189.00000000000003},{""src"":""g1.png"",""x"":448.0000305175781,""y"":0},{""src"":""g8.png"",""x"":452.0000305175781,""y"":202.00000000000003},{""src"":""g16.png"",""x"":447.0000305175781,""y"":97.00000000000003}]",1,"SOSOS","SO",1,0,"SO",0,1,"inanimate",0
"8.10",8,"A3F52KE1584441","chrome","2015-05-27 00:38:49.953443","{""Q0"":""Very interesting. Thank you!"",""Q1"":""No."",""Q2"":""No."",""Q3"":""Yes.""}",0,"1","1",10,"girl-rubbing-heart.mp4",35427,"S:g15 O:g11 V:g14","[{""src"":""g15.png"",""x"":450.0000305175781,""y"":88.00000000000003},{""src"":""g11.png"",""x"":453,""y"":192.00000000000003},{""src"":""g14.png"",""x"":450.0000305175781,""y"":0},{""src"":""g15.png"",""x"":450.0000305175781,""y"":102.00000000000003},{""src"":""g11.png"",""x"":452.0000305175781,""y"":206.00000000000003}]",1,"SOVSO","SOV",1,1,"SOV",1,1,"inanimate",1
"8.12",8,"A3F52KE1584441","chrome","2015-05-27 00:38:49.953443","{""Q0"":""Very interesting. Thank you!"",""Q1"":""No."",""Q2"":""No."",""Q3"":""Yes.""}",0,"1","1",12,"boy-kicking-ball.mp4",23788,"S:g7 O:g10 V:g9","[{""src"":""g10.png"",""x"":434,""y"":202.000015258789},{""src"":""g7.png"",""x"":436,""y"":0},{""src"":""g9.png"",""x"":437.0000305175781,""y"":104.000015258789},{""src"":""g10.png"",""x"":437.0000305175781,""y"":212.00001525878906}]",1,"OSVO","OSV",1,1,"OSV",1,1,"inanimate",1
"8.13",8,"A3F52KE1584441","chrome","2015-05-27 00:38:49.953443","{""Q0"":""Very interesting. Thank you!"",""Q1"":""No."",""Q2"":""No."",""Q3"":""Yes.""}",0,"1","1",13,"fireman-throwing-ball.mp4",33117,"S:g1 O:g10 V:g2","[{""src"":""g16.png"",""x"":452.0000305175781,""y"":94.00000000000003},{""src"":""g10.png"",""x"":448,""y"":201.00000000000003},{""src"":""g1.png"",""x"":454.0000305175781,""y"":0},{""src"":""g16.png"",""x"":455.0000305175781,""y"":100.00000000000003},{""src"":""g16.png"",""x"":496.0000305175781,""y"":503},{""src"":""g2.png"",""x"":453,""y"":99.00000000000003}]",1,"SSSSSV","SV",1,0,"SV",0,1,"inanimate",0
"8.14",8,"A3F52KE1584441","chrome","2015-05-27 00:38:49.953443","{""Q0"":""Very interesting. Thank you!"",""Q1"":""No."",""Q2"":""No."",""Q3"":""Yes.""}",0,"1","1",14,"boy-lifting-girl.mp4",39268,"S:g7 O:g15 V:g16","[{""src"":""g7.png"",""x"":440.0000305175781,""y"":0},{""src"":""g16.png"",""x"":442.0000305175781,""y"":102.00000000000003},{""src"":""g15.png"",""x"":444.0000305175781,""y"":202.00000000000003}]",1,"SVO","SVO",1,1,"SVO",1,1,"animate",0
"8.15",8,"A3F52KE1584441","chrome","2015-05-27 00:38:49.953443","{""Q0"":""Very interesting. Thank you!"",""Q1"":""No."",""Q2"":""No."",""Q3"":""Yes.""}",0,"1","1",15,"oldlady-kissing-ball.mp4",18772,"S:g6 O:g10 V:g12","[{""src"":""g10.png"",""x"":439,""y"":203.00000000000003},{""src"":""g12.png"",""x"":440.0000305175781,""y"":100.00000000000003},{""src"":""g6.png"",""x"":436,""y"":0}]",1,"OVS","OVS",1,1,"OVS",1,1,"inanimate",0
"8.16",8,"A3F52KE1584441","chrome","2015-05-27 00:38:49.953443","{""Q0"":""Very interesting. Thank you!"",""Q1"":""No."",""Q2"":""No."",""Q3"":""Yes.""}",0,"1","1",16,"girl-kissing-boy.mp4",13651,"S:g15 O:g7 V:g12","[{""src"":""g12.png"",""x"":444.0000305175781,""y"":98.00000000000003},{""src"":""g7.png"",""x"":445,""y"":205.00000000000003},{""src"":""g15.png"",""x"":440.0000305175781,""y"":0}]",1,"VOS","VOS",1,1,"VOS",1,1,"animate",1
"8.17",8,"A3F52KE1584441","chrome","2015-05-27 00:38:49.953443","{""Q0"":""Very interesting. Thank you!"",""Q1"":""No."",""Q2"":""No."",""Q3"":""Yes.""}",0,"1","1",17,"fireman-pushing-boy.mp4",20435,"S:g1 O:g7 V:g13","[{""src"":""g1.png"",""x"":443.0000305175781,""y"":0},{""src"":""g7.png"",""x"":446,""y"":203.00000000000003},{""src"":""g13.png"",""x"":446.0000305175781,""y"":102.00000000000003}]",1,"SOS","SO",1,0,"SO",0,1,"animate",0
"8.18",8,"A3F52KE1584441","chrome","2015-05-27 00:38:49.953443","{""Q0"":""Very interesting. Thank you!"",""Q1"":""No."",""Q2"":""No."",""Q3"":""Yes.""}",0,"1","1",18,"oldlady-rubbing-fireman.mp4",22756,"S:g6 O:g1 V:g14","[{""src"":""g6.png"",""x"":443.0000305175781,""y"":0},{""src"":""g14.png"",""x"":443,""y"":103.00000000000003},{""src"":""g1.png"",""x"":444.0000305175781,""y"":206.00000000000003}]",1,"SOO","SO",1,0,"SO",0,1,"animate",0
"8.20",8,"A3F52KE1584441","chrome","2015-05-27 00:38:49.953443","{""Q0"":""Very interesting. Thank you!"",""Q1"":""No."",""Q2"":""No."",""Q3"":""Yes.""}",0,"1","1",20,"fireman-kicking-girl.mp4",15305,"S:g1 O:g15 V:g9","[{""src"":""g1.png"",""x"":442.0000305175781,""y"":0},{""src"":""g15.png"",""x"":450,""y"":196.00000000000003},{""src"":""g9.png"",""x"":442.0000305175781,""y"":100.00000000000003}]",1,"SSV","SV",1,0,"SV",0,1,"animate",0
"8.21",8,"A3F52KE1584441","chrome","2015-05-27 00:38:49.953443","{""Q0"":""Very interesting. Thank you!"",""Q1"":""No."",""Q2"":""No."",""Q3"":""Yes.""}",0,"1","1",21,"girl-pushing-car.mp4",14886,"S:g15 O:g8 V:g13","[{""src"":""g13.png"",""x"":448.0000305175781,""y"":93.00000000000003},{""src"":""g8.png"",""x"":452.0000305175781,""y"":194.00000000000003},{""src"":""g15.png"",""x"":446,""y"":0},{""src"":""g13.png"",""x"":444.0000305175781,""y"":97.00000000000003}]",1,"VOSV","VOS",1,1,"VOS",1,1,"inanimate",1
"8.22",8,"A3F52KE1584441","chrome","2015-05-27 00:38:49.953443","{""Q0"":""Very interesting. Thank you!"",""Q1"":""No."",""Q2"":""No."",""Q3"":""Yes.""}",0,"1","1",22,"oldlady-elbowing-heart.mp4",23231,"S:g6 O:g11 V:g5","[{""src"":""g6.png"",""x"":444.0000305175781,""y"":0},{""src"":""g11.png"",""x"":449.0000305175781,""y"":198.00000000000003},{""src"":""g5.png"",""x"":447.0000305175781,""y"":99.00000000000003}]",1,"SOV","SOV",1,1,"SOV",1,1,"inanimate",1
"9.5",9,"A3DHJDGGSPEI0O","chrome","2015-05-27 00:39:12.116797","{""Q0"":""I thought this was too much work for the amount paid"",""Q1"":""No"",""Q2"":""no"",""Q3"":""i tried""}",0,"1","0.9375",5,"fireman-throwing-ball.mp4",28129,"S:g6 O:g10 V:g5","[{""src"":""g6.png"",""x"":0,""y"":25},{""src"":""g5.png"",""x"":137,""y"":36},{""src"":""g10.png"",""x"":325,""y"":44}]",1,"SVO","SVO",1,1,"SVO",1,1,"inanimate",0
"9.6",9,"A3DHJDGGSPEI0O","chrome","2015-05-27 00:39:12.116797","{""Q0"":""I thought this was too much work for the amount paid"",""Q1"":""No"",""Q2"":""no"",""Q3"":""i tried""}",0,"1","0.9375",6,"girl-kissing-boy.mp4",15743,"S:g16 O:g15 V:g11","[{""src"":""g16.png"",""x"":0,""y"":45},{""src"":""g11.png"",""x"":74,""y"":64},{""src"":""g15.png"",""x"":244,""y"":46}]",1,"SVO","SVO",1,1,"SVO",1,1,"animate",0
"9.7",9,"A3DHJDGGSPEI0O","chrome","2015-05-27 00:39:12.116797","{""Q0"":""I thought this was too much work for the amount paid"",""Q1"":""No"",""Q2"":""no"",""Q3"":""i tried""}",0,"1","0.9375",7,"boy-kicking-ball.mp4",27976,"S:g15 O:g10 V:g7","[{""src"":""g15.png"",""x"":0,""y"":111},{""src"":""g7.png"",""x"":104,""y"":58},{""src"":""g10.png"",""x"":227,""y"":0}]",1,"SVO","SVO",1,1,"SVO",1,1,"inanimate",0
"9.9",9,"A3DHJDGGSPEI0O","chrome","2015-05-27 00:39:12.116797","{""Q0"":""I thought this was too much work for the amount paid"",""Q1"":""No"",""Q2"":""no"",""Q3"":""i tried""}",0,"1","0.9375",9,"boy-lifting-girl.mp4",28732,"S:g15 O:g16 V:g8","[{""src"":""g15.png"",""x"":46,""y"":78},{""src"":""g4.png"",""x"":168,""y"":71},{""src"":""g16.png"",""x"":293,""y"":58},{""src"":""g1.png"",""x"":0,""y"":501}]",1,"SXOY","SXOY",1,1,"SO",0,1,"animate",0
"9.12",9,"A3DHJDGGSPEI0O","chrome","2015-05-27 00:39:12.116797","{""Q0"":""I thought this was too much work for the amount paid"",""Q1"":""No"",""Q2"":""no"",""Q3"":""i tried""}",0,"1","0.9375",12,"fireman-lifting-car.mp4",20353,"S:g6 O:g13 V:g8","[{""src"":""g15.png"",""x"":195,""y"":501},{""src"":""g6.png"",""x"":0,""y"":157},{""src"":""g3.png"",""x"":184,""y"":177},{""src"":""g13.png"",""x"":295,""y"":186}]",1,"XSYO","XSYO",1,1,"SO",0,1,"inanimate",0
"9.13",9,"A3DHJDGGSPEI0O","chrome","2015-05-27 00:39:12.116797","{""Q0"":""I thought this was too much work for the amount paid"",""Q1"":""No"",""Q2"":""no"",""Q3"":""i tried""}",0,"1","0.9375",13,"girl-elbowing-oldlady.mp4",17848,"S:g16 O:g2 V:g4","[{""src"":""g16.png"",""x"":0,""y"":201},{""src"":""g4.png"",""x"":148,""y"":159},{""src"":""g2.png"",""x"":291,""y"":164}]",1,"SVO","SVO",1,1,"SVO",1,1,"animate",0
"9.14",9,"A3DHJDGGSPEI0O","chrome","2015-05-27 00:39:12.116797","{""Q0"":""I thought this was too much work for the amount paid"",""Q1"":""No"",""Q2"":""no"",""Q3"":""i tried""}",0,"1","0.9375",14,"oldlady-rubbing-fireman.mp4",31271,"S:g2 O:g6 V:g3","[{""src"":""g2.png"",""x"":0,""y"":136},{""src"":""g3.png"",""x"":98,""y"":122},{""src"":""g5.png"",""x"":6,""y"":486},{""src"":""g6.png"",""x"":310,""y"":217},{""src"":""g6.png"",""x"":195,""y"":162}]",1,"SVXOO","SVXO",1,1,"SVO",1,1,"animate",0
"9.16",9,"A3DHJDGGSPEI0O","chrome","2015-05-27 00:39:12.116797","{""Q0"":""I thought this was too much work for the amount paid"",""Q1"":""No"",""Q2"":""no"",""Q3"":""i tried""}",0,"1","0.9375",16,"oldlady-elbowing-heart.mp4",42993,"S:g2 O:g1 V:g4","[{""src"":""g2.png"",""x"":0,""y"":67},{""src"":""g5.png"",""x"":98,""y"":95},{""src"":""g5.png"",""x"":703,""y"":366},{""src"":""g4.png"",""x"":122,""y"":103},{""src"":""g1.png"",""x"":208,""y"":74}]",1,"SXXVO","SXVO",1,1,"SVO",1,1,"inanimate",0
"9.17",9,"A3DHJDGGSPEI0O","chrome","2015-05-27 00:39:12.116797","{""Q0"":""I thought this was too much work for the amount paid"",""Q1"":""No"",""Q2"":""no"",""Q3"":""i tried""}",0,"1","0.9375",17,"girl-throwing-oldlady.mp4",19933,"S:g16 O:g2 V:g5","[{""src"":""g16.png"",""x"":0,""y"":49},{""src"":""g5.png"",""x"":160,""y"":50},{""src"":""g2.png"",""x"":246,""y"":48}]",1,"SVO","SVO",1,1,"SVO",1,1,"animate",0
"9.18",9,"A3DHJDGGSPEI0O","chrome","2015-05-27 00:39:12.116797","{""Q0"":""I thought this was too much work for the amount paid"",""Q1"":""No"",""Q2"":""no"",""Q3"":""i tried""}",0,"1","0.9375",18,"oldlady-kissing-ball.mp4",18562,"S:g2 O:g10 V:g11","[{""src"":""g2.png"",""x"":0,""y"":64},{""src"":""g11.png"",""x"":128,""y"":72},{""src"":""g10.png"",""x"":253,""y"":41}]",1,"SVO","SVO",1,1,"SVO",1,1,"inanimate",0
"9.19",9,"A3DHJDGGSPEI0O","chrome","2015-05-27 00:39:12.116797","{""Q0"":""I thought this was too much work for the amount paid"",""Q1"":""No"",""Q2"":""no"",""Q3"":""i tried""}",0,"1","0.9375",19,"girl-pushing-car.mp4",33055,"S:g16 O:g13 V:g9","[{""src"":""g16.png"",""x"":2,""y"":100},{""src"":""g9.png"",""x"":77,""y"":93},{""src"":""g13.png"",""x"":87,""y"":104}]",1,"SVO","SVO",1,1,"SVO",1,1,"inanimate",0
"9.20",9,"A3DHJDGGSPEI0O","chrome","2015-05-27 00:39:12.116797","{""Q0"":""I thought this was too much work for the amount paid"",""Q1"":""No"",""Q2"":""no"",""Q3"":""i tried""}",0,"1","0.9375",20,"girl-rubbing-heart.mp4",20393,"S:g16 O:g1 V:g3","[{""src"":""g16.png"",""x"":0,""y"":48},{""src"":""g3.png"",""x"":184,""y"":152},{""src"":""g1.png"",""x"":271,""y"":115}]",1,"SVO","SVO",1,1,"SVO",1,1,"inanimate",0
"9.21",9,"A3DHJDGGSPEI0O","chrome","2015-05-27 00:39:12.116797","{""Q0"":""I thought this was too much work for the amount paid"",""Q1"":""No"",""Q2"":""no"",""Q3"":""i tried""}",0,"1","0.9375",21,"fireman-pushing-boy.mp4",17497,"S:g6 O:g15 V:g9","[{""src"":""g6.png"",""x"":4,""y"":110},{""src"":""g9.png"",""x"":210,""y"":114},{""src"":""g15.png"",""x"":373,""y"":110}]",1,"SVO","SVO",1,1,"SVO",1,1,"animate",0
"9.22",9,"A3DHJDGGSPEI0O","chrome","2015-05-27 00:39:12.116797","{""Q0"":""I thought this was too much work for the amount paid"",""Q1"":""No"",""Q2"":""no"",""Q3"":""i tried""}",0,"1","0.9375",22,"fireman-kicking-girl.mp4",18605,"S:g6 O:g16 V:g7","[{""src"":""g6.png"",""x"":0,""y"":132},{""src"":""g5.png"",""x"":177,""y"":129},{""src"":""g16.png"",""x"":313,""y"":111}]",1,"SXO","SXO",1,1,"SO",0,1,"animate",0
"10.5",10,"A2OO4PG3LBLP5I","chrome","2015-05-27 00:45:18.958819","{""Q0"":""enjoyed."",""Q1"":""No."",""Q2"":""No."",""Q3"":""Yes""}",0,"2","1",5,"oldlady-kissing-ball.mp4",37594,"S:g11 O:g7 V:g6","[{""src"":""g11.png"",""x"":436.00000762939453,""y"":0},{""src"":""g7.png"",""x"":447.00003814697266,""y"":100.00001525878906},{""src"":""g6.png"",""x"":474.00003814697266,""y"":216.00001525878906}]",1,"SOV","SOV",1,1,"SOV",1,1,"inanimate",1
"10.6",10,"A2OO4PG3LBLP5I","chrome","2015-05-27 00:45:18.958819","{""Q0"":""enjoyed."",""Q1"":""No."",""Q2"":""No."",""Q3"":""Yes""}",0,"2","1",6,"girl-elbowing-oldlady.mp4",30006,"S:g13 O:g11 V:g12","[{""src"":""g14.png"",""x"":452,""y"":2.0000076293945312},{""src"":""g13.png"",""x"":480.00000762939453,""y"":90.00000762939453},{""src"":""g11.png"",""x"":483.00003814697266,""y"":208.00000762939453}]",1,"XSO","XSO",1,1,"SO",0,1,"animate",0
"10.7",10,"A2OO4PG3LBLP5I","chrome","2015-05-27 00:45:18.958819","{""Q0"":""enjoyed."",""Q1"":""No."",""Q2"":""No."",""Q3"":""Yes""}",0,"2","1",7,"oldlady-elbowing-heart.mp4",27074,"S:g11 O:g10 V:g12","[{""src"":""g11.png"",""x"":432.00000762939453,""y"":4.000011444091797},{""src"":""g14.png"",""x"":438.00000762939453,""y"":109.0000114440918},{""src"":""g10.png"",""x"":445,""y"":207.0000114440918}]",1,"SXO","SXO",1,1,"SO",0,1,"inanimate",0
"10.8",10,"A2OO4PG3LBLP5I","chrome","2015-05-27 00:45:18.958819","{""Q0"":""enjoyed."",""Q1"":""No."",""Q2"":""No."",""Q3"":""Yes""}",0,"2","1",8,"oldlady-rubbing-fireman.mp4",34923,"S:g11 O:g8 V:g14","[{""src"":""g11.png"",""x"":462.00003814697266,""y"":0},{""src"":""g14.png"",""x"":486.00000762939453,""y"":85.00000762939453},{""src"":""g8.png"",""x"":483.00003814697266,""y"":220.00000762939453}]",1,"SVO","SVO",1,1,"SVO",1,1,"animate",0
"10.9",10,"A2OO4PG3LBLP5I","chrome","2015-05-27 00:45:18.958819","{""Q0"":""enjoyed."",""Q1"":""No."",""Q2"":""No."",""Q3"":""Yes""}",0,"2","1",9,"boy-lifting-girl.mp4",32566,"S:g3 O:g13 V:g5","[{""src"":""g5.png"",""x"":449.00003814697266,""y"":0},{""src"":""g13.png"",""x"":549.0000381469727,""y"":297.00001525878906},{""src"":""g13.png"",""x"":464.00003814697266,""y"":113.00001525878906},{""src"":""g3.png"",""x"":499.00003814697266,""y"":216.00001525878906}]",1,"VOOS","VOS",1,1,"VOS",1,1,"animate",1
"10.11",10,"A2OO4PG3LBLP5I","chrome","2015-05-27 00:45:18.958819","{""Q0"":""enjoyed."",""Q1"":""No."",""Q2"":""No."",""Q3"":""Yes""}",0,"2","1",11,"boy-kicking-ball.mp4",43119,"S:g3 O:g7 V:g9","[{""src"":""g3.png"",""x"":464.00000762939453,""y"":29.000015258789062},{""src"":""g7.png"",""x"":475.00000762939453,""y"":121.00000762939453},{""src"":""g4.png"",""x"":442.00000762939453,""y"":223.00000762939453}]",1,"SOX","SOX",1,1,"SO",0,1,"inanimate",0
"10.12",10,"A2OO4PG3LBLP5I","chrome","2015-05-27 00:45:18.958819","{""Q0"":""enjoyed."",""Q1"":""No."",""Q2"":""No."",""Q3"":""Yes""}",0,"2","1",12,"fireman-throwing-ball.mp4",21198,"S:g8 O:g7 V:g15","[{""src"":""g8.png"",""x"":417.00000762939453,""y"":97.00001525878906},{""src"":""g8.png"",""x"":429.00003814697266,""y"":0},{""src"":""g7.png"",""x"":417.00000762939453,""y"":88.00001525878906},{""src"":""g15.png"",""x"":450.00000762939453,""y"":191.00001525878906}]",1,"SSOV","SOV",1,1,"SOV",1,1,"inanimate",1
"10.14",10,"A2OO4PG3LBLP5I","chrome","2015-05-27 00:45:18.958819","{""Q0"":""enjoyed."",""Q1"":""No."",""Q2"":""No."",""Q3"":""Yes""}",0,"2","1",14,"girl-kissing-boy.mp4",22290,"S:g13 O:g3 V:g6","[{""src"":""g13.png"",""x"":464.00003814697266,""y"":0},{""src"":""g9.png"",""x"":457.00000762939453,""y"":123.00000762939453},{""src"":""g3.png"",""x"":482.00000762939453,""y"":225.00000762939453}]",1,"SXO","SXO",1,1,"SO",0,1,"animate",0
"10.15",10,"A2OO4PG3LBLP5I","chrome","2015-05-27 00:45:18.958819","{""Q0"":""enjoyed."",""Q1"":""No."",""Q2"":""No."",""Q3"":""Yes""}",0,"2","1",15,"girl-pushing-car.mp4",28188,"S:g13 O:g2 V:g16","[{""src"":""g13.png"",""x"":485.00000762939453,""y"":0},{""src"":""g2.png"",""x"":463.00003814697266,""y"":93.99999237060541},{""src"":""g4.png"",""x"":503.00000762939453,""y"":200.00002288818354}]",1,"SOX","SOX",1,1,"SO",0,1,"inanimate",0
"10.17",10,"A2OO4PG3LBLP5I","chrome","2015-05-27 00:45:18.958819","{""Q0"":""enjoyed."",""Q1"":""No."",""Q2"":""No."",""Q3"":""Yes""}",0,"2","1",17,"fireman-pushing-boy.mp4",25149,"S:g8 O:g3 V:g16","[{""src"":""g8.png"",""x"":439.00000762939453,""y"":8.000007629394531},{""src"":""g3.png"",""x"":432.00000762939453,""y"":109.00000762939453},{""src"":""g16.png"",""x"":513.0000381469727,""y"":186.00000762939453}]",1,"SOV","SOV",1,1,"SOV",1,1,"animate",1
"10.18",10,"A2OO4PG3LBLP5I","chrome","2015-05-27 00:45:18.958819","{""Q0"":""enjoyed."",""Q1"":""No."",""Q2"":""No."",""Q3"":""Yes""}",0,"2","1",18,"fireman-lifting-car.mp4",33002,"S:g8 O:g2 V:g5","[{""src"":""g8.png"",""x"":466.00000762939453,""y"":3.0000152587890625},{""src"":""g2.png"",""x"":444,""y"":106.00001525878906},{""src"":""g5.png"",""x"":469.00003814697266,""y"":208.00001525878906}]",1,"SOV","SOV",1,1,"SOV",1,1,"inanimate",1
"10.19",10,"A2OO4PG3LBLP5I","chrome","2015-05-27 00:45:18.958819","{""Q0"":""enjoyed."",""Q1"":""No."",""Q2"":""No."",""Q3"":""Yes""}",0,"2","1",19,"fireman-kicking-girl.mp4",22094,"S:g8 O:g13 V:g9","[{""src"":""g8.png"",""x"":506.00003814697266,""y"":164.00001525878906},{""src"":""g8.png"",""x"":459.00003814697266,""y"":0},{""src"":""g13.png"",""x"":444,""y"":103.00000762939453},{""src"":""g9.png"",""x"":535.0000381469727,""y"":209.00000762939453}]",1,"SSOV","SOV",1,1,"SOV",1,1,"animate",1
"10.21",10,"A2OO4PG3LBLP5I","chrome","2015-05-27 00:45:18.958819","{""Q0"":""enjoyed."",""Q1"":""No."",""Q2"":""No."",""Q3"":""Yes""}",0,"2","1",21,"girl-rubbing-heart.mp4",41208,"S:g13 O:g10 V:g14","[{""src"":""g13.png"",""x"":440.00000762939453,""y"":0},{""src"":""g14.png"",""x"":462.00000762939453,""y"":113.00001525878906},{""src"":""g10.png"",""x"":489.00003814697266,""y"":212.00001525878906}]",1,"SVO","SVO",1,1,"SVO",1,1,"inanimate",0
"10.22",10,"A2OO4PG3LBLP5I","chrome","2015-05-27 00:45:18.958819","{""Q0"":""enjoyed."",""Q1"":""No."",""Q2"":""No."",""Q3"":""Yes""}",0,"2","1",22,"girl-throwing-oldlady.mp4",36477,"S:g13 O:g11 V:g15","[{""src"":""g13.png"",""x"":451.00003814697266,""y"":0},{""src"":""g11.png"",""x"":131.00000762939453,""y"":448.00001525878906},{""src"":""g11.png"",""x"":414.00000762939453,""y"":128.00001525878906},{""src"":""g15.png"",""x"":553.0000381469727,""y"":210.00001525878906}]",1,"SOOV","SOV",1,1,"SOV",1,1,"animate",1
"12.6",12,"A1A3TGZ7DKJWRW","chrome","2015-05-27 02:09:50.746824","{""Q0"":""None"",""Q1"":""no"",""Q2"":""no"",""Q3"":""Yes""}",0,"1","1",6,"girl-elbowing-oldlady.mp4",34536,"S:g6 O:g15 V:g12","[{""src"":""g6.png"",""x"":285,""y"":99},{""src"":""g12.png"",""x"":389,""y"":100},{""src"":""g15.png"",""x"":492,""y"":97}]",1,"SVO","SVO",1,1,"SVO",1,1,"animate",0
"12.8",12,"A1A3TGZ7DKJWRW","chrome","2015-05-27 02:09:50.746824","{""Q0"":""None"",""Q1"":""no"",""Q2"":""no"",""Q3"":""Yes""}",0,"1","1",8,"oldlady-kissing-ball.mp4",45519,"S:g15 O:g2 V:g11","[{""src"":""g15.png"",""x"":261,""y"":98},{""src"":""g11.png"",""x"":364,""y"":105},{""src"":""g2.png"",""x"":440,""y"":107}]",1,"SVO","SVO",1,1,"SVO",1,1,"inanimate",0
"12.9",12,"A1A3TGZ7DKJWRW","chrome","2015-05-27 02:09:50.746824","{""Q0"":""None"",""Q1"":""no"",""Q2"":""no"",""Q3"":""Yes""}",0,"1","1",9,"fireman-throwing-ball.mp4",18891,"S:g4 O:g2 V:g7","[{""src"":""g4.png"",""x"":331,""y"":96},{""src"":""g7.png"",""x"":440,""y"":107},{""src"":""g2.png"",""x"":534,""y"":103}]",1,"SVO","SVO",1,1,"SVO",1,1,"inanimate",0
"12.10",12,"A1A3TGZ7DKJWRW","chrome","2015-05-27 02:09:50.746824","{""Q0"":""None"",""Q1"":""no"",""Q2"":""no"",""Q3"":""Yes""}",0,"1","1",10,"girl-throwing-oldlady.mp4",14669,"S:g6 O:g15 V:g7","[{""src"":""g6.png"",""x"":320,""y"":118},{""src"":""g7.png"",""x"":433,""y"":114},{""src"":""g15.png"",""x"":530,""y"":99}]",1,"SVO","SVO",1,1,"SVO",1,1,"animate",0
"12.11",12,"A1A3TGZ7DKJWRW","chrome","2015-05-27 02:09:50.746824","{""Q0"":""None"",""Q1"":""no"",""Q2"":""no"",""Q3"":""Yes""}",0,"1","1",11,"girl-kissing-boy.mp4",28204,"S:g6 O:g1 V:g11","[{""src"":""g6.png"",""x"":311,""y"":86},{""src"":""g11.png"",""x"":414,""y"":96},{""src"":""g1.png"",""x"":511,""y"":104}]",1,"SOO","SO",1,0,"SO",0,1,"animate",0
"12.12",12,"A1A3TGZ7DKJWRW","chrome","2015-05-27 02:09:50.746824","{""Q0"":""None"",""Q1"":""no"",""Q2"":""no"",""Q3"":""Yes""}",0,"1","1",12,"oldlady-elbowing-heart.mp4",24988,"S:g15 O:g10 V:g12","[{""src"":""g15.png"",""x"":330,""y"":110},{""src"":""g12.png"",""x"":436,""y"":101},{""src"":""g10.png"",""x"":557,""y"":93}]",1,"SVO","SVO",1,1,"SVO",1,1,"inanimate",0
"12.13",12,"A1A3TGZ7DKJWRW","chrome","2015-05-27 02:09:50.746824","{""Q0"":""None"",""Q1"":""no"",""Q2"":""no"",""Q3"":""Yes""}",0,"1","1",13,"fireman-lifting-car.mp4",22812,"S:g4 O:g5 V:g14","[{""src"":""g4.png"",""x"":309,""y"":113},{""src"":""g14.png"",""x"":414,""y"":118},{""src"":""g5.png"",""x"":512,""y"":96}]",1,"SVO","SVO",1,1,"SVO",1,1,"inanimate",0
"12.14",12,"A1A3TGZ7DKJWRW","chrome","2015-05-27 02:09:50.746824","{""Q0"":""None"",""Q1"":""no"",""Q2"":""no"",""Q3"":""Yes""}",0,"1","1",14,"girl-rubbing-heart.mp4",27742,"S:g6 O:g10 V:g3","[{""src"":""g13.png"",""x"":360,""y"":108},{""src"":""g13.png"",""x"":98,""y"":398},{""src"":""g6.png"",""x"":330,""y"":67},{""src"":""g3.png"",""x"":425,""y"":74},{""src"":""g10.png"",""x"":527,""y"":60}]",1,"XXSVO","XSVO",1,1,"SVO",1,1,"inanimate",0
"12.15",12,"A1A3TGZ7DKJWRW","chrome","2015-05-27 02:09:50.746824","{""Q0"":""None"",""Q1"":""no"",""Q2"":""no"",""Q3"":""Yes""}",0,"1","1",15,"boy-kicking-ball.mp4",28653,"S:g1 O:g2 V:g9","[{""src"":""g1.png"",""x"":309,""y"":123},{""src"":""g9.png"",""x"":426,""y"":158},{""src"":""g2.png"",""x"":540,""y"":153}]",1,"SVO","SVO",1,1,"SVO",1,1,"inanimate",0
"12.16",12,"A1A3TGZ7DKJWRW","chrome","2015-05-27 02:09:50.746824","{""Q0"":""None"",""Q1"":""no"",""Q2"":""no"",""Q3"":""Yes""}",0,"1","1",16,"fireman-pushing-boy.mp4",31850,"S:g4 O:g1 V:g8","[{""src"":""g4.png"",""x"":330,""y"":120},{""src"":""g8.png"",""x"":438,""y"":126},{""src"":""g1.png"",""x"":531,""y"":122}]",1,"SVO","SVO",1,1,"SVO",1,1,"animate",0
"12.18",12,"A1A3TGZ7DKJWRW","chrome","2015-05-27 02:09:50.746824","{""Q0"":""None"",""Q1"":""no"",""Q2"":""no"",""Q3"":""Yes""}",0,"1","1",18,"oldlady-rubbing-fireman.mp4",16373,"S:g15 O:g4 V:g3","[{""src"":""g15.png"",""x"":328,""y"":116},{""src"":""g3.png"",""x"":433,""y"":117},{""src"":""g4.png"",""x"":545,""y"":109}]",1,"SVO","SVO",1,1,"SVO",1,1,"animate",0
"12.19",12,"A1A3TGZ7DKJWRW","chrome","2015-05-27 02:09:50.746824","{""Q0"":""None"",""Q1"":""no"",""Q2"":""no"",""Q3"":""Yes""}",0,"1","1",19,"boy-lifting-girl.mp4",20394,"S:g1 O:g6 V:g14","[{""src"":""g1.png"",""x"":318,""y"":90},{""src"":""g14.png"",""x"":422,""y"":91},{""src"":""g6.png"",""x"":534,""y"":91}]",1,"SSO","SO",1,0,"SO",0,1,"animate",0
"12.20",12,"A1A3TGZ7DKJWRW","chrome","2015-05-27 02:09:50.746824","{""Q0"":""None"",""Q1"":""no"",""Q2"":""no"",""Q3"":""Yes""}",0,"1","1",20,"girl-pushing-car.mp4",18740,"S:g6 O:g5 V:g8","[{""src"":""g6.png"",""x"":353,""y"":121},{""src"":""g8.png"",""x"":460,""y"":126},{""src"":""g4.png"",""x"":19,""y"":397},{""src"":""g5.png"",""x"":557,""y"":122}]",1,"SVXO","SVXO",1,1,"SVO",1,1,"inanimate",0
"12.22",12,"A1A3TGZ7DKJWRW","chrome","2015-05-27 02:09:50.746824","{""Q0"":""None"",""Q1"":""no"",""Q2"":""no"",""Q3"":""Yes""}",0,"1","1",22,"fireman-kicking-girl.mp4",27053,"S:g4 O:g6 V:g9","[{""src"":""g4.png"",""x"":321,""y"":104},{""src"":""g7.png"",""x"":436,""y"":110},{""src"":""g6.png"",""x"":554,""y"":98}]",1,"SXO","SXO",1,1,"SO",0,1,"animate",0
"13.5",13,"A28KJPWD4OIG9E","chrome","2015-05-27 04:36:36.681896","{""Q0"":""I pictured the symbols as letters or actions, like the fireman symbol looked like an F. The kiss symbol looked like a beak of a bird..I know that sounds weird! But I pictured a bird kissing something."",""Q1"":""No"",""Q2"":""No"",""Q3"":""I tried to, but I think I forgot some. And then at first, I thought the boy in blue was a girl with short hair. So I might have answered that wrong!""}",0,"1","0.875",5,"oldlady-kissing-ball.mp4",27031,"S:g9 O:g14 V:g4","[{""src"":""g9.png"",""x"":33,""y"":167},{""src"":""g5.png"",""x"":151,""y"":182},{""src"":""g14.png"",""x"":259,""y"":181}]",1,"SXO","SXO",1,1,"SO",0,1,"inanimate",0
"13.6",13,"A28KJPWD4OIG9E","chrome","2015-05-27 04:36:36.681896","{""Q0"":""I pictured the symbols as letters or actions, like the fireman symbol looked like an F. The kiss symbol looked like a beak of a bird..I know that sounds weird! But I pictured a bird kissing something."",""Q1"":""No"",""Q2"":""No"",""Q3"":""I tried to, but I think I forgot some. And then at first, I thought the boy in blue was a girl with short hair. So I might have answered that wrong!""}",0,"1","0.875",6,"fireman-throwing-ball.mp4",21149,"S:g16 O:g14 V:g3","[{""src"":""g16.png"",""x"":43,""y"":152},{""src"":""g3.png"",""x"":169,""y"":175},{""src"":""g14.png"",""x"":284,""y"":156}]",1,"SVO","SVO",1,1,"SVO",1,1,"inanimate",0
"13.7",13,"A28KJPWD4OIG9E","chrome","2015-05-27 04:36:36.681896","{""Q0"":""I pictured the symbols as letters or actions, like the fireman symbol looked like an F. The kiss symbol looked like a beak of a bird..I know that sounds weird! But I pictured a bird kissing something."",""Q1"":""No"",""Q2"":""No"",""Q3"":""I tried to, but I think I forgot some. And then at first, I thought the boy in blue was a girl with short hair. So I might have answered that wrong!""}",0,"1","0.875",7,"fireman-lifting-car.mp4",18189,"S:g16 O:g12 V:g15","[{""src"":""g16.png"",""x"":55,""y"":170},{""src"":""g15.png"",""x"":160,""y"":182},{""src"":""g12.png"",""x"":270,""y"":185}]",1,"SVO","SVO",1,1,"SVO",1,1,"inanimate",0
"13.9",13,"A28KJPWD4OIG9E","chrome","2015-05-27 04:36:36.681896","{""Q0"":""I pictured the symbols as letters or actions, like the fireman symbol looked like an F. The kiss symbol looked like a beak of a bird..I know that sounds weird! But I pictured a bird kissing something."",""Q1"":""No"",""Q2"":""No"",""Q3"":""I tried to, but I think I forgot some. And then at first, I thought the boy in blue was a girl with short hair. So I might have answered that wrong!""}",0,"1","0.875",9,"boy-lifting-girl.mp4",32513,"S:g2 O:g6 V:g15","[{""src"":""g2.png"",""x"":66,""y"":193},{""src"":""g15.png"",""x"":171,""y"":204},{""src"":""g6.png"",""x"":276,""y"":184},{""src"":""g15.png"",""x"":171,""y"":188}]",1,"SVOV","SVO",1,1,"SVO",1,1,"animate",0
"13.11",13,"A28KJPWD4OIG9E","chrome","2015-05-27 04:36:36.681896","{""Q0"":""I pictured the symbols as letters or actions, like the fireman symbol looked like an F. The kiss symbol looked like a beak of a bird..I know that sounds weird! But I pictured a bird kissing something."",""Q1"":""No"",""Q2"":""No"",""Q3"":""I tried to, but I think I forgot some. And then at first, I thought the boy in blue was a girl with short hair. So I might have answered that wrong!""}",0,"1","0.875",11,"fireman-pushing-boy.mp4",14871,"S:g16 O:g2 V:g11","[{""src"":""g16.png"",""x"":29,""y"":190},{""src"":""g10.png"",""x"":132,""y"":190},{""src"":""g2.png"",""x"":236,""y"":182}]",1,"SXO","SXO",1,1,"SO",0,1,"animate",0
"13.12",13,"A28KJPWD4OIG9E","chrome","2015-05-27 04:36:36.681896","{""Q0"":""I pictured the symbols as letters or actions, like the fireman symbol looked like an F. The kiss symbol looked like a beak of a bird..I know that sounds weird! But I pictured a bird kissing something."",""Q1"":""No"",""Q2"":""No"",""Q3"":""I tried to, but I think I forgot some. And then at first, I thought the boy in blue was a girl with short hair. So I might have answered that wrong!""}",0,"1","0.875",12,"oldlady-elbowing-heart.mp4",18706,"S:g9 O:g7 V:g1","[{""src"":""g9.png"",""x"":57,""y"":185},{""src"":""g11.png"",""x"":212,""y"":503},{""src"":""g1.png"",""x"":173,""y"":190},{""src"":""g7.png"",""x"":280,""y"":175}]",1,"SVVO","SVO",1,1,"SVO",1,1,"inanimate",0
"13.13",13,"A28KJPWD4OIG9E","chrome","2015-05-27 04:36:36.681896","{""Q0"":""I pictured the symbols as letters or actions, like the fireman symbol looked like an F. The kiss symbol looked like a beak of a bird..I know that sounds weird! But I pictured a bird kissing something."",""Q1"":""No"",""Q2"":""No"",""Q3"":""I tried to, but I think I forgot some. And then at first, I thought the boy in blue was a girl with short hair. So I might have answered that wrong!""}",0,"1","0.875",13,"girl-throwing-oldlady.mp4",22367,"S:g6 O:g9 V:g3","[{""src"":""g6.png"",""x"":48,""y"":189},{""src"":""g9.png"",""x"":281,""y"":192},{""src"":""g3.png"",""x"":150,""y"":175}]",1,"SOV","SOV",1,1,"SOV",1,1,"animate",1
"13.14",13,"A28KJPWD4OIG9E","chrome","2015-05-27 04:36:36.681896","{""Q0"":""I pictured the symbols as letters or actions, like the fireman symbol looked like an F. The kiss symbol looked like a beak of a bird..I know that sounds weird! But I pictured a bird kissing something."",""Q1"":""No"",""Q2"":""No"",""Q3"":""I tried to, but I think I forgot some. And then at first, I thought the boy in blue was a girl with short hair. So I might have answered that wrong!""}",0,"1","0.875",14,"fireman-kicking-girl.mp4",36348,"S:g16 O:g6 V:g5","[{""src"":""g16.png"",""x"":61,""y"":188},{""src"":""g5.png"",""x"":169,""y"":193},{""src"":""g6.png"",""x"":277,""y"":188}]",1,"SVO","SVO",1,1,"SVO",1,1,"animate",0
"13.15",13,"A28KJPWD4OIG9E","chrome","2015-05-27 04:36:36.681896","{""Q0"":""I pictured the symbols as letters or actions, like the fireman symbol looked like an F. The kiss symbol looked like a beak of a bird..I know that sounds weird! But I pictured a bird kissing something."",""Q1"":""No"",""Q2"":""No"",""Q3"":""I tried to, but I think I forgot some. And then at first, I thought the boy in blue was a girl with short hair. So I might have answered that wrong!""}",0,"1","0.875",15,"girl-pushing-car.mp4",14081,"S:g6 O:g12 V:g11","[{""src"":""g3.png"",""x"":148,""y"":181},{""src"":""g6.png"",""x"":28,""y"":177},{""src"":""g12.png"",""x"":262,""y"":182}]",1,"XSO","XSO",1,1,"SO",0,1,"inanimate",0
"13.17",13,"A28KJPWD4OIG9E","chrome","2015-05-27 04:36:36.681896","{""Q0"":""I pictured the symbols as letters or actions, like the fireman symbol looked like an F. The kiss symbol looked like a beak of a bird..I know that sounds weird! But I pictured a bird kissing something."",""Q1"":""No"",""Q2"":""No"",""Q3"":""I tried to, but I think I forgot some. And then at first, I thought the boy in blue was a girl with short hair. So I might have answered that wrong!""}",0,"1","0.875",17,"girl-elbowing-oldlady.mp4",27022,"S:g6 O:g9 V:g1","[{""src"":""g6.png"",""x"":45,""y"":188},{""src"":""g11.png"",""x"":150,""y"":187},{""src"":""g11.png"",""x"":507,""y"":408},{""src"":""g1.png"",""x"":152,""y"":188},{""src"":""g9.png"",""x"":276,""y"":186}]",1,"SVVVO","SVO",1,1,"SVO",1,1,"animate",0
"13.18",13,"A28KJPWD4OIG9E","chrome","2015-05-27 04:36:36.681896","{""Q0"":""I pictured the symbols as letters or actions, like the fireman symbol looked like an F. The kiss symbol looked like a beak of a bird..I know that sounds weird! But I pictured a bird kissing something."",""Q1"":""No"",""Q2"":""No"",""Q3"":""I tried to, but I think I forgot some. And then at first, I thought the boy in blue was a girl with short hair. So I might have answered that wrong!""}",0,"1","0.875",18,"boy-kicking-ball.mp4",21427,"S:g2 O:g14 V:g5","[{""src"":""g2.png"",""x"":50,""y"":187},{""src"":""g5.png"",""x"":157,""y"":183},{""src"":""g14.png"",""x"":260,""y"":185}]",1,"SVO","SVO",1,1,"SVO",1,1,"inanimate",0
"13.20",13,"A28KJPWD4OIG9E","chrome","2015-05-27 04:36:36.681896","{""Q0"":""I pictured the symbols as letters or actions, like the fireman symbol looked like an F. The kiss symbol looked like a beak of a bird..I know that sounds weird! But I pictured a bird kissing something."",""Q1"":""No"",""Q2"":""No"",""Q3"":""I tried to, but I think I forgot some. And then at first, I thought the boy in blue was a girl with short hair. So I might have answered that wrong!""}",0,"1","0.875",20,"girl-kissing-boy.mp4",20593,"S:g6 O:g2 V:g4","[{""src"":""g6.png"",""x"":38,""y"":189},{""src"":""g4.png"",""x"":142,""y"":190},{""src"":""g2.png"",""x"":249,""y"":177},{""src"":""g2.png"",""x"":249,""y"":187}]",1,"SVOO","SVO",1,1,"SVO",1,1,"animate",0
"13.21",13,"A28KJPWD4OIG9E","chrome","2015-05-27 04:36:36.681896","{""Q0"":""I pictured the symbols as letters or actions, like the fireman symbol looked like an F. The kiss symbol looked like a beak of a bird..I know that sounds weird! But I pictured a bird kissing something."",""Q1"":""No"",""Q2"":""No"",""Q3"":""I tried to, but I think I forgot some. And then at first, I thought the boy in blue was a girl with short hair. So I might have answered that wrong!""}",0,"1","0.875",21,"girl-rubbing-heart.mp4",20801,"S:g6 O:g7 V:g13","[{""src"":""g6.png"",""x"":39,""y"":191},{""src"":""g13.png"",""x"":146,""y"":186},{""src"":""g7.png"",""x"":256,""y"":190}]",1,"SVO","SVO",1,1,"SVO",1,1,"inanimate",0
"13.22",13,"A28KJPWD4OIG9E","chrome","2015-05-27 04:36:36.681896","{""Q0"":""I pictured the symbols as letters or actions, like the fireman symbol looked like an F. The kiss symbol looked like a beak of a bird..I know that sounds weird! But I pictured a bird kissing something."",""Q1"":""No"",""Q2"":""No"",""Q3"":""I tried to, but I think I forgot some. And then at first, I thought the boy in blue was a girl with short hair. So I might have answered that wrong!""}",0,"1","0.875",22,"oldlady-rubbing-fireman.mp4",13963,"S:g9 O:g16 V:g13","[{""src"":""g9.png"",""x"":25,""y"":177},{""src"":""g13.png"",""x"":129,""y"":178},{""src"":""g16.png"",""x"":244,""y"":179}]",1,"SVO","SVO",1,1,"SVO",1,1,"animate",0
"15.7",15,"A77K8W55MJEKX","firefox","2015-05-27 06:14:35.815122","{""Q0"":"""",""Q1"":""no"",""Q2"":""no"",""Q3"":""tried to relate the pictures with certain words""}",0,"1","0.875",7,"oldlady-rubbing-fireman.mp4",40700,"S:g14 O:g4 V:g11","[{""src"":""g14.png"",""x"":98,""y"":129.99996948242188},{""src"":""g11.png"",""x"":193,""y"":128.99996948242188},{""src"":""g4.png"",""x"":279,""y"":134.99996948242188}]",1,"SVO","SVO",1,1,"SVO",1,1,"animate",0
"15.8",15,"A77K8W55MJEKX","firefox","2015-05-27 06:14:35.815122","{""Q0"":"""",""Q1"":""no"",""Q2"":""no"",""Q3"":""tried to relate the pictures with certain words""}",0,"1","0.875",8,"oldlady-elbowing-heart.mp4",34187,"S:g14 O:g9 V:g12","[{""src"":""g14.png"",""x"":29,""y"":158.99996948242188},{""src"":""g12.png"",""x"":144,""y"":154.99996948242188},{""src"":""g9.png"",""x"":250,""y"":144.99996948242188}]",1,"SVO","SVO",1,1,"SVO",1,1,"inanimate",0
"15.9",15,"A77K8W55MJEKX","firefox","2015-05-27 06:14:35.815122","{""Q0"":"""",""Q1"":""no"",""Q2"":""no"",""Q3"":""tried to relate the pictures with certain words""}",0,"1","0.875",9,"fireman-lifting-car.mp4",65629,"S:g4 O:g10 V:g2","[{""src"":""g4.png"",""x"":24,""y"":157.99996948242188},{""src"":""g2.png"",""x"":110,""y"":155.99996948242188},{""src"":""g10.png"",""x"":228,""y"":167.99996948242188}]",1,"SVO","SVO",1,1,"SVO",1,1,"inanimate",0
"15.10",15,"A77K8W55MJEKX","firefox","2015-05-27 06:14:35.815122","{""Q0"":"""",""Q1"":""no"",""Q2"":""no"",""Q3"":""tried to relate the pictures with certain words""}",0,"1","0.875",10,"fireman-kicking-girl.mp4",23232,"S:g4 O:g3 V:g1","[{""src"":""g4.png"",""x"":38,""y"":187.99996948242188},{""src"":""g1.png"",""x"":163,""y"":167.99996948242188},{""src"":""g3.png"",""x"":303,""y"":184.99996948242188}]",1,"SVO","SVO",1,1,"SVO",1,1,"animate",0
"15.11",15,"A77K8W55MJEKX","firefox","2015-05-27 06:14:35.815122","{""Q0"":"""",""Q1"":""no"",""Q2"":""no"",""Q3"":""tried to relate the pictures with certain words""}",0,"1","0.875",11,"fireman-pushing-boy.mp4",37096,"S:g4 O:g15 V:g5","[{""src"":""g4.png"",""x"":68,""y"":176.99996948242188},{""src"":""g10.png"",""x"":172,""y"":201.99996948242188},{""src"":""g10.png"",""x"":228,""y"":397},{""src"":""g5.png"",""x"":192,""y"":182.99996948242188},{""src"":""g15.png"",""x"":258,""y"":189.99996948242188}]",1,"SXXVO","SXVO",1,1,"SVO",1,1,"animate",0
"15.12",15,"A77K8W55MJEKX","firefox","2015-05-27 06:14:35.815122","{""Q0"":"""",""Q1"":""no"",""Q2"":""no"",""Q3"":""tried to relate the pictures with certain words""}",0,"1","0.875",12,"boy-kicking-ball.mp4",56518,"S:g15 O:g16 V:g1","[{""src"":""g15.png"",""x"":66,""y"":171.99996948242188},{""src"":""g1.png"",""x"":165,""y"":171.99996948242188},{""src"":""g16.png"",""x"":269,""y"":170.99996948242188}]",1,"SVO","SVO",1,1,"SVO",1,1,"inanimate",0
"15.13",15,"A77K8W55MJEKX","firefox","2015-05-27 06:14:35.815122","{""Q0"":"""",""Q1"":""no"",""Q2"":""no"",""Q3"":""tried to relate the pictures with certain words""}",0,"1","0.875",13,"oldlady-kissing-ball.mp4",40496,"S:g14 O:g16 V:g8","[{""src"":""g14.png"",""x"":52,""y"":184.99996948242188},{""src"":""g8.png"",""x"":162,""y"":212.99996948242188},{""src"":""g8.png"",""x"":157,""y"":193},{""src"":""g16.png"",""x"":282,""y"":198.99996948242188}]",1,"SVVO","SVO",1,1,"SVO",1,1,"inanimate",0
"15.14",15,"A77K8W55MJEKX","firefox","2015-05-27 06:14:35.815122","{""Q0"":"""",""Q1"":""no"",""Q2"":""no"",""Q3"":""tried to relate the pictures with certain words""}",0,"1","0.875",14,"boy-lifting-girl.mp4",38482,"S:g15 O:g3 V:g2","[{""src"":""g15.png"",""x"":64,""y"":208.99996948242188},{""src"":""g14.png"",""x"":407,""y"":416.9999694824219},{""src"":""g13.png"",""x"":177,""y"":207.99996948242188},{""src"":""g3.png"",""x"":283,""y"":223.99996948242188}]",1,"SXYO","SXYO",1,1,"SO",0,1,"animate",0
"15.15",15,"A77K8W55MJEKX","firefox","2015-05-27 06:14:35.815122","{""Q0"":"""",""Q1"":""no"",""Q2"":""no"",""Q3"":""tried to relate the pictures with certain words""}",0,"1","0.875",15,"girl-elbowing-oldlady.mp4",14581,"S:g3 O:g14 V:g12","[{""src"":""g3.png"",""x"":44,""y"":195.99996948242188},{""src"":""g11.png"",""x"":155,""y"":215.99996948242188},{""src"":""g14.png"",""x"":273,""y"":199.99996948242188}]",1,"SXO","SXO",1,1,"SO",0,1,"animate",0
"15.16",15,"A77K8W55MJEKX","firefox","2015-05-27 06:14:35.815122","{""Q0"":"""",""Q1"":""no"",""Q2"":""no"",""Q3"":""tried to relate the pictures with certain words""}",0,"1","0.875",16,"girl-throwing-oldlady.mp4",11066,"S:g3 O:g14 V:g13","[{""src"":""g3.png"",""x"":113,""y"":169.99996948242188},{""src"":""g7.png"",""x"":197,""y"":185.99996948242188},{""src"":""g14.png"",""x"":281,""y"":199.99996948242188}]",1,"SXO","SXO",1,1,"SO",0,1,"animate",0
"15.18",15,"A77K8W55MJEKX","firefox","2015-05-27 06:14:35.815122","{""Q0"":"""",""Q1"":""no"",""Q2"":""no"",""Q3"":""tried to relate the pictures with certain words""}",0,"1","0.875",18,"girl-rubbing-heart.mp4",12756,"S:g3 O:g9 V:g11","[{""src"":""g3.png"",""x"":69,""y"":124.99996948242188},{""src"":""g10.png"",""x"":152,""y"":141.99996948242188},{""src"":""g9.png"",""x"":278,""y"":150.99996948242188}]",1,"SXO","SXO",1,1,"SO",0,1,"inanimate",0
"15.19",15,"A77K8W55MJEKX","firefox","2015-05-27 06:14:35.815122","{""Q0"":"""",""Q1"":""no"",""Q2"":""no"",""Q3"":""tried to relate the pictures with certain words""}",0,"1","0.875",19,"girl-kissing-boy.mp4",17372,"S:g3 O:g15 V:g8","[{""src"":""g3.png"",""x"":20,""y"":196.99996948242188},{""src"":""g7.png"",""x"":136,""y"":199.99996948242188},{""src"":""g15.png"",""x"":288,""y"":190.99996948242188}]",1,"SXO","SXO",1,1,"SO",0,1,"animate",0
"15.20",15,"A77K8W55MJEKX","firefox","2015-05-27 06:14:35.815122","{""Q0"":"""",""Q1"":""no"",""Q2"":""no"",""Q3"":""tried to relate the pictures with certain words""}",0,"1","0.875",20,"girl-pushing-car.mp4",10910,"S:g3 O:g10 V:g5","[{""src"":""g3.png"",""x"":58,""y"":152.99996948242188},{""src"":""g13.png"",""x"":178,""y"":174.99996948242188},{""src"":""g15.png"",""x"":600,""y"":498.9999694824219},{""src"":""g2.png"",""x"":265,""y"":168.99996948242188}]",1,"SXYZ","SXYZ",1,1,"S",0,1,"inanimate",0
"15.22",15,"A77K8W55MJEKX","firefox","2015-05-27 06:14:35.815122","{""Q0"":"""",""Q1"":""no"",""Q2"":""no"",""Q3"":""tried to relate the pictures with certain words""}",0,"1","0.875",22,"fireman-throwing-ball.mp4",13706,"S:g4 O:g16 V:g13","[{""src"":""g4.png"",""x"":30,""y"":146.99996948242188},{""src"":""g12.png"",""x"":152,""y"":157.99996948242188},{""src"":""g14.png"",""x"":252,""y"":167.99996948242188}]",1,"SXY","SXY",1,1,"S",0,1,"inanimate",0
