"","participant","workerId","browser","beginhit","feedback","cheated","NumQuizTries","LastQuizScore","trial.number","stimulus","t.time","glyphs","moves","isTestTrial","RawOrder","ShortRawOrder","IsTransitive","RawComplete","CleanOrder","CleanComplete","WithAlmost","UsableOneMistk","PassesPractice","Animacy","CleanVLat","UsableVLat"
"1.1",1,"AIUXHD3U3XIHR","seamonkey","2015-10-07 04:21:24.680858","{""Q0"":""very interesting"",""Q1"":""4 look alikes"",""Q2"":""no"",""Q3"":""most of them""}",0,"3","1",1,"PracticeImage",14651,"g6","[{""src"":""g6.png"",""x"":657.0000152587891,""y"":57.000003814697266}]",0,"G","G",0,1,"G",1,"G",1,1,"PracticeImage",0,0
"1.2",1,"AIUXHD3U3XIHR","seamonkey","2015-10-07 04:21:24.680858","{""Q0"":""very interesting"",""Q1"":""4 look alikes"",""Q2"":""no"",""Q3"":""most of them""}",0,"3","1",2,"PracticeImage",5400,"g2","[{""src"":""g2.png"",""x"":657.0000152587891,""y"":57.000003814697266}]",0,"G","G",0,1,"G",1,"G",1,1,"PracticeImage",0,0
"1.3",1,"AIUXHD3U3XIHR","seamonkey","2015-10-07 04:21:24.680858","{""Q0"":""very interesting"",""Q1"":""4 look alikes"",""Q2"":""no"",""Q3"":""most of them""}",0,"3","1",3,"girl-pushing-ball.mp4",21456,"S:g10 O:g3 V:g8","[{""src"":""g10.png"",""x"":657.0000152587891,""y"":56.999996185302734},{""src"":""g8.png"",""x"":657.0000152587891,""y"":56.999996185302734},{""src"":""g3.png"",""x"":657.0000152587891,""y"":56.999996185302734}]",0,"SVO","SVO",1,1,"SVO",1,"SVO",1,1,"inanimate",0,0
"1.4",1,"AIUXHD3U3XIHR","seamonkey","2015-10-07 04:21:24.680858","{""Q0"":""very interesting"",""Q1"":""4 look alikes"",""Q2"":""no"",""Q3"":""most of them""}",0,"3","1",4,"car-tumbling-none.mp4",13545,"S:g6 O:none V:g7","[{""src"":""g6.png"",""x"":657.0000152587891,""y"":56.999996185302734},{""src"":""g7.png"",""x"":657.0000152587891,""y"":56.999996185302734}]",0,"SV","SV",0,1,"SV",1,"SV",1,1,"NoObject",0,0
"1.5",1,"AIUXHD3U3XIHR","seamonkey","2015-10-07 04:21:24.680858","{""Q0"":""very interesting"",""Q1"":""4 look alikes"",""Q2"":""no"",""Q3"":""most of them""}",0,"3","1",5,"car-rolling-none.mp4",14358,"S:g6 O:none V:g5","[{""src"":""g6.png"",""x"":657.0000152587891,""y"":56.999996185302734},{""src"":""g5.png"",""x"":657.0000152587891,""y"":56.999996185302734}]",1,"SV","SV",0,1,"SV",1,"SV",1,1,"NoObject",0,0
"1.6",1,"AIUXHD3U3XIHR","seamonkey","2015-10-07 04:21:24.680858","{""Q0"":""very interesting"",""Q1"":""4 look alikes"",""Q2"":""no"",""Q3"":""most of them""}",0,"3","1",6,"boy-rolling-none.mp4",21554,"S:g1 O:none V:g5","[{""src"":""g1.png"",""x"":657.0000152587891,""y"":56.999996185302734},{""src"":""g5.png"",""x"":657.0000152587891,""y"":56.999996185302734}]",1,"SV","SV",0,1,"SV",1,"SV",1,1,"NoObject",0,0
"1.7",1,"AIUXHD3U3XIHR","seamonkey","2015-10-07 04:21:24.680858","{""Q0"":""very interesting"",""Q1"":""4 look alikes"",""Q2"":""no"",""Q3"":""most of them""}",0,"3","1",7,"fireman-kicking-girl.mp4",15431,"S:g13 O:g10 V:g9","[{""src"":""g10.png"",""x"":657.0000152587891,""y"":56.999996185302734},{""src"":""g1.png"",""x"":657.0000152587891,""y"":56.999996185302734}]",1,"OX","OX",1,0,"O",0,"BadResponse",0,1,"animate",0,0
"1.8",1,"AIUXHD3U3XIHR","seamonkey","2015-10-07 04:21:24.680858","{""Q0"":""very interesting"",""Q1"":""4 look alikes"",""Q2"":""no"",""Q3"":""most of them""}",0,"3","1",8,"girl-tumbling-none.mp4",9733,"S:g10 O:none V:g7","[{""src"":""g10.png"",""x"":657.0000152587891,""y"":56.999996185302734},{""src"":""g7.png"",""x"":657.0000152587891,""y"":56.999996185302734}]",1,"SV","SV",0,1,"SV",1,"SV",1,1,"NoObject",0,0
"1.9",1,"AIUXHD3U3XIHR","seamonkey","2015-10-07 04:21:24.680858","{""Q0"":""very interesting"",""Q1"":""4 look alikes"",""Q2"":""no"",""Q3"":""most of them""}",0,"3","1",9,"girl-elbowing-oldlady.mp4",14815,"S:g10 O:g2 V:g11","[{""src"":""g2.png"",""x"":657.0000152587891,""y"":56.999996185302734},{""src"":""g10.png"",""x"":657.0000152587891,""y"":56.999996185302734},{""src"":""g11.png"",""x"":657.0000152587891,""y"":56.999996185302734}]",1,"OSV","OSV",1,1,"OSV",1,"OSV",1,1,"animate",1,1
"1.10",1,"AIUXHD3U3XIHR","seamonkey","2015-10-07 04:21:24.680858","{""Q0"":""very interesting"",""Q1"":""4 look alikes"",""Q2"":""no"",""Q3"":""most of them""}",0,"3","1",10,"fireman-pushing-boy.mp4",21819,"S:g13 O:g1 V:g8","[{""src"":""g1.png"",""x"":657.0000152587891,""y"":56.999996185302734},{""src"":""g8.png"",""x"":657.0000152587891,""y"":56.999996185302734},{""src"":""g5.png"",""x"":657.0000152587891,""y"":56.999996185302734}]",1,"OVX","OVX",1,1,"OV",0,"OVX",1,1,"animate",0,0
"1.11",1,"AIUXHD3U3XIHR","seamonkey","2015-10-07 04:21:24.680858","{""Q0"":""very interesting"",""Q1"":""4 look alikes"",""Q2"":""no"",""Q3"":""most of them""}",0,"3","1",11,"boy-lifting-girl.mp4",18742,"S:g1 O:g10 V:g16","[{""src"":""g1.png"",""x"":657.0000152587891,""y"":56.999996185302734},{""src"":""g16.png"",""x"":657.0000152587891,""y"":56.999996185302734},{""src"":""g10.png"",""x"":657.0000152587891,""y"":56.999996185302734}]",1,"SSS","S",1,0,"S",0,"BadResponse",0,1,"animate",0,0
"1.12",1,"AIUXHD3U3XIHR","seamonkey","2015-10-07 04:21:24.680858","{""Q0"":""very interesting"",""Q1"":""4 look alikes"",""Q2"":""no"",""Q3"":""most of them""}",0,"3","1",12,"boy-kicking-ball.mp4",12267,"S:g1 O:g3 V:g9","[{""src"":""g1.png"",""x"":657.0000152587891,""y"":56.999996185302734},{""src"":""g9.png"",""x"":657.0000152587891,""y"":56.999996185302734},{""src"":""g3.png"",""x"":657.0000152587891,""y"":56.999996185302734}]",1,"SVO","SVO",1,1,"SVO",1,"SVO",1,1,"inanimate",0,0
"1.13",1,"AIUXHD3U3XIHR","seamonkey","2015-10-07 04:21:24.680858","{""Q0"":""very interesting"",""Q1"":""4 look alikes"",""Q2"":""no"",""Q3"":""most of them""}",0,"3","1",13,"fireman-throwing-ball.mp4",11388,"S:g13 O:g3 V:g4","[{""src"":""g1.png"",""x"":657.0000152587891,""y"":56.999996185302734},{""src"":""g4.png"",""x"":657.0000152587891,""y"":56.999996185302734},{""src"":""g3.png"",""x"":657.0000152587891,""y"":56.999996185302734}]",1,"XVO","XVO",1,1,"VO",0,"XVO",1,1,"inanimate",0,0
"1.14",1,"AIUXHD3U3XIHR","seamonkey","2015-10-07 04:21:24.680858","{""Q0"":""very interesting"",""Q1"":""4 look alikes"",""Q2"":""no"",""Q3"":""most of them""}",0,"3","1",14,"oldlady-rubbing-fireman.mp4",19052,"S:g2 O:g13 V:g15","[{""src"":""g2.png"",""x"":657.0000152587891,""y"":56.999996185302734},{""src"":""g15.png"",""x"":657.0000152587891,""y"":56.999996185302734},{""src"":""g1.png"",""x"":657.0000152587891,""y"":56.999996185302734}]",1,"SVX","SVX",1,1,"SV",0,"SVX",1,1,"animate",0,0
"1.15",1,"AIUXHD3U3XIHR","seamonkey","2015-10-07 04:21:24.680858","{""Q0"":""very interesting"",""Q1"":""4 look alikes"",""Q2"":""no"",""Q3"":""most of them""}",0,"3","1",15,"girl-kissing-boy.mp4",13631,"S:g10 O:g1 V:g14","[{""src"":""g10.png"",""x"":657.0000152587891,""y"":56.999996185302734},{""src"":""g14.png"",""x"":657.0000152587891,""y"":56.999996185302734},{""src"":""g1.png"",""x"":657.0000152587891,""y"":56.999996185302734}]",1,"SOO","SO",1,0,"SO",0,"BadResponse",0,1,"animate",0,0
"1.16",1,"AIUXHD3U3XIHR","seamonkey","2015-10-07 04:21:24.680858","{""Q0"":""very interesting"",""Q1"":""4 look alikes"",""Q2"":""no"",""Q3"":""most of them""}",0,"3","1",16,"oldlady-kissing-ball.mp4",14170,"S:g2 O:g3 V:g14","[{""src"":""g2.png"",""x"":657.0000152587891,""y"":56.999996185302734},{""src"":""g8.png"",""x"":657.0000152587891,""y"":56.999996185302734},{""src"":""g3.png"",""x"":657.0000152587891,""y"":56.999996185302734}]",1,"SXO","SXO",1,1,"SO",0,"SXO",1,1,"inanimate",0,0
"1.17",1,"AIUXHD3U3XIHR","seamonkey","2015-10-07 04:21:24.680858","{""Q0"":""very interesting"",""Q1"":""4 look alikes"",""Q2"":""no"",""Q3"":""most of them""}",0,"3","1",17,"fireman-lifting-car.mp4",13995,"S:g13 O:g6 V:g16","[{""src"":""g1.png"",""x"":657.0000152587891,""y"":56.999996185302734},{""src"":""g16.png"",""x"":657.0000152587891,""y"":56.999996185302734},{""src"":""g6.png"",""x"":657.0000152587891,""y"":56.999996185302734}]",1,"XVO","XVO",1,1,"VO",0,"XVO",1,1,"inanimate",0,0
"1.18",1,"AIUXHD3U3XIHR","seamonkey","2015-10-07 04:21:24.680858","{""Q0"":""very interesting"",""Q1"":""4 look alikes"",""Q2"":""no"",""Q3"":""most of them""}",0,"3","1",18,"girl-throwing-oldlady.mp4",12610,"S:g10 O:g2 V:g4","[{""src"":""g10.png"",""x"":657.0000152587891,""y"":56.999996185302734},{""src"":""g4.png"",""x"":657.0000152587891,""y"":56.999996185302734},{""src"":""g2.png"",""x"":657.0000152587891,""y"":56.999996185302734}]",1,"SVO","SVO",1,1,"SVO",1,"SVO",1,1,"animate",0,0
"1.19",1,"AIUXHD3U3XIHR","seamonkey","2015-10-07 04:21:24.680858","{""Q0"":""very interesting"",""Q1"":""4 look alikes"",""Q2"":""no"",""Q3"":""most of them""}",0,"3","1",19,"girl-rubbing-heart.mp4",14513,"S:g10 O:g12 V:g15","[{""src"":""g10.png"",""x"":657.0000152587891,""y"":56.999996185302734},{""src"":""g15.png"",""x"":657.0000152587891,""y"":56.999996185302734},{""src"":""g12.png"",""x"":657.0000152587891,""y"":56.999996185302734}]",1,"SVO","SVO",1,1,"SVO",1,"SVO",1,1,"inanimate",0,0
"1.20",1,"AIUXHD3U3XIHR","seamonkey","2015-10-07 04:21:24.680858","{""Q0"":""very interesting"",""Q1"":""4 look alikes"",""Q2"":""no"",""Q3"":""most of them""}",0,"3","1",20,"girl-pushing-car.mp4",14744,"S:g10 O:g6 V:g8","[{""src"":""g10.png"",""x"":657.0000152587891,""y"":56.999996185302734},{""src"":""g8.png"",""x"":657.0000152587891,""y"":56.999996185302734},{""src"":""g6.png"",""x"":657.0000152587891,""y"":56.999996185302734}]",1,"SVO","SVO",1,1,"SVO",1,"SVO",1,1,"inanimate",0,0
"1.21",1,"AIUXHD3U3XIHR","seamonkey","2015-10-07 04:21:24.680858","{""Q0"":""very interesting"",""Q1"":""4 look alikes"",""Q2"":""no"",""Q3"":""most of them""}",0,"3","1",21,"ball-rolling-none.mp4",9042,"S:g3 O:none V:g5","[{""src"":""g3.png"",""x"":657.0000152587891,""y"":56.999996185302734},{""src"":""g5.png"",""x"":657.0000152587891,""y"":56.999996185302734}]",1,"SV","SV",0,1,"SV",1,"SV",1,1,"NoObject",0,0
"1.22",1,"AIUXHD3U3XIHR","seamonkey","2015-10-07 04:21:24.680858","{""Q0"":""very interesting"",""Q1"":""4 look alikes"",""Q2"":""no"",""Q3"":""most of them""}",0,"3","1",22,"oldlady-elbowing-heart.mp4",11717,"S:g2 O:g12 V:g11","[{""src"":""g2.png"",""x"":657.0000152587891,""y"":56.999996185302734},{""src"":""g11.png"",""x"":657.0000152587891,""y"":56.999996185302734},{""src"":""g12.png"",""x"":657.0000152587891,""y"":56.999996185302734}]",1,"SVO","SVO",1,1,"SVO",1,"SVO",1,1,"inanimate",0,0
"2.1",2,"A12FQA7MZPXMB2","firefox","2015-10-07 04:22:04.597655","{""Q0"":""I'm annoyed I picked girl instead of oldlady for one of them, but otherwise, mostly happy with this. This was fun!"",""Q1"":""Nope"",""Q2"":""No. People have time to do that?"",""Q3"":""Yes.""}",0,"2","1",1,"PracticeImage",18864,"g2","[{""src"":""g2.png"",""x"":656.9999694824219,""y"":57}]",0,"G","G",0,1,"G",1,"G",1,1,"PracticeImage",0,0
"2.2",2,"A12FQA7MZPXMB2","firefox","2015-10-07 04:22:04.597655","{""Q0"":""I'm annoyed I picked girl instead of oldlady for one of them, but otherwise, mostly happy with this. This was fun!"",""Q1"":""Nope"",""Q2"":""No. People have time to do that?"",""Q3"":""Yes.""}",0,"2","1",2,"PracticeImage",9981,"g13","[{""src"":""g13.png"",""x"":656.9999694824219,""y"":57}]",0,"G","G",0,1,"G",1,"G",1,1,"PracticeImage",0,0
"2.3",2,"A12FQA7MZPXMB2","firefox","2015-10-07 04:22:04.597655","{""Q0"":""I'm annoyed I picked girl instead of oldlady for one of them, but otherwise, mostly happy with this. This was fun!"",""Q1"":""Nope"",""Q2"":""No. People have time to do that?"",""Q3"":""Yes.""}",0,"2","1",3,"car-tumbling-none.mp4",13023,"S:g13 O:none V:g16","[{""src"":""g13.png"",""x"":656.9999694824219,""y"":57},{""src"":""g6.png"",""x"":656.9999694824219,""y"":57}]",0,"SX","SX",0,1,"S",0,"SX",1,1,"NoObject",0,0
"2.4",2,"A12FQA7MZPXMB2","firefox","2015-10-07 04:22:04.597655","{""Q0"":""I'm annoyed I picked girl instead of oldlady for one of them, but otherwise, mostly happy with this. This was fun!"",""Q1"":""Nope"",""Q2"":""No. People have time to do that?"",""Q3"":""Yes.""}",0,"2","1",4,"girl-pushing-ball.mp4",17499,"S:g1 O:g10 V:g4","[{""src"":""g1.png"",""x"":656.9999694824219,""y"":57},{""src"":""g4.png"",""x"":656.9999694824219,""y"":57},{""src"":""g10.png"",""x"":656.9999694824219,""y"":57}]",0,"SVS","SV",1,0,"SV",0,"BadResponse",0,1,"inanimate",0,0
"2.5",2,"A12FQA7MZPXMB2","firefox","2015-10-07 04:22:04.597655","{""Q0"":""I'm annoyed I picked girl instead of oldlady for one of them, but otherwise, mostly happy with this. This was fun!"",""Q1"":""Nope"",""Q2"":""No. People have time to do that?"",""Q3"":""Yes.""}",0,"2","1",5,"girl-elbowing-oldlady.mp4",13800,"S:g1 O:g2 V:g9","[{""src"":""g1.png"",""x"":656.9999694824219,""y"":57},{""src"":""g9.png"",""x"":656.9999694824219,""y"":57},{""src"":""g2.png"",""x"":656.9999694824219,""y"":57}]",1,"SVO","SVO",1,1,"SVO",1,"SVO",1,1,"animate",0,0
"2.6",2,"A12FQA7MZPXMB2","firefox","2015-10-07 04:22:04.597655","{""Q0"":""I'm annoyed I picked girl instead of oldlady for one of them, but otherwise, mostly happy with this. This was fun!"",""Q1"":""Nope"",""Q2"":""No. People have time to do that?"",""Q3"":""Yes.""}",0,"2","1",6,"girl-throwing-oldlady.mp4",38651,"S:g1 O:g2 V:g7","[{""src"":""g2.png"",""x"":656.9999694824219,""y"":57},{""src"":""g7.png"",""x"":656.9999694824219,""y"":57},{""src"":""g1.png"",""x"":656.9999694824219,""y"":57}]",1,"OVS","OVS",1,1,"OVS",1,"OVS",1,1,"animate",0,0
"2.7",2,"A12FQA7MZPXMB2","firefox","2015-10-07 04:22:04.597655","{""Q0"":""I'm annoyed I picked girl instead of oldlady for one of them, but otherwise, mostly happy with this. This was fun!"",""Q1"":""Nope"",""Q2"":""No. People have time to do that?"",""Q3"":""Yes.""}",0,"2","1",7,"ball-rolling-none.mp4",13025,"S:g10 O:none V:g6","[{""src"":""g10.png"",""x"":656.9999694824219,""y"":57},{""src"":""g6.png"",""x"":656.9999694824219,""y"":57}]",1,"SV","SV",0,1,"SV",1,"SV",1,1,"NoObject",0,0
"2.8",2,"A12FQA7MZPXMB2","firefox","2015-10-07 04:22:04.597655","{""Q0"":""I'm annoyed I picked girl instead of oldlady for one of them, but otherwise, mostly happy with this. This was fun!"",""Q1"":""Nope"",""Q2"":""No. People have time to do that?"",""Q3"":""Yes.""}",0,"2","1",8,"fireman-lifting-car.mp4",17495,"S:g11 O:g13 V:g5","[{""src"":""g11.png"",""x"":656.9999694824219,""y"":57},{""src"":""g5.png"",""x"":656.9999694824219,""y"":57},{""src"":""g13.png"",""x"":656.9999694824219,""y"":57}]",1,"SVO","SVO",1,1,"SVO",1,"SVO",1,1,"inanimate",0,0
"2.9",2,"A12FQA7MZPXMB2","firefox","2015-10-07 04:22:04.597655","{""Q0"":""I'm annoyed I picked girl instead of oldlady for one of them, but otherwise, mostly happy with this. This was fun!"",""Q1"":""Nope"",""Q2"":""No. People have time to do that?"",""Q3"":""Yes.""}",0,"2","1",9,"fireman-kicking-girl.mp4",25809,"S:g11 O:g1 V:g14","[{""src"":""g1.png"",""x"":656.9999694824219,""y"":57},{""src"":""g16.png"",""x"":656.9999694824219,""y"":57},{""src"":""g11.png"",""x"":656.9999694824219,""y"":57}]",1,"OOS","OS",1,0,"OS",0,"BadResponse",0,1,"animate",0,0
"2.10",2,"A12FQA7MZPXMB2","firefox","2015-10-07 04:22:04.597655","{""Q0"":""I'm annoyed I picked girl instead of oldlady for one of them, but otherwise, mostly happy with this. This was fun!"",""Q1"":""Nope"",""Q2"":""No. People have time to do that?"",""Q3"":""Yes.""}",0,"2","1",10,"car-rolling-none.mp4",10634,"S:g13 O:none V:g6","[{""src"":""g13.png"",""x"":656.9999694824219,""y"":57},{""src"":""g6.png"",""x"":656.9999694824219,""y"":57}]",1,"SV","SV",0,1,"SV",1,"SV",1,1,"NoObject",0,0
"2.11",2,"A12FQA7MZPXMB2","firefox","2015-10-07 04:22:04.597655","{""Q0"":""I'm annoyed I picked girl instead of oldlady for one of them, but otherwise, mostly happy with this. This was fun!"",""Q1"":""Nope"",""Q2"":""No. People have time to do that?"",""Q3"":""Yes.""}",0,"2","1",11,"oldlady-kissing-ball.mp4",13129,"S:g2 O:g10 V:g15","[{""src"":""g2.png"",""x"":656.9999694824219,""y"":57},{""src"":""g15.png"",""x"":656.9999694824219,""y"":57},{""src"":""g10.png"",""x"":656.9999694824219,""y"":57}]",1,"SVO","SVO",1,1,"SVO",1,"SVO",1,1,"inanimate",0,0
"2.12",2,"A12FQA7MZPXMB2","firefox","2015-10-07 04:22:04.597655","{""Q0"":""I'm annoyed I picked girl instead of oldlady for one of them, but otherwise, mostly happy with this. This was fun!"",""Q1"":""Nope"",""Q2"":""No. People have time to do that?"",""Q3"":""Yes.""}",0,"2","1",12,"oldlady-rubbing-fireman.mp4",13745,"S:g2 O:g11 V:g8","[{""src"":""g2.png"",""x"":656.9999694824219,""y"":57},{""src"":""g8.png"",""x"":656.9999694824219,""y"":57},{""src"":""g11.png"",""x"":656.9999694824219,""y"":57}]",1,"SVO","SVO",1,1,"SVO",1,"SVO",1,1,"animate",0,0
"2.13",2,"A12FQA7MZPXMB2","firefox","2015-10-07 04:22:04.597655","{""Q0"":""I'm annoyed I picked girl instead of oldlady for one of them, but otherwise, mostly happy with this. This was fun!"",""Q1"":""Nope"",""Q2"":""No. People have time to do that?"",""Q3"":""Yes.""}",0,"2","1",13,"boy-kicking-ball.mp4",12911,"S:g12 O:g10 V:g14","[{""src"":""g12.png"",""x"":656.9999694824219,""y"":57},{""src"":""g14.png"",""x"":656.9999694824219,""y"":57},{""src"":""g10.png"",""x"":656.9999694824219,""y"":57}]",1,"SVO","SVO",1,1,"SVO",1,"SVO",1,1,"inanimate",0,0
"2.14",2,"A12FQA7MZPXMB2","firefox","2015-10-07 04:22:04.597655","{""Q0"":""I'm annoyed I picked girl instead of oldlady for one of them, but otherwise, mostly happy with this. This was fun!"",""Q1"":""Nope"",""Q2"":""No. People have time to do that?"",""Q3"":""Yes.""}",0,"2","1",14,"oldlady-elbowing-heart.mp4",10386,"S:g2 O:g3 V:g9","[{""src"":""g2.png"",""x"":656.9999694824219,""y"":57},{""src"":""g9.png"",""x"":656.9999694824219,""y"":57},{""src"":""g3.png"",""x"":656.9999694824219,""y"":57}]",1,"SVO","SVO",1,1,"SVO",1,"SVO",1,1,"inanimate",0,0
"2.15",2,"A12FQA7MZPXMB2","firefox","2015-10-07 04:22:04.597655","{""Q0"":""I'm annoyed I picked girl instead of oldlady for one of them, but otherwise, mostly happy with this. This was fun!"",""Q1"":""Nope"",""Q2"":""No. People have time to do that?"",""Q3"":""Yes.""}",0,"2","1",15,"boy-rolling-none.mp4",10392,"S:g12 O:none V:g6","[{""src"":""g12.png"",""x"":656.9999694824219,""y"":57},{""src"":""g6.png"",""x"":656.9999694824219,""y"":57}]",1,"SV","SV",0,1,"SV",1,"SV",1,1,"NoObject",0,0
"2.16",2,"A12FQA7MZPXMB2","firefox","2015-10-07 04:22:04.597655","{""Q0"":""I'm annoyed I picked girl instead of oldlady for one of them, but otherwise, mostly happy with this. This was fun!"",""Q1"":""Nope"",""Q2"":""No. People have time to do that?"",""Q3"":""Yes.""}",0,"2","1",16,"girl-tumbling-none.mp4",9300,"S:g1 O:none V:g16","[{""src"":""g1.png"",""x"":656.9999694824219,""y"":57}]",1,"S","S",0,0,"S",0,"BadResponse",0,1,"NoObject",0,0
"2.17",2,"A12FQA7MZPXMB2","firefox","2015-10-07 04:22:04.597655","{""Q0"":""I'm annoyed I picked girl instead of oldlady for one of them, but otherwise, mostly happy with this. This was fun!"",""Q1"":""Nope"",""Q2"":""No. People have time to do that?"",""Q3"":""Yes.""}",0,"2","1",17,"boy-lifting-girl.mp4",12271,"S:g12 O:g1 V:g5","[{""src"":""g12.png"",""x"":656.9999694824219,""y"":57},{""src"":""g5.png"",""x"":656.9999694824219,""y"":57},{""src"":""g1.png"",""x"":656.9999694824219,""y"":57}]",1,"SVO","SVO",1,1,"SVO",1,"SVO",1,1,"animate",0,0
"2.18",2,"A12FQA7MZPXMB2","firefox","2015-10-07 04:22:04.597655","{""Q0"":""I'm annoyed I picked girl instead of oldlady for one of them, but otherwise, mostly happy with this. This was fun!"",""Q1"":""Nope"",""Q2"":""No. People have time to do that?"",""Q3"":""Yes.""}",0,"2","1",18,"girl-pushing-car.mp4",12546,"S:g1 O:g13 V:g4","[{""src"":""g1.png"",""x"":656.9999694824219,""y"":57},{""src"":""g4.png"",""x"":656.9999694824219,""y"":57},{""src"":""g13.png"",""x"":656.9999694824219,""y"":57}]",1,"SVS","SV",1,0,"SV",0,"BadResponse",0,1,"inanimate",0,0
"2.19",2,"A12FQA7MZPXMB2","firefox","2015-10-07 04:22:04.597655","{""Q0"":""I'm annoyed I picked girl instead of oldlady for one of them, but otherwise, mostly happy with this. This was fun!"",""Q1"":""Nope"",""Q2"":""No. People have time to do that?"",""Q3"":""Yes.""}",0,"2","1",19,"girl-rubbing-heart.mp4",10963,"S:g1 O:g3 V:g8","[{""src"":""g1.png"",""x"":656.9999694824219,""y"":57},{""src"":""g8.png"",""x"":656.9999694824219,""y"":57},{""src"":""g3.png"",""x"":656.9999694824219,""y"":57}]",1,"SVO","SVO",1,1,"SVO",1,"SVO",1,1,"inanimate",0,0
"2.20",2,"A12FQA7MZPXMB2","firefox","2015-10-07 04:22:04.597655","{""Q0"":""I'm annoyed I picked girl instead of oldlady for one of them, but otherwise, mostly happy with this. This was fun!"",""Q1"":""Nope"",""Q2"":""No. People have time to do that?"",""Q3"":""Yes.""}",0,"2","1",20,"girl-kissing-boy.mp4",13653,"S:g1 O:g12 V:g15","[{""src"":""g1.png"",""x"":656.9999694824219,""y"":57},{""src"":""g15.png"",""x"":656.9999694824219,""y"":57},{""src"":""g12.png"",""x"":656.9999694824219,""y"":57}]",1,"SSS","S",1,0,"S",0,"BadResponse",0,1,"animate",0,0
"2.21",2,"A12FQA7MZPXMB2","firefox","2015-10-07 04:22:04.597655","{""Q0"":""I'm annoyed I picked girl instead of oldlady for one of them, but otherwise, mostly happy with this. This was fun!"",""Q1"":""Nope"",""Q2"":""No. People have time to do that?"",""Q3"":""Yes.""}",0,"2","1",21,"fireman-pushing-boy.mp4",13990,"S:g11 O:g12 V:g4","[{""src"":""g11.png"",""x"":656.9999694824219,""y"":57},{""src"":""g4.png"",""x"":656.9999694824219,""y"":57},{""src"":""g12.png"",""x"":656.9999694824219,""y"":57}]",1,"SVO","SVO",1,1,"SVO",1,"SVO",1,1,"animate",0,0
"2.22",2,"A12FQA7MZPXMB2","firefox","2015-10-07 04:22:04.597655","{""Q0"":""I'm annoyed I picked girl instead of oldlady for one of them, but otherwise, mostly happy with this. This was fun!"",""Q1"":""Nope"",""Q2"":""No. People have time to do that?"",""Q3"":""Yes.""}",0,"2","1",22,"fireman-throwing-ball.mp4",18825,"S:g11 O:g10 V:g7","[{""src"":""g11.png"",""x"":656.9999694824219,""y"":57},{""src"":""g7.png"",""x"":656.9999694824219,""y"":57},{""src"":""g10.png"",""x"":656.9999694824219,""y"":57}]",1,"SVO","SVO",1,1,"SVO",1,"SVO",1,1,"inanimate",0,0
"3.1",3,"A27SXB640MSD2I","chrome","2015-10-07 04:23:27.888601","{""Q0"":""This was hard!"",""Q1"":""No"",""Q2"":""No"",""Q3"":""Yes""}",0,"2","1",1,"PracticeImage",8191,"g5","[{""src"":""g5.png"",""x"":657,""y"":57}]",0,"G","G",0,1,"G",1,"G",1,1,"PracticeImage",0,0
"3.2",3,"A27SXB640MSD2I","chrome","2015-10-07 04:23:27.888601","{""Q0"":""This was hard!"",""Q1"":""No"",""Q2"":""No"",""Q3"":""Yes""}",0,"2","1",2,"PracticeImage",5085,"g6","[{""src"":""g6.png"",""x"":657,""y"":57}]",0,"G","G",0,1,"G",1,"G",1,1,"PracticeImage",0,0
"3.3",3,"A27SXB640MSD2I","chrome","2015-10-07 04:23:27.888601","{""Q0"":""This was hard!"",""Q1"":""No"",""Q2"":""No"",""Q3"":""Yes""}",0,"2","1",3,"girl-pushing-ball.mp4",15820,"S:g15 O:g13 V:g12","[{""src"":""g15.png"",""x"":657,""y"":57},{""src"":""g12.png"",""x"":657,""y"":57},{""src"":""g13.png"",""x"":657,""y"":57}]",0,"SVO","SVO",1,1,"SVO",1,"SVO",1,1,"inanimate",0,0
"3.4",3,"A27SXB640MSD2I","chrome","2015-10-07 04:23:27.888601","{""Q0"":""This was hard!"",""Q1"":""No"",""Q2"":""No"",""Q3"":""Yes""}",0,"2","1",4,"car-tumbling-none.mp4",11000,"S:g6 O:none V:g11","[{""src"":""g6.png"",""x"":657,""y"":57},{""src"":""g11.png"",""x"":657,""y"":57}]",0,"SV","SV",0,1,"SV",1,"SV",1,1,"NoObject",0,0
"3.5",3,"A27SXB640MSD2I","chrome","2015-10-07 04:23:27.888601","{""Q0"":""This was hard!"",""Q1"":""No"",""Q2"":""No"",""Q3"":""Yes""}",0,"2","1",5,"girl-tumbling-none.mp4",12869,"S:g15 O:none V:g11","[{""src"":""g15.png"",""x"":657,""y"":57},{""src"":""g11.png"",""x"":657,""y"":57}]",1,"SV","SV",0,1,"SV",1,"SV",1,1,"NoObject",0,0
"3.6",3,"A27SXB640MSD2I","chrome","2015-10-07 04:23:27.888601","{""Q0"":""This was hard!"",""Q1"":""No"",""Q2"":""No"",""Q3"":""Yes""}",0,"2","1",6,"fireman-pushing-boy.mp4",10294,"S:g7 O:g14 V:g12","[{""src"":""g7.png"",""x"":657,""y"":57},{""src"":""g12.png"",""x"":657,""y"":57}]",1,"SV","SV",1,0,"SV",0,"BadResponse",0,1,"animate",0,0
"3.7",3,"A27SXB640MSD2I","chrome","2015-10-07 04:23:27.888601","{""Q0"":""This was hard!"",""Q1"":""No"",""Q2"":""No"",""Q3"":""Yes""}",0,"2","1",7,"fireman-lifting-car.mp4",21785,"S:g7 O:g6 V:g4","[{""src"":""g7.png"",""x"":657,""y"":57},{""src"":""g4.png"",""x"":657,""y"":57},{""src"":""g6.png"",""x"":657,""y"":57}]",1,"SVO","SVO",1,1,"SVO",1,"SVO",1,1,"inanimate",0,0
"3.8",3,"A27SXB640MSD2I","chrome","2015-10-07 04:23:27.888601","{""Q0"":""This was hard!"",""Q1"":""No"",""Q2"":""No"",""Q3"":""Yes""}",0,"2","1",8,"girl-elbowing-oldlady.mp4",21002,"S:g15 O:g5 V:g16","[{""src"":""g15.png"",""x"":657,""y"":57},{""src"":""g2.png"",""x"":657,""y"":57},{""src"":""g5.png"",""x"":657,""y"":57}]",1,"SXO","SXO",1,1,"SO",0,"SXO",1,1,"animate",0,0
"3.9",3,"A27SXB640MSD2I","chrome","2015-10-07 04:23:27.888601","{""Q0"":""This was hard!"",""Q1"":""No"",""Q2"":""No"",""Q3"":""Yes""}",0,"2","1",9,"oldlady-rubbing-fireman.mp4",13735,"S:g5 O:g7 V:g2","[{""src"":""g5.png"",""x"":657,""y"":57},{""src"":""g2.png"",""x"":657,""y"":57},{""src"":""g7.png"",""x"":657,""y"":57}]",1,"SVO","SVO",1,1,"SVO",1,"SVO",1,1,"animate",0,0
"3.10",3,"A27SXB640MSD2I","chrome","2015-10-07 04:23:27.888601","{""Q0"":""This was hard!"",""Q1"":""No"",""Q2"":""No"",""Q3"":""Yes""}",0,"2","1",10,"girl-throwing-oldlady.mp4",10683,"S:g15 O:g5 V:g3","[{""src"":""g15.png"",""x"":657,""y"":57},{""src"":""g3.png"",""x"":657,""y"":57},{""src"":""g5.png"",""x"":657,""y"":57}]",1,"SVO","SVO",1,1,"SVO",1,"SVO",1,1,"animate",0,0
"3.11",3,"A27SXB640MSD2I","chrome","2015-10-07 04:23:27.888601","{""Q0"":""This was hard!"",""Q1"":""No"",""Q2"":""No"",""Q3"":""Yes""}",0,"2","1",11,"oldlady-elbowing-heart.mp4",15069,"S:g5 O:g9 V:g16","[{""src"":""g5.png"",""x"":657,""y"":57},{""src"":""g2.png"",""x"":657,""y"":57},{""src"":""g9.png"",""x"":657,""y"":57}]",1,"SXO","SXO",1,1,"SO",0,"SXO",1,1,"inanimate",0,0
"3.12",3,"A27SXB640MSD2I","chrome","2015-10-07 04:23:27.888601","{""Q0"":""This was hard!"",""Q1"":""No"",""Q2"":""No"",""Q3"":""Yes""}",0,"2","1",12,"boy-kicking-ball.mp4",11604,"S:g14 O:g13 V:g10","[{""src"":""g14.png"",""x"":657,""y"":57},{""src"":""g10.png"",""x"":657,""y"":57}]",1,"SV","SV",1,0,"SV",0,"BadResponse",0,1,"inanimate",0,0
"3.13",3,"A27SXB640MSD2I","chrome","2015-10-07 04:23:27.888601","{""Q0"":""This was hard!"",""Q1"":""No"",""Q2"":""No"",""Q3"":""Yes""}",0,"2","1",13,"girl-kissing-boy.mp4",12174,"S:g15 O:g14 V:g1","[{""src"":""g15.png"",""x"":657,""y"":57},{""src"":""g1.png"",""x"":657,""y"":57}]",1,"SV","SV",1,0,"SV",0,"BadResponse",0,1,"animate",0,0
"3.14",3,"A27SXB640MSD2I","chrome","2015-10-07 04:23:27.888601","{""Q0"":""This was hard!"",""Q1"":""No"",""Q2"":""No"",""Q3"":""Yes""}",0,"2","1",14,"boy-lifting-girl.mp4",11393,"S:g14 O:g15 V:g4","[{""src"":""g14.png"",""x"":657,""y"":57},{""src"":""g4.png"",""x"":657,""y"":57},{""src"":""g15.png"",""x"":657,""y"":57}]",1,"SVO","SVO",1,1,"SVO",1,"SVO",1,1,"animate",0,0
"3.15",3,"A27SXB640MSD2I","chrome","2015-10-07 04:23:27.888601","{""Q0"":""This was hard!"",""Q1"":""No"",""Q2"":""No"",""Q3"":""Yes""}",0,"2","1",15,"car-rolling-none.mp4",10206,"S:g6 O:none V:g8","[{""src"":""g6.png"",""x"":657,""y"":57},{""src"":""g8.png"",""x"":657,""y"":57}]",1,"SV","SV",0,1,"SV",1,"SV",1,1,"NoObject",0,0
"3.16",3,"A27SXB640MSD2I","chrome","2015-10-07 04:23:27.888601","{""Q0"":""This was hard!"",""Q1"":""No"",""Q2"":""No"",""Q3"":""Yes""}",0,"2","1",16,"ball-rolling-none.mp4",9477,"S:g13 O:none V:g8","[{""src"":""g13.png"",""x"":657,""y"":57},{""src"":""g8.png"",""x"":657,""y"":57}]",1,"SV","SV",0,1,"SV",1,"SV",1,1,"NoObject",0,0
"3.17",3,"A27SXB640MSD2I","chrome","2015-10-07 04:23:27.888601","{""Q0"":""This was hard!"",""Q1"":""No"",""Q2"":""No"",""Q3"":""Yes""}",0,"2","1",17,"fireman-kicking-girl.mp4",13598,"S:g7 O:g15 V:g10","[{""src"":""g7.png"",""x"":657,""y"":57},{""src"":""g10.png"",""x"":657,""y"":57},{""src"":""g15.png"",""x"":657,""y"":57}]",1,"SVO","SVO",1,1,"SVO",1,"SVO",1,1,"animate",0,0
"3.18",3,"A27SXB640MSD2I","chrome","2015-10-07 04:23:27.888601","{""Q0"":""This was hard!"",""Q1"":""No"",""Q2"":""No"",""Q3"":""Yes""}",0,"2","1",18,"girl-pushing-car.mp4",10551,"S:g15 O:g6 V:g12","[{""src"":""g15.png"",""x"":657,""y"":57},{""src"":""g8.png"",""x"":657,""y"":57},{""src"":""g6.png"",""x"":657,""y"":57}]",1,"SXO","SXO",1,1,"SO",0,"SXO",1,1,"inanimate",0,0
"3.19",3,"A27SXB640MSD2I","chrome","2015-10-07 04:23:27.888601","{""Q0"":""This was hard!"",""Q1"":""No"",""Q2"":""No"",""Q3"":""Yes""}",0,"2","1",19,"fireman-throwing-ball.mp4",8341,"S:g7 O:g13 V:g3","[{""src"":""g7.png"",""x"":657,""y"":57},{""src"":""g3.png"",""x"":657,""y"":57},{""src"":""g13.png"",""x"":657,""y"":57}]",1,"SVO","SVO",1,1,"SVO",1,"SVO",1,1,"inanimate",0,0
"3.20",3,"A27SXB640MSD2I","chrome","2015-10-07 04:23:27.888601","{""Q0"":""This was hard!"",""Q1"":""No"",""Q2"":""No"",""Q3"":""Yes""}",0,"2","1",20,"oldlady-kissing-ball.mp4",10940,"S:g5 O:g13 V:g1","[{""src"":""g5.png"",""x"":657,""y"":57},{""src"":""g1.png"",""x"":657,""y"":57},{""src"":""g13.png"",""x"":657,""y"":57}]",1,"SVO","SVO",1,1,"SVO",1,"SVO",1,1,"inanimate",0,0
"3.21",3,"A27SXB640MSD2I","chrome","2015-10-07 04:23:27.888601","{""Q0"":""This was hard!"",""Q1"":""No"",""Q2"":""No"",""Q3"":""Yes""}",0,"2","1",21,"boy-rolling-none.mp4",19037,"S:g14 O:none V:g8","[{""src"":""g14.png"",""x"":657,""y"":57},{""src"":""g8.png"",""x"":657,""y"":57}]",1,"SV","SV",0,1,"SV",1,"SV",1,1,"NoObject",0,0
"3.22",3,"A27SXB640MSD2I","chrome","2015-10-07 04:23:27.888601","{""Q0"":""This was hard!"",""Q1"":""No"",""Q2"":""No"",""Q3"":""Yes""}",0,"2","1",22,"girl-rubbing-heart.mp4",9502,"S:g15 O:g9 V:g2","[{""src"":""g15.png"",""x"":657,""y"":57},{""src"":""g2.png"",""x"":657,""y"":57},{""src"":""g9.png"",""x"":657,""y"":57}]",1,"SVO","SVO",1,1,"SVO",1,"SVO",1,1,"inanimate",0,0
"4.1",4,"A323O8GJP2B28X","chrome","2015-10-07 04:24:30.440555","{""Q0"":""That was tough"",""Q1"":""I did not."",""Q2"":""I did not."",""Q3"":""Yes.""}",0,"3","1",1,"PracticeImage",8470,"g15","[{""src"":""g15.png"",""x"":657,""y"":57}]",0,"G","G",0,1,"G",1,"G",1,1,"PracticeImage",0,0
"4.2",4,"A323O8GJP2B28X","chrome","2015-10-07 04:24:30.440555","{""Q0"":""That was tough"",""Q1"":""I did not."",""Q2"":""I did not."",""Q3"":""Yes.""}",0,"3","1",2,"PracticeImage",4653,"g2","[{""src"":""g2.png"",""x"":657,""y"":57}]",0,"G","G",0,1,"G",1,"G",1,1,"PracticeImage",0,0
"4.3",4,"A323O8GJP2B28X","chrome","2015-10-07 04:24:30.440555","{""Q0"":""That was tough"",""Q1"":""I did not."",""Q2"":""I did not."",""Q3"":""Yes.""}",0,"3","1",3,"car-tumbling-none.mp4",28683,"S:g15 O:none V:g9","[{""src"":""g15.png"",""x"":657,""y"":57},{""src"":""g9.png"",""x"":657,""y"":57}]",0,"SV","SV",0,1,"SV",1,"SV",1,1,"NoObject",0,0
"4.4",4,"A323O8GJP2B28X","chrome","2015-10-07 04:24:30.440555","{""Q0"":""That was tough"",""Q1"":""I did not."",""Q2"":""I did not."",""Q3"":""Yes.""}",0,"3","1",4,"girl-pushing-ball.mp4",12225,"S:g7 O:g5 V:g8","[{""src"":""g7.png"",""x"":657,""y"":57},{""src"":""g8.png"",""x"":657,""y"":57}]",0,"SV","SV",1,0,"SV",0,"BadResponse",0,1,"inanimate",0,0
"4.5",4,"A323O8GJP2B28X","chrome","2015-10-07 04:24:30.440555","{""Q0"":""That was tough"",""Q1"":""I did not."",""Q2"":""I did not."",""Q3"":""Yes.""}",0,"3","1",5,"ball-rolling-none.mp4",16835,"S:g5 O:none V:g11","[{""src"":""g5.png"",""x"":657,""y"":57},{""src"":""g11.png"",""x"":657,""y"":57}]",1,"SV","SV",0,1,"SV",1,"SV",1,1,"NoObject",0,0
"4.6",4,"A323O8GJP2B28X","chrome","2015-10-07 04:24:30.440555","{""Q0"":""That was tough"",""Q1"":""I did not."",""Q2"":""I did not."",""Q3"":""Yes.""}",0,"3","1",6,"girl-rubbing-heart.mp4",30908,"S:g7 O:g10 V:g6","[{""src"":""g7.png"",""x"":657,""y"":57},{""src"":""g6.png"",""x"":657,""y"":57},{""src"":""g10.png"",""x"":657,""y"":57}]",1,"SVO","SVO",1,1,"SVO",1,"SVO",1,1,"inanimate",0,0
"4.7",4,"A323O8GJP2B28X","chrome","2015-10-07 04:24:30.440555","{""Q0"":""That was tough"",""Q1"":""I did not."",""Q2"":""I did not."",""Q3"":""Yes.""}",0,"3","1",7,"girl-throwing-oldlady.mp4",22133,"S:g7 O:g2 V:g3","[{""src"":""g7.png"",""x"":657,""y"":57},{""src"":""g3.png"",""x"":657,""y"":57},{""src"":""g2.png"",""x"":657,""y"":57}]",1,"SVO","SVO",1,1,"SVO",1,"SVO",1,1,"animate",0,0
"4.8",4,"A323O8GJP2B28X","chrome","2015-10-07 04:24:30.440555","{""Q0"":""That was tough"",""Q1"":""I did not."",""Q2"":""I did not."",""Q3"":""Yes.""}",0,"3","1",8,"fireman-lifting-car.mp4",28421,"S:g13 O:g15 V:g16","[{""src"":""g13.png"",""x"":657,""y"":57},{""src"":""g16.png"",""x"":657,""y"":57},{""src"":""g15.png"",""x"":657,""y"":57}]",1,"SVO","SVO",1,1,"SVO",1,"SVO",1,1,"inanimate",0,0
"4.9",4,"A323O8GJP2B28X","chrome","2015-10-07 04:24:30.440555","{""Q0"":""That was tough"",""Q1"":""I did not."",""Q2"":""I did not."",""Q3"":""Yes.""}",0,"3","1",9,"girl-elbowing-oldlady.mp4",20829,"S:g7 O:g2 V:g12","[{""src"":""g7.png"",""x"":657,""y"":57},{""src"":""g2.png"",""x"":657,""y"":57},{""src"":""g6.png"",""x"":657,""y"":57}]",1,"SOX","SOX",1,1,"SO",0,"SOX",1,1,"animate",0,1
"4.10",4,"A323O8GJP2B28X","chrome","2015-10-07 04:24:30.440555","{""Q0"":""That was tough"",""Q1"":""I did not."",""Q2"":""I did not."",""Q3"":""Yes.""}",0,"3","1",10,"boy-kicking-ball.mp4",19677,"S:g4 O:g5 V:g14","[{""src"":""g4.png"",""x"":657,""y"":57},{""src"":""g14.png"",""x"":657,""y"":57},{""src"":""g5.png"",""x"":657,""y"":57}]",1,"SVO","SVO",1,1,"SVO",1,"SVO",1,1,"inanimate",0,0
"4.11",4,"A323O8GJP2B28X","chrome","2015-10-07 04:24:30.440555","{""Q0"":""That was tough"",""Q1"":""I did not."",""Q2"":""I did not."",""Q3"":""Yes.""}",0,"3","1",11,"boy-rolling-none.mp4",23062,"S:g4 O:none V:g11","[{""src"":""g4.png"",""x"":657,""y"":57},{""src"":""g11.png"",""x"":657,""y"":57}]",1,"SV","SV",0,1,"SV",1,"SV",1,1,"NoObject",0,0
"4.12",4,"A323O8GJP2B28X","chrome","2015-10-07 04:24:30.440555","{""Q0"":""That was tough"",""Q1"":""I did not."",""Q2"":""I did not."",""Q3"":""Yes.""}",0,"3","1",12,"oldlady-kissing-ball.mp4",25413,"S:g2 O:g5 V:g1","[{""src"":""g2.png"",""x"":657,""y"":57},{""src"":""g5.png"",""x"":657,""y"":57},{""src"":""g1.png"",""x"":657,""y"":57}]",1,"SOV","SOV",1,1,"SOV",1,"SOV",1,1,"inanimate",1,1
"4.13",4,"A323O8GJP2B28X","chrome","2015-10-07 04:24:30.440555","{""Q0"":""That was tough"",""Q1"":""I did not."",""Q2"":""I did not."",""Q3"":""Yes.""}",0,"3","1",13,"oldlady-elbowing-heart.mp4",18946,"S:g2 O:g10 V:g12","[{""src"":""g2.png"",""x"":657,""y"":57},{""src"":""g10.png"",""x"":657,""y"":57},{""src"":""g6.png"",""x"":657,""y"":57}]",1,"SOX","SOX",1,1,"SO",0,"SOX",1,1,"inanimate",0,1
"4.14",4,"A323O8GJP2B28X","chrome","2015-10-07 04:24:30.440555","{""Q0"":""That was tough"",""Q1"":""I did not."",""Q2"":""I did not."",""Q3"":""Yes.""}",0,"3","1",14,"boy-lifting-girl.mp4",16680,"S:g4 O:g7 V:g16","[{""src"":""g4.png"",""x"":657,""y"":57},{""src"":""g7.png"",""x"":657,""y"":57},{""src"":""g16.png"",""x"":657,""y"":57}]",1,"SOV","SOV",1,1,"SOV",1,"SOV",1,1,"animate",1,1
"4.15",4,"A323O8GJP2B28X","chrome","2015-10-07 04:24:30.440555","{""Q0"":""That was tough"",""Q1"":""I did not."",""Q2"":""I did not."",""Q3"":""Yes.""}",0,"3","1",15,"car-rolling-none.mp4",11837,"S:g15 O:none V:g11","[{""src"":""g15.png"",""x"":657,""y"":57},{""src"":""g11.png"",""x"":657,""y"":57}]",1,"SV","SV",0,1,"SV",1,"SV",1,1,"NoObject",0,0
"4.16",4,"A323O8GJP2B28X","chrome","2015-10-07 04:24:30.440555","{""Q0"":""That was tough"",""Q1"":""I did not."",""Q2"":""I did not."",""Q3"":""Yes.""}",0,"3","1",16,"girl-kissing-boy.mp4",14134,"S:g7 O:g4 V:g1","[{""src"":""g7.png"",""x"":657,""y"":57},{""src"":""g1.png"",""x"":657,""y"":57},{""src"":""g4.png"",""x"":657,""y"":57}]",1,"SVO","SVO",1,1,"SVO",1,"SVO",1,1,"animate",0,0
"4.17",4,"A323O8GJP2B28X","chrome","2015-10-07 04:24:30.440555","{""Q0"":""That was tough"",""Q1"":""I did not."",""Q2"":""I did not."",""Q3"":""Yes.""}",0,"3","1",17,"fireman-pushing-boy.mp4",25388,"S:g13 O:g4 V:g8","[{""src"":""g13.png"",""x"":657,""y"":57},{""src"":""g4.png"",""x"":657,""y"":57},{""src"":""g8.png"",""x"":657,""y"":57}]",1,"SOV","SOV",1,1,"SOV",1,"SOV",1,1,"animate",1,1
"4.18",4,"A323O8GJP2B28X","chrome","2015-10-07 04:24:30.440555","{""Q0"":""That was tough"",""Q1"":""I did not."",""Q2"":""I did not."",""Q3"":""Yes.""}",0,"3","1",18,"girl-tumbling-none.mp4",9411,"S:g7 O:none V:g9","[{""src"":""g7.png"",""x"":657,""y"":57},{""src"":""g9.png"",""x"":657,""y"":57}]",1,"SV","SV",0,1,"SV",1,"SV",1,1,"NoObject",0,0
"4.19",4,"A323O8GJP2B28X","chrome","2015-10-07 04:24:30.440555","{""Q0"":""That was tough"",""Q1"":""I did not."",""Q2"":""I did not."",""Q3"":""Yes.""}",0,"3","1",19,"girl-pushing-car.mp4",18257,"S:g7 O:g15 V:g8","[{""src"":""g7.png"",""x"":657,""y"":57},{""src"":""g8.png"",""x"":657,""y"":57},{""src"":""g15.png"",""x"":657,""y"":57}]",1,"SVO","SVO",1,1,"SVO",1,"SVO",1,1,"inanimate",0,0
"4.20",4,"A323O8GJP2B28X","chrome","2015-10-07 04:24:30.440555","{""Q0"":""That was tough"",""Q1"":""I did not."",""Q2"":""I did not."",""Q3"":""Yes.""}",0,"3","1",20,"fireman-throwing-ball.mp4",16761,"S:g13 O:g5 V:g3","[{""src"":""g13.png"",""x"":657,""y"":57},{""src"":""g3.png"",""x"":657,""y"":57},{""src"":""g15.png"",""x"":657,""y"":57}]",1,"SVX","SVX",1,1,"SV",0,"SVX",1,1,"inanimate",0,0
"4.21",4,"A323O8GJP2B28X","chrome","2015-10-07 04:24:30.440555","{""Q0"":""That was tough"",""Q1"":""I did not."",""Q2"":""I did not."",""Q3"":""Yes.""}",0,"3","1",21,"oldlady-rubbing-fireman.mp4",27446,"S:g2 O:g13 V:g6","[{""src"":""g2.png"",""x"":657,""y"":57},{""src"":""g13.png"",""x"":657,""y"":57},{""src"":""g6.png"",""x"":657,""y"":57}]",1,"SOV","SOV",1,1,"SOV",1,"SOV",1,1,"animate",1,1
"4.22",4,"A323O8GJP2B28X","chrome","2015-10-07 04:24:30.440555","{""Q0"":""That was tough"",""Q1"":""I did not."",""Q2"":""I did not."",""Q3"":""Yes.""}",0,"3","1",22,"fireman-kicking-girl.mp4",19030,"S:g13 O:g7 V:g14","[{""src"":""g13.png"",""x"":657,""y"":57},{""src"":""g7.png"",""x"":657,""y"":57},{""src"":""g8.png"",""x"":657,""y"":57}]",1,"SOX","SOX",1,1,"SO",0,"SOX",1,1,"animate",0,1
"5.1",5,"A24N00FSJO3DZP","chrome","2015-10-07 05:05:38.645592","{""Q0"":""I was too slow on the second task."",""Q1"":""No."",""Q2"":""No."",""Q3"":""Yes.""}",0,"2","1",1,"PracticeImage",9662,"g10","[{""src"":""g10.png"",""x"":657,""y"":57}]",0,"G","G",0,1,"G",1,"G",1,1,"PracticeImage",0,0
"5.2",5,"A24N00FSJO3DZP","chrome","2015-10-07 05:05:38.645592","{""Q0"":""I was too slow on the second task."",""Q1"":""No."",""Q2"":""No."",""Q3"":""Yes.""}",0,"2","1",2,"PracticeImage",3454,"g5","[{""src"":""g5.png"",""x"":657,""y"":57}]",0,"G","G",0,1,"G",1,"G",1,1,"PracticeImage",0,0
"5.3",5,"A24N00FSJO3DZP","chrome","2015-10-07 05:05:38.645592","{""Q0"":""I was too slow on the second task."",""Q1"":""No."",""Q2"":""No."",""Q3"":""Yes.""}",0,"2","1",3,"car-tumbling-none.mp4",15834,"S:g10 O:none V:g1","[{""src"":""g10.png"",""x"":657,""y"":57},{""src"":""g4.png"",""x"":657,""y"":57}]",0,"SX","SX",0,1,"S",0,"SX",1,1,"NoObject",0,0
"5.4",5,"A24N00FSJO3DZP","chrome","2015-10-07 05:05:38.645592","{""Q0"":""I was too slow on the second task."",""Q1"":""No."",""Q2"":""No."",""Q3"":""Yes.""}",0,"2","1",4,"girl-pushing-ball.mp4",20527,"S:g12 O:g6 V:g16","[{""src"":""g12.png"",""x"":657,""y"":57},{""src"":""g16.png"",""x"":657,""y"":57},{""src"":""g6.png"",""x"":657,""y"":57}]",0,"SVO","SVO",1,1,"SVO",1,"SVO",1,1,"inanimate",0,0
"5.5",5,"A24N00FSJO3DZP","chrome","2015-10-07 05:05:38.645592","{""Q0"":""I was too slow on the second task."",""Q1"":""No."",""Q2"":""No."",""Q3"":""Yes.""}",0,"2","1",5,"girl-pushing-car.mp4",14616,"S:g12 O:g10 V:g16","[{""src"":""g12.png"",""x"":657,""y"":57},{""src"":""g16.png"",""x"":657,""y"":57},{""src"":""g10.png"",""x"":657,""y"":57}]",1,"SVO","SVO",1,1,"SVO",1,"SVO",1,1,"inanimate",0,0
"5.6",5,"A24N00FSJO3DZP","chrome","2015-10-07 05:05:38.645592","{""Q0"":""I was too slow on the second task."",""Q1"":""No."",""Q2"":""No."",""Q3"":""Yes.""}",0,"2","1",6,"girl-rubbing-heart.mp4",15316,"S:g12 O:g3 V:g4","[{""src"":""g12.png"",""x"":657,""y"":57},{""src"":""g4.png"",""x"":657,""y"":57},{""src"":""g3.png"",""x"":657,""y"":57}]",1,"SVO","SVO",1,1,"SVO",1,"SVO",1,1,"inanimate",0,0
"5.7",5,"A24N00FSJO3DZP","chrome","2015-10-07 05:05:38.645592","{""Q0"":""I was too slow on the second task."",""Q1"":""No."",""Q2"":""No."",""Q3"":""Yes.""}",0,"2","1",7,"fireman-lifting-car.mp4",17277,"S:g13 O:g10 V:g2","[{""src"":""g13.png"",""x"":657,""y"":57},{""src"":""g2.png"",""x"":657,""y"":57},{""src"":""g10.png"",""x"":657,""y"":57}]",1,"SVO","SVO",1,1,"SVO",1,"SVO",1,1,"inanimate",0,0
"5.8",5,"A24N00FSJO3DZP","chrome","2015-10-07 05:05:38.645592","{""Q0"":""I was too slow on the second task."",""Q1"":""No."",""Q2"":""No."",""Q3"":""Yes.""}",0,"2","1",8,"ball-rolling-none.mp4",13577,"S:g6 O:none V:g15","[{""src"":""g6.png"",""x"":657,""y"":57},{""src"":""g4.png"",""x"":657,""y"":57}]",1,"SX","SX",0,1,"S",0,"SX",1,1,"NoObject",0,0
"5.9",5,"A24N00FSJO3DZP","chrome","2015-10-07 05:05:38.645592","{""Q0"":""I was too slow on the second task."",""Q1"":""No."",""Q2"":""No."",""Q3"":""Yes.""}",0,"2","1",9,"oldlady-rubbing-fireman.mp4",13202,"S:g5 O:g13 V:g4","[{""src"":""g5.png"",""x"":657,""y"":57},{""src"":""g4.png"",""x"":657,""y"":57},{""src"":""g13.png"",""x"":657,""y"":57}]",1,"SVO","SVO",1,1,"SVO",1,"SVO",1,1,"animate",0,0
"5.10",5,"A24N00FSJO3DZP","chrome","2015-10-07 05:05:38.645592","{""Q0"":""I was too slow on the second task."",""Q1"":""No."",""Q2"":""No."",""Q3"":""Yes.""}",0,"2","1",10,"boy-kicking-ball.mp4",17503,"S:g7 O:g6 V:g8","[{""src"":""g7.png"",""x"":657,""y"":57},{""src"":""g8.png"",""x"":657,""y"":57},{""src"":""g5.png"",""x"":657,""y"":57}]",1,"SVX","SVX",1,1,"SV",0,"SVX",1,1,"inanimate",0,0
"5.11",5,"A24N00FSJO3DZP","chrome","2015-10-07 05:05:38.645592","{""Q0"":""I was too slow on the second task."",""Q1"":""No."",""Q2"":""No."",""Q3"":""Yes.""}",0,"2","1",11,"oldlady-kissing-ball.mp4",13593,"S:g5 O:g6 V:g14","[{""src"":""g5.png"",""x"":657,""y"":57},{""src"":""g14.png"",""x"":657,""y"":57},{""src"":""g6.png"",""x"":657,""y"":57}]",1,"SVO","SVO",1,1,"SVO",1,"SVO",1,1,"inanimate",0,0
"5.12",5,"A24N00FSJO3DZP","chrome","2015-10-07 05:05:38.645592","{""Q0"":""I was too slow on the second task."",""Q1"":""No."",""Q2"":""No."",""Q3"":""Yes.""}",0,"2","1",12,"boy-lifting-girl.mp4",13270,"S:g7 O:g12 V:g2","[{""src"":""g7.png"",""x"":657,""y"":57},{""src"":""g2.png"",""x"":657,""y"":57},{""src"":""g12.png"",""x"":657,""y"":57}]",1,"SVO","SVO",1,1,"SVO",1,"SVO",1,1,"animate",0,0
"5.13",5,"A24N00FSJO3DZP","chrome","2015-10-07 05:05:38.645592","{""Q0"":""I was too slow on the second task."",""Q1"":""No."",""Q2"":""No."",""Q3"":""Yes.""}",0,"2","1",13,"boy-rolling-none.mp4",13307,"S:g7 O:none V:g15","[{""src"":""g7.png"",""x"":657,""y"":57},{""src"":""g15.png"",""x"":657,""y"":57}]",1,"SV","SV",0,1,"SV",1,"SV",1,1,"NoObject",0,0
"5.14",5,"A24N00FSJO3DZP","chrome","2015-10-07 05:05:38.645592","{""Q0"":""I was too slow on the second task."",""Q1"":""No."",""Q2"":""No."",""Q3"":""Yes.""}",0,"2","1",14,"fireman-pushing-boy.mp4",11698,"S:g13 O:g7 V:g16","[{""src"":""g13.png"",""x"":657,""y"":57},{""src"":""g16.png"",""x"":657,""y"":57},{""src"":""g7.png"",""x"":657,""y"":57}]",1,"SVO","SVO",1,1,"SVO",1,"SVO",1,1,"animate",0,0
"5.15",5,"A24N00FSJO3DZP","chrome","2015-10-07 05:05:38.645592","{""Q0"":""I was too slow on the second task."",""Q1"":""No."",""Q2"":""No."",""Q3"":""Yes.""}",0,"2","1",15,"girl-tumbling-none.mp4",8593,"S:g12 O:none V:g1","[{""src"":""g12.png"",""x"":657,""y"":57},{""src"":""g1.png"",""x"":657,""y"":57}]",1,"SV","SV",0,1,"SV",1,"SV",1,1,"NoObject",0,0
"5.16",5,"A24N00FSJO3DZP","chrome","2015-10-07 05:05:38.645592","{""Q0"":""I was too slow on the second task."",""Q1"":""No."",""Q2"":""No."",""Q3"":""Yes.""}",0,"2","1",16,"oldlady-elbowing-heart.mp4",13009,"S:g5 O:g3 V:g9","[{""src"":""g5.png"",""x"":657,""y"":57}]",1,"S","S",1,0,"S",0,"BadResponse",0,1,"inanimate",0,0
"5.17",5,"A24N00FSJO3DZP","chrome","2015-10-07 05:05:38.645592","{""Q0"":""I was too slow on the second task."",""Q1"":""No."",""Q2"":""No."",""Q3"":""Yes.""}",0,"2","1",17,"fireman-throwing-ball.mp4",15006,"S:g13 O:g6 V:g11","[{""src"":""g13.png"",""x"":657,""y"":57},{""src"":""g11.png"",""x"":657,""y"":57},{""src"":""g6.png"",""x"":657,""y"":57}]",1,"SVO","SVO",1,1,"SVO",1,"SVO",1,1,"inanimate",0,0
"5.18",5,"A24N00FSJO3DZP","chrome","2015-10-07 05:05:38.645592","{""Q0"":""I was too slow on the second task."",""Q1"":""No."",""Q2"":""No."",""Q3"":""Yes.""}",0,"2","1",18,"girl-elbowing-oldlady.mp4",14274,"S:g12 O:g5 V:g9","[{""src"":""g12.png"",""x"":657,""y"":57},{""src"":""g9.png"",""x"":657,""y"":57},{""src"":""g5.png"",""x"":657,""y"":57}]",1,"SVO","SVO",1,1,"SVO",1,"SVO",1,1,"animate",0,0
"5.19",5,"A24N00FSJO3DZP","chrome","2015-10-07 05:05:38.645592","{""Q0"":""I was too slow on the second task."",""Q1"":""No."",""Q2"":""No."",""Q3"":""Yes.""}",0,"2","1",19,"girl-kissing-boy.mp4",9583,"S:g12 O:g7 V:g14","[{""src"":""g12.png"",""x"":657,""y"":57},{""src"":""g14.png"",""x"":657,""y"":57},{""src"":""g7.png"",""x"":657,""y"":57}]",1,"SVO","SVO",1,1,"SVO",1,"SVO",1,1,"animate",0,0
"5.20",5,"A24N00FSJO3DZP","chrome","2015-10-07 05:05:38.645592","{""Q0"":""I was too slow on the second task."",""Q1"":""No."",""Q2"":""No."",""Q3"":""Yes.""}",0,"2","1",20,"fireman-kicking-girl.mp4",16067,"S:g13 O:g12 V:g8","[{""src"":""g13.png"",""x"":657,""y"":57},{""src"":""g8.png"",""x"":657,""y"":57},{""src"":""g12.png"",""x"":657,""y"":57}]",1,"SVO","SVO",1,1,"SVO",1,"SVO",1,1,"animate",0,0
"5.21",5,"A24N00FSJO3DZP","chrome","2015-10-07 05:05:38.645592","{""Q0"":""I was too slow on the second task."",""Q1"":""No."",""Q2"":""No."",""Q3"":""Yes.""}",0,"2","1",21,"car-rolling-none.mp4",7195,"S:g10 O:none V:g15","[{""src"":""g10.png"",""x"":657,""y"":57},{""src"":""g15.png"",""x"":657,""y"":57}]",1,"SV","SV",0,1,"SV",1,"SV",1,1,"NoObject",0,0
"5.22",5,"A24N00FSJO3DZP","chrome","2015-10-07 05:05:38.645592","{""Q0"":""I was too slow on the second task."",""Q1"":""No."",""Q2"":""No."",""Q3"":""Yes.""}",0,"2","1",22,"girl-throwing-oldlady.mp4",7974,"S:g12 O:g5 V:g11","[{""src"":""g12.png"",""x"":657,""y"":57},{""src"":""g11.png"",""x"":657,""y"":57},{""src"":""g5.png"",""x"":657,""y"":57}]",1,"SVO","SVO",1,1,"SVO",1,"SVO",1,1,"animate",0,0
"6.1",6,"AUEB2TV11ARG3","firefox","2015-10-07 05:53:49.239584","{""Q0"":"""",""Q1"":""only two that I kept confusing with each other"",""Q2"":""no"",""Q3"":""yes""}",0,"2","1",1,"PracticeImage",19279,"g1","[{""src"":""g1.png"",""x"":657,""y"":57}]",0,"G","G",0,1,"G",1,"G",1,1,"PracticeImage",0,0
"6.2",6,"AUEB2TV11ARG3","firefox","2015-10-07 05:53:49.239584","{""Q0"":"""",""Q1"":""only two that I kept confusing with each other"",""Q2"":""no"",""Q3"":""yes""}",0,"2","1",2,"PracticeImage",5731,"g7","[{""src"":""g7.png"",""x"":657,""y"":57}]",0,"G","G",0,1,"G",1,"G",1,1,"PracticeImage",0,0
"6.3",6,"AUEB2TV11ARG3","firefox","2015-10-07 05:53:49.239584","{""Q0"":"""",""Q1"":""only two that I kept confusing with each other"",""Q2"":""no"",""Q3"":""yes""}",0,"2","1",3,"car-tumbling-none.mp4",17984,"S:g1 O:none V:g15","[{""src"":""g1.png"",""x"":657,""y"":57},{""src"":""g13.png"",""x"":657,""y"":57}]",0,"SS","S",0,0,"S",0,"BadResponse",0,1,"NoObject",0,0
"6.4",6,"AUEB2TV11ARG3","firefox","2015-10-07 05:53:49.239584","{""Q0"":"""",""Q1"":""only two that I kept confusing with each other"",""Q2"":""no"",""Q3"":""yes""}",0,"2","1",4,"girl-pushing-ball.mp4",19266,"S:g11 O:g10 V:g2","[{""src"":""g13.png"",""x"":657,""y"":57},{""src"":""g11.png"",""x"":657,""y"":57},{""src"":""g10.png"",""x"":657,""y"":57}]",0,"XSO","XSO",1,1,"SO",0,"XSO",1,1,"inanimate",0,1
"6.5",6,"AUEB2TV11ARG3","firefox","2015-10-07 05:53:49.239584","{""Q0"":"""",""Q1"":""only two that I kept confusing with each other"",""Q2"":""no"",""Q3"":""yes""}",0,"2","1",5,"fireman-lifting-car.mp4",12749,"S:g5 O:g1 V:g9","[{""src"":""g3.png"",""x"":657,""y"":57},{""src"":""g9.png"",""x"":657,""y"":57},{""src"":""g1.png"",""x"":657,""y"":57}]",1,"XVO","XVO",1,1,"VO",0,"XVO",1,1,"inanimate",0,0
"6.6",6,"AUEB2TV11ARG3","firefox","2015-10-07 05:53:49.239584","{""Q0"":"""",""Q1"":""only two that I kept confusing with each other"",""Q2"":""no"",""Q3"":""yes""}",0,"2","1",6,"fireman-throwing-ball.mp4",12551,"S:g5 O:g10 V:g8","[{""src"":""g3.png"",""x"":657,""y"":57},{""src"":""g8.png"",""x"":657,""y"":57},{""src"":""g10.png"",""x"":657,""y"":57}]",1,"XVO","XVO",1,1,"VO",0,"XVO",1,1,"inanimate",0,0
"6.7",6,"AUEB2TV11ARG3","firefox","2015-10-07 05:53:49.239584","{""Q0"":"""",""Q1"":""only two that I kept confusing with each other"",""Q2"":""no"",""Q3"":""yes""}",0,"2","1",7,"oldlady-kissing-ball.mp4",18846,"S:g7 O:g10 V:g14","[{""src"":""g7.png"",""x"":657,""y"":57},{""src"":""g10.png"",""x"":657,""y"":57}]",1,"SO","SO",1,0,"SO",0,"BadResponse",0,1,"inanimate",0,0
"6.8",6,"AUEB2TV11ARG3","firefox","2015-10-07 05:53:49.239584","{""Q0"":"""",""Q1"":""only two that I kept confusing with each other"",""Q2"":""no"",""Q3"":""yes""}",0,"2","1",8,"boy-rolling-none.mp4",13041,"S:g3 O:none V:g13","[{""src"":""g3.png"",""x"":657,""y"":57},{""src"":""g13.png"",""x"":657,""y"":57}]",1,"SV","SV",0,1,"SV",1,"SV",1,1,"NoObject",0,0
"6.9",6,"AUEB2TV11ARG3","firefox","2015-10-07 05:53:49.239584","{""Q0"":"""",""Q1"":""only two that I kept confusing with each other"",""Q2"":""no"",""Q3"":""yes""}",0,"2","1",9,"fireman-pushing-boy.mp4",16821,"S:g5 O:g3 V:g2","[{""src"":""g3.png"",""x"":657,""y"":57},{""src"":""g2.png"",""x"":657,""y"":57},{""src"":""g13.png"",""x"":657,""y"":57}]",1,"OVX","OVX",1,1,"OV",0,"OVX",1,1,"animate",0,0
"6.10",6,"AUEB2TV11ARG3","firefox","2015-10-07 05:53:49.239584","{""Q0"":"""",""Q1"":""only two that I kept confusing with each other"",""Q2"":""no"",""Q3"":""yes""}",0,"2","1",10,"girl-elbowing-oldlady.mp4",24210,"S:g11 O:g7 V:g12","[{""src"":""g7.png"",""x"":657,""y"":57},{""src"":""g2.png"",""x"":657,""y"":57},{""src"":""g2.png"",""x"":657,""y"":57},{""src"":""g12.png"",""x"":657,""y"":57},{""src"":""g11.png"",""x"":657,""y"":57}]",1,"OXXVS","OXVS",1,1,"OVS",1,"OVS",1,1,"animate",0,0
"6.11",6,"AUEB2TV11ARG3","firefox","2015-10-07 05:53:49.239584","{""Q0"":"""",""Q1"":""only two that I kept confusing with each other"",""Q2"":""no"",""Q3"":""yes""}",0,"2","1",11,"girl-throwing-oldlady.mp4",10900,"S:g11 O:g7 V:g8","[{""src"":""g11.png"",""x"":657,""y"":57},{""src"":""g8.png"",""x"":657,""y"":57},{""src"":""g7.png"",""x"":657,""y"":57}]",1,"SVO","SVO",1,1,"SVO",1,"SVO",1,1,"animate",0,0
"6.12",6,"AUEB2TV11ARG3","firefox","2015-10-07 05:53:49.239584","{""Q0"":"""",""Q1"":""only two that I kept confusing with each other"",""Q2"":""no"",""Q3"":""yes""}",0,"2","1",12,"oldlady-rubbing-fireman.mp4",10780,"S:g7 O:g5 V:g16","[{""src"":""g7.png"",""x"":657,""y"":57},{""src"":""g16.png"",""x"":657,""y"":57},{""src"":""g3.png"",""x"":657,""y"":57}]",1,"SVX","SVX",1,1,"SV",0,"SVX",1,1,"animate",0,0
"6.13",6,"AUEB2TV11ARG3","firefox","2015-10-07 05:53:49.239584","{""Q0"":"""",""Q1"":""only two that I kept confusing with each other"",""Q2"":""no"",""Q3"":""yes""}",0,"2","1",13,"car-rolling-none.mp4",12684,"S:g1 O:none V:g13","[{""src"":""g1.png"",""x"":657,""y"":57},{""src"":""g13.png"",""x"":657,""y"":57}]",1,"SS","S",0,0,"S",0,"BadResponse",0,1,"NoObject",0,0
"6.14",6,"AUEB2TV11ARG3","firefox","2015-10-07 05:53:49.239584","{""Q0"":"""",""Q1"":""only two that I kept confusing with each other"",""Q2"":""no"",""Q3"":""yes""}",0,"2","1",14,"boy-lifting-girl.mp4",16381,"S:g3 O:g11 V:g9","[{""src"":""g3.png"",""x"":657,""y"":57},{""src"":""g9.png"",""x"":657,""y"":57},{""src"":""g11.png"",""x"":657,""y"":57}]",1,"SVO","SVO",1,1,"SVO",1,"SVO",1,1,"animate",0,0
"6.15",6,"AUEB2TV11ARG3","firefox","2015-10-07 05:53:49.239584","{""Q0"":"""",""Q1"":""only two that I kept confusing with each other"",""Q2"":""no"",""Q3"":""yes""}",0,"2","1",15,"girl-tumbling-none.mp4",15032,"S:g11 O:none V:g15","[{""src"":""g11.png"",""x"":657,""y"":57},{""src"":""g15.png"",""x"":657,""y"":57}]",1,"SV","SV",0,1,"SV",1,"SV",1,1,"NoObject",0,0
"6.16",6,"AUEB2TV11ARG3","firefox","2015-10-07 05:53:49.239584","{""Q0"":"""",""Q1"":""only two that I kept confusing with each other"",""Q2"":""no"",""Q3"":""yes""}",0,"2","1",16,"girl-rubbing-heart.mp4",16451,"S:g11 O:g6 V:g16","[{""src"":""g11.png"",""x"":657,""y"":57},{""src"":""g16.png"",""x"":657,""y"":57},{""src"":""g6.png"",""x"":657,""y"":57}]",1,"SVO","SVO",1,1,"SVO",1,"SVO",1,1,"inanimate",0,0
"6.17",6,"AUEB2TV11ARG3","firefox","2015-10-07 05:53:49.239584","{""Q0"":"""",""Q1"":""only two that I kept confusing with each other"",""Q2"":""no"",""Q3"":""yes""}",0,"2","1",17,"girl-pushing-car.mp4",14054,"S:g11 O:g1 V:g2","[{""src"":""g11.png"",""x"":657,""y"":57},{""src"":""g2.png"",""x"":657,""y"":57},{""src"":""g1.png"",""x"":657,""y"":57}]",1,"SVO","SVO",1,1,"SVO",1,"SVO",1,1,"inanimate",0,0
"6.18",6,"AUEB2TV11ARG3","firefox","2015-10-07 05:53:49.239584","{""Q0"":"""",""Q1"":""only two that I kept confusing with each other"",""Q2"":""no"",""Q3"":""yes""}",0,"2","1",18,"ball-rolling-none.mp4",12270,"S:g10 O:none V:g13","[{""src"":""g10.png"",""x"":657,""y"":57},{""src"":""g13.png"",""x"":657,""y"":57}]",1,"SV","SV",0,1,"SV",1,"SV",1,1,"NoObject",0,0
"6.19",6,"AUEB2TV11ARG3","firefox","2015-10-07 05:53:49.239584","{""Q0"":"""",""Q1"":""only two that I kept confusing with each other"",""Q2"":""no"",""Q3"":""yes""}",0,"2","1",19,"boy-kicking-ball.mp4",17048,"S:g3 O:g10 V:g4","[{""src"":""g3.png"",""x"":657,""y"":57},{""src"":""g2.png"",""x"":657,""y"":57},{""src"":""g10.png"",""x"":657,""y"":57}]",1,"SXO","SXO",1,1,"SO",0,"SXO",1,1,"inanimate",0,0
"6.20",6,"AUEB2TV11ARG3","firefox","2015-10-07 05:53:49.239584","{""Q0"":"""",""Q1"":""only two that I kept confusing with each other"",""Q2"":""no"",""Q3"":""yes""}",0,"2","1",20,"girl-kissing-boy.mp4",11070,"S:g11 O:g3 V:g14","[{""src"":""g11.png"",""x"":657,""y"":57},{""src"":""g14.png"",""x"":657,""y"":57},{""src"":""g3.png"",""x"":657,""y"":57}]",1,"SVO","SVO",1,1,"SVO",1,"SVO",1,1,"animate",0,0
"6.21",6,"AUEB2TV11ARG3","firefox","2015-10-07 05:53:49.239584","{""Q0"":"""",""Q1"":""only two that I kept confusing with each other"",""Q2"":""no"",""Q3"":""yes""}",0,"2","1",21,"fireman-kicking-girl.mp4",18856,"S:g5 O:g11 V:g4","[{""src"":""g3.png"",""x"":657,""y"":57},{""src"":""g4.png"",""x"":657,""y"":57},{""src"":""g11.png"",""x"":657,""y"":57}]",1,"XVO","XVO",1,1,"VO",0,"XVO",1,1,"animate",0,0
"6.22",6,"AUEB2TV11ARG3","firefox","2015-10-07 05:53:49.239584","{""Q0"":"""",""Q1"":""only two that I kept confusing with each other"",""Q2"":""no"",""Q3"":""yes""}",0,"2","1",22,"oldlady-elbowing-heart.mp4",11976,"S:g7 O:g6 V:g12","[{""src"":""g7.png"",""x"":657,""y"":57},{""src"":""g12.png"",""x"":657,""y"":57},{""src"":""g6.png"",""x"":657,""y"":57}]",1,"SVO","SVO",1,1,"SVO",1,"SVO",1,1,"inanimate",0,0
"7.1",7,"A2KHV2D09JAWPC","firefox","2015-10-07 08:55:53.695142","{""Q0"":""good task"",""Q1"":""no"",""Q2"":""no"",""Q3"":""yes""}",0,"2","1",1,"PracticeImage",13203,"g7","[{""src"":""g7.png"",""x"":657,""y"":57}]",0,"G","G",0,1,"G",1,"G",1,1,"PracticeImage",0,0
"7.2",7,"A2KHV2D09JAWPC","firefox","2015-10-07 08:55:53.695142","{""Q0"":""good task"",""Q1"":""no"",""Q2"":""no"",""Q3"":""yes""}",0,"2","1",2,"PracticeImage",7948,"g14","[{""src"":""g14.png"",""x"":657,""y"":57}]",0,"G","G",0,1,"G",1,"G",1,1,"PracticeImage",0,0
"7.3",7,"A2KHV2D09JAWPC","firefox","2015-10-07 08:55:53.695142","{""Q0"":""good task"",""Q1"":""no"",""Q2"":""no"",""Q3"":""yes""}",0,"2","1",3,"car-tumbling-none.mp4",18474,"S:g14 O:none V:g1","[{""src"":""g14.png"",""x"":657,""y"":57},{""src"":""g1.png"",""x"":657,""y"":57}]",0,"SV","SV",0,1,"SV",1,"SV",1,1,"NoObject",0,0
"7.4",7,"A2KHV2D09JAWPC","firefox","2015-10-07 08:55:53.695142","{""Q0"":""good task"",""Q1"":""no"",""Q2"":""no"",""Q3"":""yes""}",0,"2","1",4,"girl-pushing-ball.mp4",25112,"S:g12 O:g16 V:g2","[{""src"":""g12.png"",""x"":657,""y"":57},{""src"":""g16.png"",""x"":657,""y"":57},{""src"":""g2.png"",""x"":657,""y"":57}]",0,"SOV","SOV",1,1,"SOV",1,"SOV",1,1,"inanimate",1,1
"7.5",7,"A2KHV2D09JAWPC","firefox","2015-10-07 08:55:53.695142","{""Q0"":""good task"",""Q1"":""no"",""Q2"":""no"",""Q3"":""yes""}",0,"2","1",5,"car-rolling-none.mp4",27723,"S:g14 O:none V:g4","[{""src"":""g14.png"",""x"":657,""y"":57},{""src"":""g4.png"",""x"":657,""y"":57}]",1,"SV","SV",0,1,"SV",1,"SV",1,1,"NoObject",0,0
"7.6",7,"A2KHV2D09JAWPC","firefox","2015-10-07 08:55:53.695142","{""Q0"":""good task"",""Q1"":""no"",""Q2"":""no"",""Q3"":""yes""}",0,"2","1",6,"fireman-kicking-girl.mp4",30097,"S:g10 O:g12 V:g13","[{""src"":""g6.png"",""x"":657,""y"":57},{""src"":""g12.png"",""x"":657,""y"":57},{""src"":""g13.png"",""x"":657,""y"":57}]",1,"XOV","XOV",1,1,"OV",0,"XOV",1,1,"animate",0,1
"7.7",7,"A2KHV2D09JAWPC","firefox","2015-10-07 08:55:53.695142","{""Q0"":""good task"",""Q1"":""no"",""Q2"":""no"",""Q3"":""yes""}",0,"2","1",7,"girl-throwing-oldlady.mp4",20489,"S:g12 O:g7 V:g5","[{""src"":""g12.png"",""x"":657,""y"":57},{""src"":""g5.png"",""x"":657,""y"":57},{""src"":""g7.png"",""x"":657,""y"":57}]",1,"SVO","SVO",1,1,"SVO",1,"SVO",1,1,"animate",0,0
"7.8",7,"A2KHV2D09JAWPC","firefox","2015-10-07 08:55:53.695142","{""Q0"":""good task"",""Q1"":""no"",""Q2"":""no"",""Q3"":""yes""}",0,"2","1",8,"oldlady-kissing-ball.mp4",14403,"S:g7 O:g16 V:g9","[{""src"":""g7.png"",""x"":657,""y"":57},{""src"":""g9.png"",""x"":657,""y"":57},{""src"":""g16.png"",""x"":657,""y"":57}]",1,"SVO","SVO",1,1,"SVO",1,"SVO",1,1,"inanimate",0,0
"7.9",7,"A2KHV2D09JAWPC","firefox","2015-10-07 08:55:53.695142","{""Q0"":""good task"",""Q1"":""no"",""Q2"":""no"",""Q3"":""yes""}",0,"2","1",9,"girl-elbowing-oldlady.mp4",18999,"S:g12 O:g7 V:g11","[{""src"":""g12.png"",""x"":657,""y"":57},{""src"":""g11.png"",""x"":657,""y"":57},{""src"":""g7.png"",""x"":657,""y"":57}]",1,"SVO","SVO",1,1,"SVO",1,"SVO",1,1,"animate",0,0
"7.10",7,"A2KHV2D09JAWPC","firefox","2015-10-07 08:55:53.695142","{""Q0"":""good task"",""Q1"":""no"",""Q2"":""no"",""Q3"":""yes""}",0,"2","1",10,"girl-pushing-car.mp4",18988,"S:g12 O:g14 V:g2","[{""src"":""g12.png"",""x"":657,""y"":57},{""src"":""g2.png"",""x"":657,""y"":57},{""src"":""g14.png"",""x"":657,""y"":57}]",1,"SVO","SVO",1,1,"SVO",1,"SVO",1,1,"inanimate",0,0
"7.11",7,"A2KHV2D09JAWPC","firefox","2015-10-07 08:55:53.695142","{""Q0"":""good task"",""Q1"":""no"",""Q2"":""no"",""Q3"":""yes""}",0,"2","1",11,"oldlady-elbowing-heart.mp4",13546,"S:g7 O:g8 V:g11","[{""src"":""g7.png"",""x"":657,""y"":57},{""src"":""g11.png"",""x"":657,""y"":57},{""src"":""g8.png"",""x"":657,""y"":57}]",1,"SVO","SVO",1,1,"SVO",1,"SVO",1,1,"inanimate",0,0
"7.12",7,"A2KHV2D09JAWPC","firefox","2015-10-07 08:55:53.695142","{""Q0"":""good task"",""Q1"":""no"",""Q2"":""no"",""Q3"":""yes""}",0,"2","1",12,"ball-rolling-none.mp4",16812,"S:g16 O:none V:g4","[{""src"":""g16.png"",""x"":657,""y"":57},{""src"":""g4.png"",""x"":657,""y"":57}]",1,"SV","SV",0,1,"SV",1,"SV",1,1,"NoObject",0,0
"7.13",7,"A2KHV2D09JAWPC","firefox","2015-10-07 08:55:53.695142","{""Q0"":""good task"",""Q1"":""no"",""Q2"":""no"",""Q3"":""yes""}",0,"2","1",13,"oldlady-rubbing-fireman.mp4",14954,"S:g7 O:g10 V:g15","[{""src"":""g7.png"",""x"":657,""y"":57},{""src"":""g15.png"",""x"":657,""y"":57},{""src"":""g6.png"",""x"":657,""y"":57}]",1,"SVX","SVX",1,1,"SV",0,"SVX",1,1,"animate",0,0
"7.14",7,"A2KHV2D09JAWPC","firefox","2015-10-07 08:55:53.695142","{""Q0"":""good task"",""Q1"":""no"",""Q2"":""no"",""Q3"":""yes""}",0,"2","1",14,"boy-lifting-girl.mp4",12450,"S:g6 O:g12 V:g3","[{""src"":""g6.png"",""x"":657,""y"":57},{""src"":""g3.png"",""x"":657,""y"":57},{""src"":""g12.png"",""x"":657,""y"":57}]",1,"SVO","SVO",1,1,"SVO",1,"SVO",1,1,"animate",0,0
"7.15",7,"A2KHV2D09JAWPC","firefox","2015-10-07 08:55:53.695142","{""Q0"":""good task"",""Q1"":""no"",""Q2"":""no"",""Q3"":""yes""}",0,"2","1",15,"fireman-lifting-car.mp4",19065,"S:g10 O:g14 V:g3","[{""src"":""g5.png"",""x"":657,""y"":57},{""src"":""g3.png"",""x"":657,""y"":57},{""src"":""g14.png"",""x"":657,""y"":57}]",1,"XVO","XVO",1,1,"VO",0,"XVO",1,1,"inanimate",0,0
"7.16",7,"A2KHV2D09JAWPC","firefox","2015-10-07 08:55:53.695142","{""Q0"":""good task"",""Q1"":""no"",""Q2"":""no"",""Q3"":""yes""}",0,"2","1",16,"fireman-throwing-ball.mp4",20250,"S:g10 O:g16 V:g5","[{""src"":""g5.png"",""x"":657,""y"":57},{""src"":""g6.png"",""x"":657,""y"":57},{""src"":""g16.png"",""x"":657,""y"":57}]",1,"VXO","VXO",1,1,"VO",0,"VXO",1,1,"inanimate",0,1
"7.17",7,"A2KHV2D09JAWPC","firefox","2015-10-07 08:55:53.695142","{""Q0"":""good task"",""Q1"":""no"",""Q2"":""no"",""Q3"":""yes""}",0,"2","1",17,"girl-rubbing-heart.mp4",13307,"S:g12 O:g8 V:g15","[{""src"":""g12.png"",""x"":657,""y"":57},{""src"":""g15.png"",""x"":657,""y"":57},{""src"":""g8.png"",""x"":657,""y"":57}]",1,"SVO","SVO",1,1,"SVO",1,"SVO",1,1,"inanimate",0,0
"7.18",7,"A2KHV2D09JAWPC","firefox","2015-10-07 08:55:53.695142","{""Q0"":""good task"",""Q1"":""no"",""Q2"":""no"",""Q3"":""yes""}",0,"2","1",18,"girl-kissing-boy.mp4",20273,"S:g12 O:g6 V:g9","[{""src"":""g12.png"",""x"":657,""y"":57},{""src"":""g9.png"",""x"":657,""y"":57},{""src"":""g6.png"",""x"":657,""y"":57}]",1,"SVO","SVO",1,1,"SVO",1,"SVO",1,1,"animate",0,0
"7.19",7,"A2KHV2D09JAWPC","firefox","2015-10-07 08:55:53.695142","{""Q0"":""good task"",""Q1"":""no"",""Q2"":""no"",""Q3"":""yes""}",0,"2","1",19,"boy-rolling-none.mp4",16234,"S:g6 O:none V:g4","[{""src"":""g6.png"",""x"":657,""y"":57},{""src"":""g4.png"",""x"":657,""y"":57}]",1,"SV","SV",0,1,"SV",1,"SV",1,1,"NoObject",0,0
"7.20",7,"A2KHV2D09JAWPC","firefox","2015-10-07 08:55:53.695142","{""Q0"":""good task"",""Q1"":""no"",""Q2"":""no"",""Q3"":""yes""}",0,"2","1",20,"boy-kicking-ball.mp4",18882,"S:g6 O:g16 V:g13","[{""src"":""g6.png"",""x"":657,""y"":57},{""src"":""g13.png"",""x"":657,""y"":57},{""src"":""g16.png"",""x"":657,""y"":57}]",1,"SVO","SVO",1,1,"SVO",1,"SVO",1,1,"inanimate",0,0
"7.21",7,"A2KHV2D09JAWPC","firefox","2015-10-07 08:55:53.695142","{""Q0"":""good task"",""Q1"":""no"",""Q2"":""no"",""Q3"":""yes""}",0,"2","1",21,"girl-tumbling-none.mp4",16386,"S:g12 O:none V:g1","[{""src"":""g12.png"",""x"":657,""y"":57},{""src"":""g1.png"",""x"":657,""y"":57}]",1,"SV","SV",0,1,"SV",1,"SV",1,1,"NoObject",0,0
"7.22",7,"A2KHV2D09JAWPC","firefox","2015-10-07 08:55:53.695142","{""Q0"":""good task"",""Q1"":""no"",""Q2"":""no"",""Q3"":""yes""}",0,"2","1",22,"fireman-pushing-boy.mp4",21328,"S:g10 O:g6 V:g2","[{""src"":""g6.png"",""x"":657,""y"":57},{""src"":""g2.png"",""x"":657,""y"":57},{""src"":""g12.png"",""x"":657,""y"":57}]",1,"OVX","OVX",1,1,"OV",0,"OVX",1,1,"animate",0,0
"8.1",8,"A2U2HC38IZKZFC","chrome","2015-10-07 15:03:22.036872","{""Q0"":""no"",""Q1"":""no"",""Q2"":""no"",""Q3"":""yes""}",0,"3","1",1,"PracticeImage",8140,"g9","[{""src"":""g9.png"",""x"":657,""y"":57}]",0,"G","G",0,1,"G",1,"G",1,1,"PracticeImage",0,0
"8.2",8,"A2U2HC38IZKZFC","chrome","2015-10-07 15:03:22.036872","{""Q0"":""no"",""Q1"":""no"",""Q2"":""no"",""Q3"":""yes""}",0,"3","1",2,"PracticeImage",6292,"g2","[{""src"":""g2.png"",""x"":657,""y"":57}]",0,"G","G",0,1,"G",1,"G",1,1,"PracticeImage",0,0
"8.3",8,"A2U2HC38IZKZFC","chrome","2015-10-07 15:03:22.036872","{""Q0"":""no"",""Q1"":""no"",""Q2"":""no"",""Q3"":""yes""}",0,"3","1",3,"car-tumbling-none.mp4",24838,"S:g2 O:none V:g16","[{""src"":""g2.png"",""x"":657,""y"":57},{""src"":""g11.png"",""x"":657,""y"":57},{""src"":""g11.png"",""x"":657,""y"":57},{""src"":""g16.png"",""x"":657,""y"":57}]",0,"SXXV","SXV",0,0,"SV",1,"SV",1,1,"NoObject",0,0
"8.4",8,"A2U2HC38IZKZFC","chrome","2015-10-07 15:03:22.036872","{""Q0"":""no"",""Q1"":""no"",""Q2"":""no"",""Q3"":""yes""}",0,"3","1",4,"girl-pushing-ball.mp4",10405,"S:g1 O:g5 V:g6","[{""src"":""g1.png"",""x"":657,""y"":57},{""src"":""g5.png"",""x"":657,""y"":57}]",0,"SO","SO",1,0,"SO",0,"BadResponse",0,1,"inanimate",0,0
"8.5",8,"A2U2HC38IZKZFC","chrome","2015-10-07 15:03:22.036872","{""Q0"":""no"",""Q1"":""no"",""Q2"":""no"",""Q3"":""yes""}",0,"3","1",5,"boy-lifting-girl.mp4",17097,"S:g8 O:g1 V:g15","[{""src"":""g8.png"",""x"":657,""y"":57},{""src"":""g15.png"",""x"":657,""y"":57},{""src"":""g1.png"",""x"":657,""y"":57}]",1,"SOO","SO",1,0,"SO",0,"BadResponse",0,1,"animate",0,0
"8.6",8,"A2U2HC38IZKZFC","chrome","2015-10-07 15:03:22.036872","{""Q0"":""no"",""Q1"":""no"",""Q2"":""no"",""Q3"":""yes""}",0,"3","1",6,"girl-kissing-boy.mp4",15843,"S:g1 O:g8 V:g7","[{""src"":""g1.png"",""x"":657,""y"":57},{""src"":""g7.png"",""x"":657,""y"":57},{""src"":""g8.png"",""x"":657,""y"":57}]",1,"SVO","SVO",1,1,"SVO",1,"SVO",1,1,"animate",0,0
"8.7",8,"A2U2HC38IZKZFC","chrome","2015-10-07 15:03:22.036872","{""Q0"":""no"",""Q1"":""no"",""Q2"":""no"",""Q3"":""yes""}",0,"3","1",7,"fireman-kicking-girl.mp4",26063,"S:g4 O:g1 V:g3","[{""src"":""g1.png"",""x"":657,""y"":57},{""src"":""g4.png"",""x"":657,""y"":57}]",1,"OS","OS",1,0,"OS",0,"BadResponse",0,1,"animate",0,0
"8.8",8,"A2U2HC38IZKZFC","chrome","2015-10-07 15:03:22.036872","{""Q0"":""no"",""Q1"":""no"",""Q2"":""no"",""Q3"":""yes""}",0,"3","1",8,"ball-rolling-none.mp4",9697,"S:g5 O:none V:g11","[{""src"":""g5.png"",""x"":657,""y"":57},{""src"":""g11.png"",""x"":657,""y"":57}]",1,"SV","SV",0,1,"SV",1,"SV",1,1,"NoObject",0,0
"8.9",8,"A2U2HC38IZKZFC","chrome","2015-10-07 15:03:22.036872","{""Q0"":""no"",""Q1"":""no"",""Q2"":""no"",""Q3"":""yes""}",0,"3","1",9,"fireman-lifting-car.mp4",18244,"S:g4 O:g2 V:g15","[{""src"":""g4.png"",""x"":657,""y"":57},{""src"":""g2.png"",""x"":657,""y"":57},{""src"":""g15.png"",""x"":657,""y"":57},{""src"":""g15.png"",""x"":657,""y"":57}]",1,"SOVV","SOV",1,1,"SOV",1,"SOV",1,1,"inanimate",1,1
"8.10",8,"A2U2HC38IZKZFC","chrome","2015-10-07 15:03:22.036872","{""Q0"":""no"",""Q1"":""no"",""Q2"":""no"",""Q3"":""yes""}",0,"3","1",10,"fireman-throwing-ball.mp4",15601,"S:g4 O:g5 V:g14","[{""src"":""g4.png"",""x"":657,""y"":57},{""src"":""g15.png"",""x"":657,""y"":57},{""src"":""g5.png"",""x"":657,""y"":57}]",1,"SXO","SXO",1,1,"SO",0,"SXO",1,1,"inanimate",0,0
"8.11",8,"A2U2HC38IZKZFC","chrome","2015-10-07 15:03:22.036872","{""Q0"":""no"",""Q1"":""no"",""Q2"":""no"",""Q3"":""yes""}",0,"3","1",11,"car-rolling-none.mp4",16465,"S:g2 O:none V:g11","[{""src"":""g2.png"",""x"":657,""y"":57},{""src"":""g16.png"",""x"":657,""y"":57}]",1,"SX","SX",0,1,"S",0,"SX",1,1,"NoObject",0,0
"8.12",8,"A2U2HC38IZKZFC","chrome","2015-10-07 15:03:22.036872","{""Q0"":""no"",""Q1"":""no"",""Q2"":""no"",""Q3"":""yes""}",0,"3","1",12,"oldlady-rubbing-fireman.mp4",19686,"S:g9 O:g4 V:g13","[{""src"":""g9.png"",""x"":657,""y"":57},{""src"":""g5.png"",""x"":657,""y"":57},{""src"":""g5.png"",""x"":657,""y"":57},{""src"":""g4.png"",""x"":657,""y"":57},{""src"":""g13.png"",""x"":657,""y"":57}]",1,"SXXOV","SXOV",1,1,"SOV",1,"SOV",1,1,"animate",1,1
"8.13",8,"A2U2HC38IZKZFC","chrome","2015-10-07 15:03:22.036872","{""Q0"":""no"",""Q1"":""no"",""Q2"":""no"",""Q3"":""yes""}",0,"3","1",13,"fireman-pushing-boy.mp4",17165,"S:g4 O:g8 V:g6","[{""src"":""g4.png"",""x"":657,""y"":57},{""src"":""g8.png"",""x"":657,""y"":57},{""src"":""g11.png"",""x"":657,""y"":57},{""src"":""g11.png"",""x"":657,""y"":57}]",1,"SOXX","SOX",1,1,"SO",0,"SOX",1,1,"animate",0,1
"8.14",8,"A2U2HC38IZKZFC","chrome","2015-10-07 15:03:22.036872","{""Q0"":""no"",""Q1"":""no"",""Q2"":""no"",""Q3"":""yes""}",0,"3","1",14,"girl-tumbling-none.mp4",10037,"S:g1 O:none V:g16","[{""src"":""g1.png"",""x"":657,""y"":57},{""src"":""g16.png"",""x"":657,""y"":57}]",1,"SS","S",0,0,"S",0,"BadResponse",0,1,"NoObject",0,0
"8.15",8,"A2U2HC38IZKZFC","chrome","2015-10-07 15:03:22.036872","{""Q0"":""no"",""Q1"":""no"",""Q2"":""no"",""Q3"":""yes""}",0,"3","1",15,"boy-rolling-none.mp4",8950,"S:g8 O:none V:g11","[{""src"":""g8.png"",""x"":657,""y"":57},{""src"":""g11.png"",""x"":657,""y"":57}]",1,"SV","SV",0,1,"SV",1,"SV",1,1,"NoObject",0,0
"8.16",8,"A2U2HC38IZKZFC","chrome","2015-10-07 15:03:22.036872","{""Q0"":""no"",""Q1"":""no"",""Q2"":""no"",""Q3"":""yes""}",0,"3","1",16,"girl-elbowing-oldlady.mp4",14223,"S:g1 O:g9 V:g10","[{""src"":""g1.png"",""x"":657,""y"":57},{""src"":""g10.png"",""x"":657,""y"":57},{""src"":""g9.png"",""x"":657,""y"":57}]",1,"SSO","SO",1,0,"SO",0,"BadResponse",0,1,"animate",0,0
"8.17",8,"A2U2HC38IZKZFC","chrome","2015-10-07 15:03:22.036872","{""Q0"":""no"",""Q1"":""no"",""Q2"":""no"",""Q3"":""yes""}",0,"3","1",17,"girl-throwing-oldlady.mp4",23090,"S:g1 O:g9 V:g14","[{""src"":""g1.png"",""x"":657,""y"":57},{""src"":""g16.png"",""x"":657,""y"":57},{""src"":""g9.png"",""x"":657,""y"":57}]",1,"SSO","SO",1,0,"SO",0,"BadResponse",0,1,"animate",0,0
"8.18",8,"A2U2HC38IZKZFC","chrome","2015-10-07 15:03:22.036872","{""Q0"":""no"",""Q1"":""no"",""Q2"":""no"",""Q3"":""yes""}",0,"3","1",18,"boy-kicking-ball.mp4",10050,"S:g8 O:g5 V:g3","[{""src"":""g8.png"",""x"":657,""y"":57},{""src"":""g11.png"",""x"":657,""y"":57},{""src"":""g5.png"",""x"":657,""y"":57}]",1,"SXO","SXO",1,1,"SO",0,"SXO",1,1,"inanimate",0,0
"8.19",8,"A2U2HC38IZKZFC","chrome","2015-10-07 15:03:22.036872","{""Q0"":""no"",""Q1"":""no"",""Q2"":""no"",""Q3"":""yes""}",0,"3","1",19,"girl-rubbing-heart.mp4",12454,"S:g1 O:g12 V:g13","[{""src"":""g1.png"",""x"":657,""y"":57},{""src"":""g12.png"",""x"":657,""y"":57},{""src"":""g13.png"",""x"":657,""y"":57}]",1,"SSS","S",1,0,"S",0,"BadResponse",0,1,"inanimate",0,0
"8.20",8,"A2U2HC38IZKZFC","chrome","2015-10-07 15:03:22.036872","{""Q0"":""no"",""Q1"":""no"",""Q2"":""no"",""Q3"":""yes""}",0,"3","1",20,"oldlady-kissing-ball.mp4",11366,"S:g9 O:g5 V:g7","[{""src"":""g9.png"",""x"":657,""y"":57},{""src"":""g5.png"",""x"":657,""y"":57},{""src"":""g13.png"",""x"":657,""y"":57}]",1,"SOX","SOX",1,1,"SO",0,"SOX",1,1,"inanimate",0,1
"8.21",8,"A2U2HC38IZKZFC","chrome","2015-10-07 15:03:22.036872","{""Q0"":""no"",""Q1"":""no"",""Q2"":""no"",""Q3"":""yes""}",0,"3","1",21,"girl-pushing-car.mp4",12699,"S:g1 O:g2 V:g6","[{""src"":""g1.png"",""x"":657,""y"":57},{""src"":""g2.png"",""x"":657,""y"":57},{""src"":""g11.png"",""x"":657,""y"":57}]",1,"SOS","SO",1,0,"SO",0,"BadResponse",0,1,"inanimate",0,0
"8.22",8,"A2U2HC38IZKZFC","chrome","2015-10-07 15:03:22.036872","{""Q0"":""no"",""Q1"":""no"",""Q2"":""no"",""Q3"":""yes""}",0,"3","1",22,"oldlady-elbowing-heart.mp4",7690,"S:g9 O:g12 V:g10","[{""src"":""g9.png"",""x"":657,""y"":57},{""src"":""g12.png"",""x"":657,""y"":57},{""src"":""g10.png"",""x"":657,""y"":57}]",1,"SOV","SOV",1,1,"SOV",1,"SOV",1,1,"inanimate",1,1
"9.1",9,"A1GZOEMTN2KYDA","firefox","2015-10-07 15:35:04.220585","{""Q0"":""It was incredibly difficult"",""Q1"":""No"",""Q2"":""No"",""Q3"":""I tried as best I could!""}",0,"2","1",1,"PracticeImage",29993,"g14","[{""src"":""g14.png"",""x"":657,""y"":57}]",0,"G","G",0,1,"G",1,"G",1,0,"PracticeImage",0,0
"9.2",9,"A1GZOEMTN2KYDA","firefox","2015-10-07 15:35:04.220585","{""Q0"":""It was incredibly difficult"",""Q1"":""No"",""Q2"":""No"",""Q3"":""I tried as best I could!""}",0,"2","1",2,"PracticeImage",7491,"g8","[{""src"":""g8.png"",""x"":657,""y"":57}]",0,"G","G",0,1,"G",1,"G",1,0,"PracticeImage",0,0
"9.3",9,"A1GZOEMTN2KYDA","firefox","2015-10-07 15:35:04.220585","{""Q0"":""It was incredibly difficult"",""Q1"":""No"",""Q2"":""No"",""Q3"":""I tried as best I could!""}",0,"2","1",3,"car-tumbling-none.mp4",24932,"S:g14 O:none V:g4","[{""src"":""g14.png"",""x"":657,""y"":57},{""src"":""g9.png"",""x"":657,""y"":57},{""src"":""g7.png"",""x"":657,""y"":57},{""src"":""g11.png"",""x"":657,""y"":57}]",0,"SXYZ","SXYZ",0,0,"S",0,"BadResponse",0,0,"NoObject",0,0
"9.4",9,"A1GZOEMTN2KYDA","firefox","2015-10-07 15:35:04.220585","{""Q0"":""It was incredibly difficult"",""Q1"":""No"",""Q2"":""No"",""Q3"":""I tried as best I could!""}",0,"2","1",4,"girl-pushing-ball.mp4",27053,"S:g6 O:g1 V:g16","[{""src"":""g4.png"",""x"":657,""y"":57},{""src"":""g3.png"",""x"":657,""y"":57},{""src"":""g2.png"",""x"":657,""y"":57}]",0,"XYZ","XYZ",1,1,"",0,"BadResponse",0,0,"inanimate",0,0
"9.5",9,"A1GZOEMTN2KYDA","firefox","2015-10-07 15:35:04.220585","{""Q0"":""It was incredibly difficult"",""Q1"":""No"",""Q2"":""No"",""Q3"":""I tried as best I could!""}",0,"2","1",5,"fireman-kicking-girl.mp4",19219,"S:g7 O:g6 V:g9","[{""src"":""g5.png"",""x"":657,""y"":57},{""src"":""g4.png"",""x"":657,""y"":57},{""src"":""g11.png"",""x"":657,""y"":57}]",1,"XYZ","XYZ",1,1,"",0,"BadResponse",0,0,"animate",0,0
"9.6",9,"A1GZOEMTN2KYDA","firefox","2015-10-07 15:35:04.220585","{""Q0"":""It was incredibly difficult"",""Q1"":""No"",""Q2"":""No"",""Q3"":""I tried as best I could!""}",0,"2","1",6,"boy-rolling-none.mp4",15365,"S:g5 O:none V:g10","[{""src"":""g5.png"",""x"":657,""y"":57},{""src"":""g10.png"",""x"":657,""y"":57}]",1,"SV","SV",0,1,"SV",1,"SV",1,0,"NoObject",0,0
"9.7",9,"A1GZOEMTN2KYDA","firefox","2015-10-07 15:35:04.220585","{""Q0"":""It was incredibly difficult"",""Q1"":""No"",""Q2"":""No"",""Q3"":""I tried as best I could!""}",0,"2","1",7,"boy-lifting-girl.mp4",17794,"S:g5 O:g6 V:g13","[{""src"":""g5.png"",""x"":657,""y"":57},{""src"":""g16.png"",""x"":657,""y"":57},{""src"":""g13.png"",""x"":657,""y"":57}]",1,"SXV","SXV",1,1,"SV",0,"SXV",1,0,"animate",0,1
"9.8",9,"A1GZOEMTN2KYDA","firefox","2015-10-07 15:35:04.220585","{""Q0"":""It was incredibly difficult"",""Q1"":""No"",""Q2"":""No"",""Q3"":""I tried as best I could!""}",0,"2","1",8,"oldlady-elbowing-heart.mp4",13550,"S:g8 O:g15 V:g12","[{""src"":""g8.png"",""x"":657,""y"":57},{""src"":""g15.png"",""x"":657,""y"":57},{""src"":""g7.png"",""x"":657,""y"":57}]",1,"SOX","SOX",1,1,"SO",0,"SOX",1,0,"inanimate",0,1
"9.9",9,"A1GZOEMTN2KYDA","firefox","2015-10-07 15:35:04.220585","{""Q0"":""It was incredibly difficult"",""Q1"":""No"",""Q2"":""No"",""Q3"":""I tried as best I could!""}",0,"2","1",9,"fireman-lifting-car.mp4",14757,"S:g7 O:g14 V:g13","[{""src"":""g5.png"",""x"":657,""y"":57},{""src"":""g1.png"",""x"":657,""y"":57},{""src"":""g12.png"",""x"":657,""y"":57}]",1,"XYY","XY",1,0,"",0,"BadResponse",0,0,"inanimate",0,0
"9.10",9,"A1GZOEMTN2KYDA","firefox","2015-10-07 15:35:04.220585","{""Q0"":""It was incredibly difficult"",""Q1"":""No"",""Q2"":""No"",""Q3"":""I tried as best I could!""}",0,"2","1",10,"car-rolling-none.mp4",9053,"S:g14 O:none V:g10","[{""src"":""g1.png"",""x"":657,""y"":57},{""src"":""g14.png"",""x"":657,""y"":57}]",1,"XS","XS",0,1,"S",0,"XS",1,0,"NoObject",0,0
"9.11",9,"A1GZOEMTN2KYDA","firefox","2015-10-07 15:35:04.220585","{""Q0"":""It was incredibly difficult"",""Q1"":""No"",""Q2"":""No"",""Q3"":""I tried as best I could!""}",0,"2","1",11,"fireman-pushing-boy.mp4",12266,"S:g7 O:g5 V:g16","[{""src"":""g14.png"",""x"":657,""y"":57},{""src"":""g5.png"",""x"":657,""y"":57},{""src"":""g6.png"",""x"":657,""y"":57}]",1,"XOY","XOY",1,1,"O",0,"BadResponse",0,0,"animate",0,0
"9.12",9,"A1GZOEMTN2KYDA","firefox","2015-10-07 15:35:04.220585","{""Q0"":""It was incredibly difficult"",""Q1"":""No"",""Q2"":""No"",""Q3"":""I tried as best I could!""}",0,"2","1",12,"oldlady-kissing-ball.mp4",10539,"S:g8 O:g1 V:g2","[{""src"":""g8.png"",""x"":657,""y"":57},{""src"":""g3.png"",""x"":657,""y"":57},{""src"":""g12.png"",""x"":657,""y"":57}]",1,"SXO","SXO",1,1,"SO",0,"SXO",1,0,"inanimate",0,0
"9.13",9,"A1GZOEMTN2KYDA","firefox","2015-10-07 15:35:04.220585","{""Q0"":""It was incredibly difficult"",""Q1"":""No"",""Q2"":""No"",""Q3"":""I tried as best I could!""}",0,"2","1",13,"girl-tumbling-none.mp4",15230,"S:g6 O:none V:g4","[{""src"":""g4.png"",""x"":657,""y"":57},{""src"":""g9.png"",""x"":657,""y"":57},{""src"":""g6.png"",""x"":657,""y"":57}]",1,"VXS","VXS",0,0,"VS",1,"VS",1,0,"NoObject",0,0
"9.14",9,"A1GZOEMTN2KYDA","firefox","2015-10-07 15:35:04.220585","{""Q0"":""It was incredibly difficult"",""Q1"":""No"",""Q2"":""No"",""Q3"":""I tried as best I could!""}",0,"2","1",14,"girl-elbowing-oldlady.mp4",12942,"S:g6 O:g8 V:g12","[{""src"":""g8.png"",""x"":657,""y"":57},{""src"":""g6.png"",""x"":657,""y"":57},{""src"":""g12.png"",""x"":657,""y"":57}]",1,"OSV","OSV",1,1,"OSV",1,"OSV",1,0,"animate",1,1
"9.15",9,"A1GZOEMTN2KYDA","firefox","2015-10-07 15:35:04.220585","{""Q0"":""It was incredibly difficult"",""Q1"":""No"",""Q2"":""No"",""Q3"":""I tried as best I could!""}",0,"2","1",15,"ball-rolling-none.mp4",11387,"S:g1 O:none V:g10","[{""src"":""g3.png"",""x"":657,""y"":57},{""src"":""g11.png"",""x"":657,""y"":57}]",1,"XS","XS",0,1,"S",0,"XS",1,0,"NoObject",0,0
"9.16",9,"A1GZOEMTN2KYDA","firefox","2015-10-07 15:35:04.220585","{""Q0"":""It was incredibly difficult"",""Q1"":""No"",""Q2"":""No"",""Q3"":""I tried as best I could!""}",0,"2","1",16,"fireman-throwing-ball.mp4",12874,"S:g7 O:g1 V:g3","[{""src"":""g5.png"",""x"":657,""y"":57},{""src"":""g6.png"",""x"":657,""y"":57},{""src"":""g1.png"",""x"":657,""y"":57}]",1,"XYO","XYO",1,1,"O",0,"BadResponse",0,0,"inanimate",0,0
"9.17",9,"A1GZOEMTN2KYDA","firefox","2015-10-07 15:35:04.220585","{""Q0"":""It was incredibly difficult"",""Q1"":""No"",""Q2"":""No"",""Q3"":""I tried as best I could!""}",0,"2","1",17,"oldlady-rubbing-fireman.mp4",10577,"S:g8 O:g7 V:g11","[{""src"":""g8.png"",""x"":657,""y"":57},{""src"":""g16.png"",""x"":657,""y"":57},{""src"":""g1.png"",""x"":657,""y"":57}]",1,"SXY","SXY",1,1,"S",0,"BadResponse",0,0,"animate",0,0
"9.18",9,"A1GZOEMTN2KYDA","firefox","2015-10-07 15:35:04.220585","{""Q0"":""It was incredibly difficult"",""Q1"":""No"",""Q2"":""No"",""Q3"":""I tried as best I could!""}",0,"2","1",18,"girl-throwing-oldlady.mp4",15218,"S:g6 O:g8 V:g3","[{""src"":""g3.png"",""x"":657,""y"":57},{""src"":""g8.png"",""x"":657,""y"":57},{""src"":""g6.png"",""x"":657,""y"":57}]",1,"VOS","VOS",1,1,"VOS",1,"VOS",1,0,"animate",1,1
"9.19",9,"A1GZOEMTN2KYDA","firefox","2015-10-07 15:35:04.220585","{""Q0"":""It was incredibly difficult"",""Q1"":""No"",""Q2"":""No"",""Q3"":""I tried as best I could!""}",0,"2","1",19,"girl-kissing-boy.mp4",15411,"S:g6 O:g5 V:g2","[{""src"":""g2.png"",""x"":657,""y"":57},{""src"":""g5.png"",""x"":657,""y"":57},{""src"":""g6.png"",""x"":657,""y"":57}]",1,"VOS","VOS",1,1,"VOS",1,"VOS",1,0,"animate",1,1
"9.20",9,"A1GZOEMTN2KYDA","firefox","2015-10-07 15:35:04.220585","{""Q0"":""It was incredibly difficult"",""Q1"":""No"",""Q2"":""No"",""Q3"":""I tried as best I could!""}",0,"2","1",20,"girl-rubbing-heart.mp4",19013,"S:g6 O:g15 V:g11","[{""src"":""g15.png"",""x"":657,""y"":57},{""src"":""g6.png"",""x"":657,""y"":57},{""src"":""g14.png"",""x"":657,""y"":57}]",1,"OSX","OSX",1,1,"OS",0,"OSX",1,0,"inanimate",0,1
"9.21",9,"A1GZOEMTN2KYDA","firefox","2015-10-07 15:35:04.220585","{""Q0"":""It was incredibly difficult"",""Q1"":""No"",""Q2"":""No"",""Q3"":""I tried as best I could!""}",0,"2","1",21,"boy-kicking-ball.mp4",14336,"S:g5 O:g1 V:g9","[{""src"":""g3.png"",""x"":657,""y"":57},{""src"":""g7.png"",""x"":657,""y"":57},{""src"":""g16.png"",""x"":657,""y"":57}]",1,"XYO","XYO",1,1,"O",0,"BadResponse",0,0,"inanimate",0,0
"9.22",9,"A1GZOEMTN2KYDA","firefox","2015-10-07 15:35:04.220585","{""Q0"":""It was incredibly difficult"",""Q1"":""No"",""Q2"":""No"",""Q3"":""I tried as best I could!""}",0,"2","1",22,"girl-pushing-car.mp4",16092,"S:g6 O:g14 V:g16","[{""src"":""g6.png"",""x"":657,""y"":57},{""src"":""g4.png"",""x"":657,""y"":57},{""src"":""g1.png"",""x"":657,""y"":57}]",1,"SXY","SXY",1,1,"S",0,"BadResponse",0,0,"inanimate",0,0
"10.1",10,"A2YKW761AK4ZGY","firefox","2015-10-07 17:06:37.925090","{""Q0"":""no"",""Q1"":""no"",""Q2"":""no"",""Q3"":""yes""}",0,"3","1",1,"PracticeImage",13345,"g12","[{""src"":""g12.png"",""x"":657,""y"":57}]",0,"G","G",0,1,"G",1,"G",1,1,"PracticeImage",0,0
"10.2",10,"A2YKW761AK4ZGY","firefox","2015-10-07 17:06:37.925090","{""Q0"":""no"",""Q1"":""no"",""Q2"":""no"",""Q3"":""yes""}",0,"3","1",2,"PracticeImage",6454,"g14","[{""src"":""g14.png"",""x"":657,""y"":57}]",0,"G","G",0,1,"G",1,"G",1,1,"PracticeImage",0,0
"10.3",10,"A2YKW761AK4ZGY","firefox","2015-10-07 17:06:37.925090","{""Q0"":""no"",""Q1"":""no"",""Q2"":""no"",""Q3"":""yes""}",0,"3","1",3,"car-tumbling-none.mp4",15381,"S:g14 O:none V:g2","[{""src"":""g14.png"",""x"":657,""y"":57},{""src"":""g2.png"",""x"":657,""y"":57}]",0,"SV","SV",0,1,"SV",1,"SV",1,1,"NoObject",0,0
"10.4",10,"A2YKW761AK4ZGY","firefox","2015-10-07 17:06:37.925090","{""Q0"":""no"",""Q1"":""no"",""Q2"":""no"",""Q3"":""yes""}",0,"3","1",4,"girl-pushing-ball.mp4",43776,"S:g15 O:g8 V:g4","[{""src"":""g15.png"",""x"":657,""y"":57},{""src"":""g7.png"",""x"":657,""y"":57},{""src"":""g8.png"",""x"":657,""y"":57}]",0,"SXO","SXO",1,1,"SO",0,"SXO",1,1,"inanimate",0,0
"10.5",10,"A2YKW761AK4ZGY","firefox","2015-10-07 17:06:37.925090","{""Q0"":""no"",""Q1"":""no"",""Q2"":""no"",""Q3"":""yes""}",0,"3","1",5,"girl-rubbing-heart.mp4",14186,"S:g15 O:g13 V:g6","[{""src"":""g15.png"",""x"":657,""y"":57},{""src"":""g6.png"",""x"":657,""y"":57},{""src"":""g13.png"",""x"":657,""y"":57}]",1,"SVO","SVO",1,1,"SVO",1,"SVO",1,1,"inanimate",0,0
"10.6",10,"A2YKW761AK4ZGY","firefox","2015-10-07 17:06:37.925090","{""Q0"":""no"",""Q1"":""no"",""Q2"":""no"",""Q3"":""yes""}",0,"3","1",6,"fireman-lifting-car.mp4",10032,"S:g5 O:g14 V:g16","[{""src"":""g9.png"",""x"":657,""y"":57},{""src"":""g16.png"",""x"":657,""y"":57},{""src"":""g14.png"",""x"":657,""y"":57}]",1,"XVO","XVO",1,1,"VO",0,"XVO",1,1,"inanimate",0,0
"10.7",10,"A2YKW761AK4ZGY","firefox","2015-10-07 17:06:37.925090","{""Q0"":""no"",""Q1"":""no"",""Q2"":""no"",""Q3"":""yes""}",0,"3","1",7,"ball-rolling-none.mp4",15695,"S:g8 O:none V:g1","[{""src"":""g8.png"",""x"":657,""y"":57},{""src"":""g1.png"",""x"":657,""y"":57}]",1,"SV","SV",0,1,"SV",1,"SV",1,1,"NoObject",0,0
"10.8",10,"A2YKW761AK4ZGY","firefox","2015-10-07 17:06:37.925090","{""Q0"":""no"",""Q1"":""no"",""Q2"":""no"",""Q3"":""yes""}",0,"3","1",8,"girl-pushing-car.mp4",14023,"S:g15 O:g14 V:g4","[{""src"":""g15.png"",""x"":657,""y"":57},{""src"":""g4.png"",""x"":657,""y"":57},{""src"":""g14.png"",""x"":657,""y"":57}]",1,"SVO","SVO",1,1,"SVO",1,"SVO",1,1,"inanimate",0,0
"10.9",10,"A2YKW761AK4ZGY","firefox","2015-10-07 17:06:37.925090","{""Q0"":""no"",""Q1"":""no"",""Q2"":""no"",""Q3"":""yes""}",0,"3","1",9,"fireman-pushing-boy.mp4",55100,"S:g5 O:g9 V:g4","[{""src"":""g9.png"",""x"":657,""y"":57},{""src"":""g4.png"",""x"":657,""y"":57},{""src"":""g9.png"",""x"":657,""y"":57},{""src"":""g9.png"",""x"":657,""y"":57},{""src"":""g9.png"",""x"":657,""y"":57},{""src"":""g9.png"",""x"":657,""y"":57},{""src"":""g9.png"",""x"":657,""y"":57},{""src"":""g9.png"",""x"":657,""y"":57},{""src"":""g9.png"",""x"":657,""y"":57},{""src"":""g9.png"",""x"":657,""y"":57},{""src"":""g9.png"",""x"":657,""y"":57},{""src"":""g9.png"",""x"":657,""y"":57}]",1,"OVOOOOOOOOOO","OV",1,0,"OV",0,"BadResponse",0,1,"animate",0,0
"10.10",10,"A2YKW761AK4ZGY","firefox","2015-10-07 17:06:37.925090","{""Q0"":""no"",""Q1"":""no"",""Q2"":""no"",""Q3"":""yes""}",0,"3","1",10,"car-rolling-none.mp4",25693,"S:g14 O:none V:g1","[{""src"":""g14.png"",""x"":657,""y"":57},{""src"":""g1.png"",""x"":657,""y"":57}]",1,"SV","SV",0,1,"SV",1,"SV",1,1,"NoObject",0,0
"10.11",10,"A2YKW761AK4ZGY","firefox","2015-10-07 17:06:37.925090","{""Q0"":""no"",""Q1"":""no"",""Q2"":""no"",""Q3"":""yes""}",0,"3","1",11,"oldlady-kissing-ball.mp4",21700,"S:g12 O:g8 V:g10","[{""src"":""g12.png"",""x"":657,""y"":57},{""src"":""g10.png"",""x"":657,""y"":57},{""src"":""g14.png"",""x"":657,""y"":57}]",1,"SVX","SVX",1,1,"SV",0,"SVX",1,1,"inanimate",0,0
"10.12",10,"A2YKW761AK4ZGY","firefox","2015-10-07 17:06:37.925090","{""Q0"":""no"",""Q1"":""no"",""Q2"":""no"",""Q3"":""yes""}",0,"3","1",12,"boy-kicking-ball.mp4",14411,"S:g9 O:g8 V:g11","[{""src"":""g9.png"",""x"":657,""y"":57},{""src"":""g4.png"",""x"":657,""y"":57},{""src"":""g8.png"",""x"":657,""y"":57}]",1,"SXO","SXO",1,1,"SO",0,"SXO",1,1,"inanimate",0,0
"10.13",10,"A2YKW761AK4ZGY","firefox","2015-10-07 17:06:37.925090","{""Q0"":""no"",""Q1"":""no"",""Q2"":""no"",""Q3"":""yes""}",0,"3","1",13,"oldlady-elbowing-heart.mp4",16281,"S:g12 O:g13 V:g3","[{""src"":""g12.png"",""x"":657,""y"":57},{""src"":""g3.png"",""x"":657,""y"":57},{""src"":""g13.png"",""x"":657,""y"":57}]",1,"SVO","SVO",1,1,"SVO",1,"SVO",1,1,"inanimate",0,0
"10.14",10,"A2YKW761AK4ZGY","firefox","2015-10-07 17:06:37.925090","{""Q0"":""no"",""Q1"":""no"",""Q2"":""no"",""Q3"":""yes""}",0,"3","1",14,"oldlady-rubbing-fireman.mp4",13338,"S:g12 O:g5 V:g6","[{""src"":""g12.png"",""x"":657,""y"":57},{""src"":""g6.png"",""x"":657,""y"":57},{""src"":""g9.png"",""x"":657,""y"":57}]",1,"SVX","SVX",1,1,"SV",0,"SVX",1,1,"animate",0,0
"10.15",10,"A2YKW761AK4ZGY","firefox","2015-10-07 17:06:37.925090","{""Q0"":""no"",""Q1"":""no"",""Q2"":""no"",""Q3"":""yes""}",0,"3","1",15,"fireman-throwing-ball.mp4",13775,"S:g5 O:g8 V:g7","[{""src"":""g9.png"",""x"":657,""y"":57},{""src"":""g7.png"",""x"":657,""y"":57},{""src"":""g8.png"",""x"":657,""y"":57}]",1,"XVO","XVO",1,1,"VO",0,"XVO",1,1,"inanimate",0,0
"10.16",10,"A2YKW761AK4ZGY","firefox","2015-10-07 17:06:37.925090","{""Q0"":""no"",""Q1"":""no"",""Q2"":""no"",""Q3"":""yes""}",0,"3","1",16,"girl-tumbling-none.mp4",14128,"S:g15 O:none V:g2","[{""src"":""g15.png"",""x"":657,""y"":57},{""src"":""g2.png"",""x"":657,""y"":57}]",1,"SV","SV",0,1,"SV",1,"SV",1,1,"NoObject",0,0
"10.17",10,"A2YKW761AK4ZGY","firefox","2015-10-07 17:06:37.925090","{""Q0"":""no"",""Q1"":""no"",""Q2"":""no"",""Q3"":""yes""}",0,"3","1",17,"boy-rolling-none.mp4",10740,"S:g9 O:none V:g1","[{""src"":""g9.png"",""x"":657,""y"":57},{""src"":""g1.png"",""x"":657,""y"":57}]",1,"SV","SV",0,1,"SV",1,"SV",1,1,"NoObject",0,0
"10.18",10,"A2YKW761AK4ZGY","firefox","2015-10-07 17:06:37.925090","{""Q0"":""no"",""Q1"":""no"",""Q2"":""no"",""Q3"":""yes""}",0,"3","1",18,"boy-lifting-girl.mp4",14600,"S:g9 O:g15 V:g16","[{""src"":""g9.png"",""x"":657,""y"":57},{""src"":""g16.png"",""x"":657,""y"":57},{""src"":""g15.png"",""x"":657,""y"":57}]",1,"SVO","SVO",1,1,"SVO",1,"SVO",1,1,"animate",0,0
"10.19",10,"A2YKW761AK4ZGY","firefox","2015-10-07 17:06:37.925090","{""Q0"":""no"",""Q1"":""no"",""Q2"":""no"",""Q3"":""yes""}",0,"3","1",19,"fireman-kicking-girl.mp4",13898,"S:g5 O:g15 V:g11","[{""src"":""g9.png"",""x"":657,""y"":57},{""src"":""g7.png"",""x"":657,""y"":57},{""src"":""g15.png"",""x"":657,""y"":57}]",1,"XYO","XYO",1,1,"O",0,"BadResponse",0,1,"animate",0,0
"10.20",10,"A2YKW761AK4ZGY","firefox","2015-10-07 17:06:37.925090","{""Q0"":""no"",""Q1"":""no"",""Q2"":""no"",""Q3"":""yes""}",0,"3","1",20,"girl-kissing-boy.mp4",10008,"S:g15 O:g9 V:g10","[{""src"":""g15.png"",""x"":657,""y"":57},{""src"":""g10.png"",""x"":657,""y"":57},{""src"":""g9.png"",""x"":657,""y"":57}]",1,"SVO","SVO",1,1,"SVO",1,"SVO",1,1,"animate",0,0
"10.21",10,"A2YKW761AK4ZGY","firefox","2015-10-07 17:06:37.925090","{""Q0"":""no"",""Q1"":""no"",""Q2"":""no"",""Q3"":""yes""}",0,"3","1",21,"girl-throwing-oldlady.mp4",14708,"S:g15 O:g12 V:g7","[{""src"":""g15.png"",""x"":657,""y"":57},{""src"":""g7.png"",""x"":657,""y"":57},{""src"":""g12.png"",""x"":657,""y"":57}]",1,"SVO","SVO",1,1,"SVO",1,"SVO",1,1,"animate",0,0
"10.22",10,"A2YKW761AK4ZGY","firefox","2015-10-07 17:06:37.925090","{""Q0"":""no"",""Q1"":""no"",""Q2"":""no"",""Q3"":""yes""}",0,"3","1",22,"girl-elbowing-oldlady.mp4",13300,"S:g15 O:g12 V:g3","[{""src"":""g12.png"",""x"":657,""y"":57},{""src"":""g12.png"",""x"":657,""y"":57},{""src"":""g12.png"",""x"":657,""y"":57},{""src"":""g15.png"",""x"":657,""y"":57},{""src"":""g3.png"",""x"":657,""y"":57}]",1,"OOOSV","OSV",1,1,"OSV",1,"OSV",1,1,"animate",1,1
"11.1",11,"A4E1UYPDHE8D8","chrome","2015-10-07 19:42:24.092091","{""Q0"":""None"",""Q1"":""No, I did not."",""Q2"":""Not I did not. It won't help anyway due to the timer."",""Q3"":""Yes, I did.""}",0,"2","1",1,"PracticeImage",11418,"g8","[{""src"":""g8.png"",""x"":657,""y"":57}]",0,"G","G",0,1,"G",1,"G",1,1,"PracticeImage",0,0
"11.2",11,"A4E1UYPDHE8D8","chrome","2015-10-07 19:42:24.092091","{""Q0"":""None"",""Q1"":""No, I did not."",""Q2"":""Not I did not. It won't help anyway due to the timer."",""Q3"":""Yes, I did.""}",0,"2","1",2,"PracticeImage",3707,"g9","[{""src"":""g9.png"",""x"":657,""y"":57}]",0,"G","G",0,1,"G",1,"G",1,1,"PracticeImage",0,0
"11.3",11,"A4E1UYPDHE8D8","chrome","2015-10-07 19:42:24.092091","{""Q0"":""None"",""Q1"":""No, I did not."",""Q2"":""Not I did not. It won't help anyway due to the timer."",""Q3"":""Yes, I did.""}",0,"2","1",3,"girl-pushing-ball.mp4",16779,"S:g13 O:g6 V:g16","[{""src"":""g13.png"",""x"":657,""y"":57},{""src"":""g6.png"",""x"":657,""y"":57},{""src"":""g11.png"",""x"":657,""y"":57}]",0,"SOX","SOX",1,1,"SO",0,"SOX",1,1,"inanimate",0,1
"11.4",11,"A4E1UYPDHE8D8","chrome","2015-10-07 19:42:24.092091","{""Q0"":""None"",""Q1"":""No, I did not."",""Q2"":""Not I did not. It won't help anyway due to the timer."",""Q3"":""Yes, I did.""}",0,"2","1",4,"car-tumbling-none.mp4",15703,"S:g8 O:none V:g5","[{""src"":""g8.png"",""x"":657,""y"":57},{""src"":""g5.png"",""x"":657,""y"":57}]",0,"SV","SV",0,1,"SV",1,"SV",1,1,"NoObject",0,0
"11.5",11,"A4E1UYPDHE8D8","chrome","2015-10-07 19:42:24.092091","{""Q0"":""None"",""Q1"":""No, I did not."",""Q2"":""Not I did not. It won't help anyway due to the timer."",""Q3"":""Yes, I did.""}",0,"2","1",5,"girl-throwing-oldlady.mp4",13862,"S:g13 O:g9 V:g12","[{""src"":""g13.png"",""x"":657,""y"":57},{""src"":""g12.png"",""x"":657,""y"":57},{""src"":""g9.png"",""x"":657,""y"":57}]",1,"SVO","SVO",1,1,"SVO",1,"SVO",1,1,"animate",0,0
"11.6",11,"A4E1UYPDHE8D8","chrome","2015-10-07 19:42:24.092091","{""Q0"":""None"",""Q1"":""No, I did not."",""Q2"":""Not I did not. It won't help anyway due to the timer."",""Q3"":""Yes, I did.""}",0,"2","1",6,"fireman-throwing-ball.mp4",17909,"S:g4 O:g6 V:g12","[{""src"":""g4.png"",""x"":657,""y"":57},{""src"":""g12.png"",""x"":657,""y"":57},{""src"":""g6.png"",""x"":657,""y"":57}]",1,"SVO","SVO",1,1,"SVO",1,"SVO",1,1,"inanimate",0,0
"11.7",11,"A4E1UYPDHE8D8","chrome","2015-10-07 19:42:24.092091","{""Q0"":""None"",""Q1"":""No, I did not."",""Q2"":""Not I did not. It won't help anyway due to the timer."",""Q3"":""Yes, I did.""}",0,"2","1",7,"girl-kissing-boy.mp4",14428,"S:g13 O:g14 V:g10","[{""src"":""g13.png"",""x"":657,""y"":57},{""src"":""g10.png"",""x"":657,""y"":57},{""src"":""g14.png"",""x"":657,""y"":57}]",1,"SVO","SVO",1,1,"SVO",1,"SVO",1,1,"animate",0,0
"11.8",11,"A4E1UYPDHE8D8","chrome","2015-10-07 19:42:24.092091","{""Q0"":""None"",""Q1"":""No, I did not."",""Q2"":""Not I did not. It won't help anyway due to the timer."",""Q3"":""Yes, I did.""}",0,"2","1",8,"boy-kicking-ball.mp4",9629,"S:g14 O:g6 V:g3","[{""src"":""g14.png"",""x"":657,""y"":57},{""src"":""g3.png"",""x"":657,""y"":57},{""src"":""g6.png"",""x"":657,""y"":57}]",1,"SVO","SVO",1,1,"SVO",1,"SVO",1,1,"inanimate",0,0
"11.9",11,"A4E1UYPDHE8D8","chrome","2015-10-07 19:42:24.092091","{""Q0"":""None"",""Q1"":""No, I did not."",""Q2"":""Not I did not. It won't help anyway due to the timer."",""Q3"":""Yes, I did.""}",0,"2","1",9,"girl-pushing-car.mp4",13820,"S:g13 O:g8 V:g16","[{""src"":""g13.png"",""x"":657,""y"":57},{""src"":""g16.png"",""x"":657,""y"":57},{""src"":""g8.png"",""x"":657,""y"":57}]",1,"SVO","SVO",1,1,"SVO",1,"SVO",1,1,"inanimate",0,0
"11.10",11,"A4E1UYPDHE8D8","chrome","2015-10-07 19:42:24.092091","{""Q0"":""None"",""Q1"":""No, I did not."",""Q2"":""Not I did not. It won't help anyway due to the timer."",""Q3"":""Yes, I did.""}",0,"2","1",10,"oldlady-elbowing-heart.mp4",10700,"S:g9 O:g2 V:g15","[{""src"":""g9.png"",""x"":657,""y"":57},{""src"":""g15.png"",""x"":657,""y"":57},{""src"":""g2.png"",""x"":657,""y"":57}]",1,"SVO","SVO",1,1,"SVO",1,"SVO",1,1,"inanimate",0,0
"11.11",11,"A4E1UYPDHE8D8","chrome","2015-10-07 19:42:24.092091","{""Q0"":""None"",""Q1"":""No, I did not."",""Q2"":""Not I did not. It won't help anyway due to the timer."",""Q3"":""Yes, I did.""}",0,"2","1",11,"fireman-pushing-boy.mp4",10557,"S:g4 O:g14 V:g16","[{""src"":""g4.png"",""x"":657,""y"":57},{""src"":""g16.png"",""x"":657,""y"":57},{""src"":""g14.png"",""x"":657,""y"":57}]",1,"SVO","SVO",1,1,"SVO",1,"SVO",1,1,"animate",0,0
"11.12",11,"A4E1UYPDHE8D8","chrome","2015-10-07 19:42:24.092091","{""Q0"":""None"",""Q1"":""No, I did not."",""Q2"":""Not I did not. It won't help anyway due to the timer."",""Q3"":""Yes, I did.""}",0,"2","1",12,"boy-rolling-none.mp4",10829,"S:g14 O:none V:g11","[{""src"":""g14.png"",""x"":657,""y"":57},{""src"":""g11.png"",""x"":657,""y"":57}]",1,"SV","SV",0,1,"SV",1,"SV",1,1,"NoObject",0,0
"11.13",11,"A4E1UYPDHE8D8","chrome","2015-10-07 19:42:24.092091","{""Q0"":""None"",""Q1"":""No, I did not."",""Q2"":""Not I did not. It won't help anyway due to the timer."",""Q3"":""Yes, I did.""}",0,"2","1",13,"girl-rubbing-heart.mp4",17373,"S:g13 O:g2 V:g1","[{""src"":""g13.png"",""x"":657,""y"":57},{""src"":""g1.png"",""x"":657,""y"":57},{""src"":""g2.png"",""x"":657,""y"":57}]",1,"SVO","SVO",1,1,"SVO",1,"SVO",1,1,"inanimate",0,0
"11.14",11,"A4E1UYPDHE8D8","chrome","2015-10-07 19:42:24.092091","{""Q0"":""None"",""Q1"":""No, I did not."",""Q2"":""Not I did not. It won't help anyway due to the timer."",""Q3"":""Yes, I did.""}",0,"2","1",14,"car-rolling-none.mp4",9076,"S:g8 O:none V:g11","[{""src"":""g8.png"",""x"":657,""y"":57},{""src"":""g11.png"",""x"":657,""y"":57}]",1,"SV","SV",0,1,"SV",1,"SV",1,1,"NoObject",0,0
"11.15",11,"A4E1UYPDHE8D8","chrome","2015-10-07 19:42:24.092091","{""Q0"":""None"",""Q1"":""No, I did not."",""Q2"":""Not I did not. It won't help anyway due to the timer."",""Q3"":""Yes, I did.""}",0,"2","1",15,"girl-tumbling-none.mp4",10717,"S:g13 O:none V:g5","[{""src"":""g13.png"",""x"":657,""y"":57},{""src"":""g5.png"",""x"":657,""y"":57}]",1,"SV","SV",0,1,"SV",1,"SV",1,1,"NoObject",0,0
"11.16",11,"A4E1UYPDHE8D8","chrome","2015-10-07 19:42:24.092091","{""Q0"":""None"",""Q1"":""No, I did not."",""Q2"":""Not I did not. It won't help anyway due to the timer."",""Q3"":""Yes, I did.""}",0,"2","1",16,"ball-rolling-none.mp4",8525,"S:g6 O:none V:g11","[{""src"":""g6.png"",""x"":657,""y"":57},{""src"":""g11.png"",""x"":657,""y"":57}]",1,"SV","SV",0,1,"SV",1,"SV",1,1,"NoObject",0,0
"11.17",11,"A4E1UYPDHE8D8","chrome","2015-10-07 19:42:24.092091","{""Q0"":""None"",""Q1"":""No, I did not."",""Q2"":""Not I did not. It won't help anyway due to the timer."",""Q3"":""Yes, I did.""}",0,"2","1",17,"girl-elbowing-oldlady.mp4",10324,"S:g13 O:g9 V:g15","[{""src"":""g13.png"",""x"":657,""y"":57},{""src"":""g15.png"",""x"":657,""y"":57},{""src"":""g9.png"",""x"":657,""y"":57}]",1,"SVO","SVO",1,1,"SVO",1,"SVO",1,1,"animate",0,0
"11.18",11,"A4E1UYPDHE8D8","chrome","2015-10-07 19:42:24.092091","{""Q0"":""None"",""Q1"":""No, I did not."",""Q2"":""Not I did not. It won't help anyway due to the timer."",""Q3"":""Yes, I did.""}",0,"2","1",18,"boy-lifting-girl.mp4",10852,"S:g14 O:g13 V:g7","[{""src"":""g14.png"",""x"":657,""y"":57},{""src"":""g7.png"",""x"":657,""y"":57},{""src"":""g13.png"",""x"":657,""y"":57}]",1,"SVO","SVO",1,1,"SVO",1,"SVO",1,1,"animate",0,0
"11.19",11,"A4E1UYPDHE8D8","chrome","2015-10-07 19:42:24.092091","{""Q0"":""None"",""Q1"":""No, I did not."",""Q2"":""Not I did not. It won't help anyway due to the timer."",""Q3"":""Yes, I did.""}",0,"2","1",19,"oldlady-kissing-ball.mp4",12157,"S:g9 O:g6 V:g10","[{""src"":""g9.png"",""x"":657,""y"":57},{""src"":""g10.png"",""x"":657,""y"":57},{""src"":""g6.png"",""x"":657,""y"":57}]",1,"SVO","SVO",1,1,"SVO",1,"SVO",1,1,"inanimate",0,0
"11.20",11,"A4E1UYPDHE8D8","chrome","2015-10-07 19:42:24.092091","{""Q0"":""None"",""Q1"":""No, I did not."",""Q2"":""Not I did not. It won't help anyway due to the timer."",""Q3"":""Yes, I did.""}",0,"2","1",20,"oldlady-rubbing-fireman.mp4",14893,"S:g9 O:g4 V:g1","[{""src"":""g9.png"",""x"":657,""y"":57},{""src"":""g1.png"",""x"":657,""y"":57},{""src"":""g5.png"",""x"":657,""y"":57}]",1,"SVX","SVX",1,1,"SV",0,"SVX",1,1,"animate",0,0
"11.21",11,"A4E1UYPDHE8D8","chrome","2015-10-07 19:42:24.092091","{""Q0"":""None"",""Q1"":""No, I did not."",""Q2"":""Not I did not. It won't help anyway due to the timer."",""Q3"":""Yes, I did.""}",0,"2","1",21,"fireman-kicking-girl.mp4",15429,"S:g4 O:g13 V:g3","[{""src"":""g4.png"",""x"":657,""y"":57},{""src"":""g3.png"",""x"":657,""y"":57},{""src"":""g6.png"",""x"":657,""y"":57}]",1,"SVX","SVX",1,1,"SV",0,"SVX",1,1,"animate",0,0
"11.22",11,"A4E1UYPDHE8D8","chrome","2015-10-07 19:42:24.092091","{""Q0"":""None"",""Q1"":""No, I did not."",""Q2"":""Not I did not. It won't help anyway due to the timer."",""Q3"":""Yes, I did.""}",0,"2","1",22,"fireman-lifting-car.mp4",13965,"S:g4 O:g8 V:g7","[{""src"":""g4.png"",""x"":657,""y"":57},{""src"":""g7.png"",""x"":657,""y"":57},{""src"":""g8.png"",""x"":657,""y"":57}]",1,"SVO","SVO",1,1,"SVO",1,"SVO",1,1,"inanimate",0,0
