"","participant","workerId","browser","beginhit","feedback","cheated","NumQuizTries","LastQuizScore","Stimulus_26","isTestTrial_26","moves_26","S_26","V_26","O_26","rt_26","Stimulus_25","isTestTrial_25","moves_25","S_25","V_25","O_25","rt_25","Stimulus_24","isTestTrial_24","moves_24","S_24","V_24","O_24","rt_24","Stimulus_23","isTestTrial_23","moves_23","S_23","V_23","O_23","rt_23","Stimulus_22","isTestTrial_22","moves_22","S_22","V_22","O_22","rt_22","Stimulus_21","isTestTrial_21","moves_21","S_21","V_21","O_21","rt_21","Stimulus_20","isTestTrial_20","moves_20","S_20","V_20","O_20","rt_20","Stimulus_19","isTestTrial_19","moves_19","S_19","V_19","O_19","rt_19","Stimulus_18","isTestTrial_18","moves_18","S_18","V_18","O_18","rt_18","Stimulus_17","isTestTrial_17","moves_17","S_17","V_17","O_17","rt_17","Stimulus_16","isTestTrial_16","moves_16","S_16","V_16","O_16","rt_16","Stimulus_15","isTestTrial_15","moves_15","S_15","V_15","O_15","rt_15","Stimulus_14","isTestTrial_14","moves_14","S_14","V_14","O_14","rt_14","Stimulus_13","isTestTrial_13","moves_13","S_13","V_13","O_13","rt_13","Stimulus_12","isTestTrial_12","moves_12","S_12","V_12","O_12","rt_12","Stimulus_11","isTestTrial_11","moves_11","S_11","V_11","O_11","rt_11","Stimulus_10","isTestTrial_10","moves_10","S_10","V_10","O_10","rt_10","Stimulus_9","isTestTrial_9","moves_9","S_9","V_9","O_9","rt_9","Stimulus_6","moves_6","S_6","V_6","O_6","rt_6","Stimulus_4","moves_4","S_4","V_4","O_4","rt_4","glyph_3","Stimulus_3","moves_3","rt_3","glyph_1","Stimulus_1","moves_1","rt_1","RawOrd_1","RawOrd_3","RawOrd_4","RawOrd_6","RawOrd_9","RawOrd_10","RawOrd_11","RawOrd_12","RawOrd_13","RawOrd_14","RawOrd_15","RawOrd_16","RawOrd_17","RawOrd_18","RawOrd_19","RawOrd_20","RawOrd_21","RawOrd_22","RawOrd_23","RawOrd_24","RawOrd_25","RawOrd_26","isTestTrial_1","isTestTrial_3","isTestTrial_4","isTestTrial_6","Glyphs_1","Glyphs_3","Glyphs_4","Glyphs_6","Glyphs_9","Glyphs_10","Glyphs_11","Glyphs_12","Glyphs_13","Glyphs_14","Glyphs_15","Glyphs_16","Glyphs_17","Glyphs_18","Glyphs_19","Glyphs_20","Glyphs_21","Glyphs_22","Glyphs_23","Glyphs_24","Glyphs_25","Glyphs_26"
"1",1,"A39C3299FW5PTO","chrome","2015-09-23 23:31:00.410523","{""Q0"":""Wow, this was really difficult."",""Q1"":""I tried, but they went too fast and only have scribbles."",""Q2"":""No."",""Q3"":""I tried to!""}",0,"3","1","girl-pushing-car.mp4",1,"[{""src"":""g12.png"",""x"":657,""y"":57},{""src"":""g6.png"",""x"":657,""y"":57},{""src"":""g10.png"",""x"":657,""y"":57}]","g12","g7","g10",11586,"girl-elbowing-oldlady.mp4",1,"[{""src"":""g12.png"",""x"":657,""y"":57},{""src"":""g11.png"",""x"":657,""y"":57},{""src"":""g9.png"",""x"":657,""y"":57}]","g12","g11","g9",8538,"girl-rubbing-heart.mp4",1,"[{""src"":""g12.png"",""x"":657,""y"":57},{""src"":""g1.png"",""x"":657,""y"":57},{""src"":""g4.png"",""x"":657,""y"":57}]","g12","g1","g4",11825,"fireman-pushing-boy.mp4",1,"[{""src"":""g2.png"",""x"":657,""y"":57},{""src"":""g7.png"",""x"":657,""y"":57},{""src"":""g6.png"",""x"":657,""y"":57}]","g2","g7","g6",10520,"oldlady-elbowing-heart.mp4",1,"[{""src"":""g9.png"",""x"":657,""y"":57},{""src"":""g4.png"",""x"":657,""y"":57},{""src"":""g6.png"",""x"":657,""y"":57}]","g9","g11","g4",14578,"girl-throwing-oldlady.mp4",1,"[{""src"":""g12.png"",""x"":657,""y"":57},{""src"":""g7.png"",""x"":657,""y"":57},{""src"":""g9.png"",""x"":657,""y"":57}]","g12","g13","g9",9321,"fireman-lifting-car.mp4",1,"[{""src"":""g2.png"",""x"":657,""y"":57},{""src"":""g16.png"",""x"":657,""y"":57},{""src"":""g10.png"",""x"":657,""y"":57}]","g2","g16","g10",8643,"boy-rolling-none.mp4",1,"[{""src"":""g6.png"",""x"":657,""y"":57},{""src"":""g16.png"",""x"":657,""y"":57},{""src"":""g7.png"",""x"":657,""y"":57}]","g6","g14","none",10360,"fireman-kicking-girl.mp4",1,"[{""src"":""g2.png"",""x"":657,""y"":57},{""src"":""g12.png"",""x"":657,""y"":57},{""src"":""g1.png"",""x"":657,""y"":57}]","g2","g15","g12",7754,"ball-rolling-none.mp4",1,"[{""src"":""g8.png"",""x"":657,""y"":57},{""src"":""g5.png"",""x"":657,""y"":57},{""src"":""g7.png"",""x"":657,""y"":57}]","g8","g14","none",10194,"oldlady-kissing-ball.mp4",1,"[{""src"":""g9.png"",""x"":657,""y"":57},{""src"":""g3.png"",""x"":657,""y"":57},{""src"":""g8.png"",""x"":657,""y"":57}]","g9","g3","g8",9626,"boy-lifting-girl.mp4",1,"[{""src"":""g6.png"",""x"":657,""y"":57},{""src"":""g12.png"",""x"":657,""y"":57},{""src"":""g16.png"",""x"":657,""y"":57}]","g6","g16","g12",16063,"boy-kicking-ball.mp4",1,"[{""src"":""g6.png"",""x"":657,""y"":57},{""src"":""g15.png"",""x"":657,""y"":57},{""src"":""g8.png"",""x"":657,""y"":57}]","g6","g15","g8",12384,"fireman-throwing-ball.mp4",1,"[{""src"":""g2.png"",""x"":657,""y"":57},{""src"":""g8.png"",""x"":657,""y"":57},{""src"":""g16.png"",""x"":657,""y"":57}]","g2","g13","g8",14254,"oldlady-rubbing-fireman.mp4",1,"[{""src"":""g9.png"",""x"":657,""y"":57},{""src"":""g2.png"",""x"":657,""y"":57},{""src"":""g14.png"",""x"":657,""y"":57}]","g9","g1","g2",14645,"girl-kissing-boy.mp4",1,"[{""src"":""g12.png"",""x"":657,""y"":57},{""src"":""g3.png"",""x"":657,""y"":57},{""src"":""g13.png"",""x"":657,""y"":57}]","g12","g3","g6",20108,"car-rolling-none.mp4",1,"[{""src"":""g10.png"",""x"":657,""y"":57},{""src"":""g7.png"",""x"":657,""y"":57}]","g10","g14","none",14009,"girl-tumbling-none.mp4",1,"[{""src"":""g12.png"",""x"":657,""y"":57},{""src"":""g5.png"",""x"":657,""y"":57}]","g12","g5","none",12337,"girl-pushing-ball.mp4","[{""src"":""g12.png"",""x"":657,""y"":57},{""src"":""g8.png"",""x"":657,""y"":57}]","g12","g7","g8",6737,"car-tumbling-none.mp4","[{""src"":""g8.png"",""x"":657,""y"":57},{""src"":""g5.png"",""x"":657,""y"":57}]","g10","g5","none",14184,"g10","PracticeImage","[{""src"":""g10.png"",""x"":657,""y"":57}]",4073,"g9","PracticeImage","[{""src"":""g9.png"",""x"":657,""y"":57}]",11952,"G","G","XV","SO","SV","SX","SVX","SOV","SOX","SVO","SOV","SVO","SXY","SOX","SXY","SVO","SXO","SOX","SVO","SVO","SVO","SXO",0,0,0,0,"g9","g10","S:g10 O:none V:g5","S:g12 O:g8 V:g7","S:g12 O:none V:g5","S:g10 O:none V:g14","S:g12 O:g6 V:g3","S:g9 O:g2 V:g1","S:g2 O:g8 V:g13","S:g6 O:g8 V:g15","S:g6 O:g12 V:g16","S:g9 O:g8 V:g3","S:g8 O:none V:g14","S:g2 O:g12 V:g15","S:g6 O:none V:g14","S:g2 O:g10 V:g16","S:g12 O:g9 V:g13","S:g9 O:g4 V:g11","S:g2 O:g6 V:g7","S:g12 O:g4 V:g1","S:g12 O:g9 V:g11","S:g12 O:g10 V:g7"
"2",2,"A1TFWB4P6PXA3M","chrome","2015-09-23 23:31:14.472206","{""Q0"":""I don't have any comments."",""Q1"":""No"",""Q2"":""No"",""Q3"":""Yes, I tried to.""}",0,"3","1","girl-kissing-boy.mp4",1,"[{""src"":""g3.png"",""x"":657,""y"":57},{""src"":""g9.png"",""x"":657,""y"":57},{""src"":""g11.png"",""x"":657,""y"":57}]","g3","g9","g11",12454,"fireman-pushing-boy.mp4",1,"[{""src"":""g7.png"",""x"":657,""y"":57},{""src"":""g13.png"",""x"":657,""y"":57},{""src"":""g11.png"",""x"":657,""y"":57}]","g7","g13","g11",19446,"car-rolling-none.mp4",1,"[{""src"":""g14.png"",""x"":657,""y"":57},{""src"":""g6.png"",""x"":657,""y"":57}]","g14","g6","none",27935,"boy-lifting-girl.mp4",1,"[{""src"":""g11.png"",""x"":657,""y"":57},{""src"":""g12.png"",""x"":657,""y"":57},{""src"":""g3.png"",""x"":657,""y"":57}]","g11","g12","g3",12778,"fireman-throwing-ball.mp4",1,"[{""src"":""g7.png"",""x"":657,""y"":57},{""src"":""g2.png"",""x"":657,""y"":57},{""src"":""g5.png"",""x"":657,""y"":57}]","g7","g2","g5",26758,"boy-kicking-ball.mp4",1,"[{""src"":""g11.png"",""x"":657,""y"":57},{""src"":""g10.png"",""x"":657,""y"":57},{""src"":""g5.png"",""x"":657,""y"":57}]","g11","g10","g5",16136,"girl-rubbing-heart.mp4",1,"[{""src"":""g3.png"",""x"":657,""y"":57},{""src"":""g16.png"",""x"":657,""y"":57},{""src"":""g15.png"",""x"":657,""y"":57}]","g3","g16","g15",14561,"girl-throwing-oldlady.mp4",1,"[{""src"":""g3.png"",""x"":657,""y"":57},{""src"":""g2.png"",""x"":657,""y"":57},{""src"":""g1.png"",""x"":657,""y"":57}]","g3","g2","g1",16481,"ball-rolling-none.mp4",1,"[{""src"":""g5.png"",""x"":657,""y"":57},{""src"":""g6.png"",""x"":657,""y"":57}]","g5","g6","none",16667,"oldlady-elbowing-heart.mp4",1,"[{""src"":""g1.png"",""x"":657,""y"":57},{""src"":""g4.png"",""x"":657,""y"":57},{""src"":""g15.png"",""x"":657,""y"":57}]","g1","g4","g15",12800,"oldlady-kissing-ball.mp4",1,"[{""src"":""g1.png"",""x"":657,""y"":57},{""src"":""g9.png"",""x"":657,""y"":57},{""src"":""g5.png"",""x"":657,""y"":57}]","g1","g9","g5",14807,"fireman-kicking-girl.mp4",1,"[{""src"":""g7.png"",""x"":657,""y"":57},{""src"":""g10.png"",""x"":657,""y"":57},{""src"":""g3.png"",""x"":657,""y"":57}]","g7","g10","g3",12780,"girl-tumbling-none.mp4",1,"[{""src"":""g3.png"",""x"":657,""y"":57},{""src"":""g8.png"",""x"":657,""y"":57}]","g3","g8","none",9366,"girl-pushing-car.mp4",1,"[{""src"":""g3.png"",""x"":657,""y"":57},{""src"":""g13.png"",""x"":657,""y"":57},{""src"":""g14.png"",""x"":657,""y"":57}]","g3","g13","g14",17494,"girl-elbowing-oldlady.mp4",1,"[{""src"":""g3.png"",""x"":657,""y"":57},{""src"":""g4.png"",""x"":657,""y"":57},{""src"":""g1.png"",""x"":657,""y"":57}]","g3","g4","g1",23831,"boy-rolling-none.mp4",1,"[{""src"":""g3.png"",""x"":657,""y"":57},{""src"":""g6.png"",""x"":657,""y"":57}]","g11","g6","none",19848,"fireman-lifting-car.mp4",1,"[{""src"":""g7.png"",""x"":657,""y"":57},{""src"":""g12.png"",""x"":657,""y"":57},{""src"":""g14.png"",""x"":657,""y"":57}]","g7","g12","g14",21251,"oldlady-rubbing-fireman.mp4",1,"[{""src"":""g1.png"",""x"":657,""y"":57},{""src"":""g16.png"",""x"":657,""y"":57}]","g1","g16","g7",30196,"girl-pushing-ball.mp4","[{""src"":""g3.png"",""x"":657,""y"":57},{""src"":""g13.png"",""x"":657,""y"":57}]","g3","g13","g5",15343,"car-tumbling-none.mp4","[{""src"":""g14.png"",""x"":657,""y"":57},{""src"":""g8.png"",""x"":657,""y"":57}]","g14","g8","none",16857,"g14","PracticeImage","[{""src"":""g14.png"",""x"":657,""y"":57}]",5473,"g1","PracticeImage","[{""src"":""g1.png"",""x"":657,""y"":57}]",21064,"G","G","SV","SV","SS","SVO","XV","SVO","SVO","SV","SVO","SVO","SVS","SV","SVO","SVO","SVO","SVO","SVO","SV","SVO","SVO",0,0,0,0,"g1","g14","S:g14 O:none V:g8","S:g3 O:g5 V:g13","S:g1 O:g7 V:g16","S:g7 O:g14 V:g12","S:g11 O:none V:g6","S:g3 O:g1 V:g4","S:g3 O:g14 V:g13","S:g3 O:none V:g8","S:g7 O:g3 V:g10","S:g1 O:g5 V:g9","S:g1 O:g15 V:g4","S:g5 O:none V:g6","S:g3 O:g1 V:g2","S:g3 O:g15 V:g16","S:g11 O:g5 V:g10","S:g7 O:g5 V:g2","S:g11 O:g3 V:g12","S:g14 O:none V:g6","S:g7 O:g11 V:g13","S:g3 O:g11 V:g9"
"3",3,"AAJ1ZQECDZBEE","firefox","2015-09-23 23:31:19.760675","{""Q0"":""The timer made me rush my communication"",""Q1"":""no"",""Q2"":""no"",""Q3"":""I tried""}",0,"2","0.9375","girl-pushing-car.mp4",1,"[{""src"":""g2.png"",""x"":657,""y"":57},{""src"":""g16.png"",""x"":657,""y"":57},{""src"":""g9.png"",""x"":657,""y"":57}]","g2","g4","g9",14824,"fireman-throwing-ball.mp4",1,"[{""src"":""g5.png"",""x"":657,""y"":57},{""src"":""g6.png"",""x"":657,""y"":57},{""src"":""g8.png"",""x"":657,""y"":57}]","g5","g6","g8",13254,"boy-lifting-girl.mp4",1,"[{""src"":""g3.png"",""x"":657,""y"":57},{""src"":""g2.png"",""x"":657,""y"":57},{""src"":""g12.png"",""x"":657,""y"":57}]","g3","g12","g2",14495,"girl-elbowing-oldlady.mp4",1,"[{""src"":""g2.png"",""x"":657,""y"":57},{""src"":""g15.png"",""x"":657,""y"":57},{""src"":""g11.png"",""x"":657,""y"":57}]","g2","g11","g15",12369,"girl-rubbing-heart.mp4",1,"[{""src"":""g2.png"",""x"":657,""y"":57},{""src"":""g13.png"",""x"":657,""y"":57}]","g2","g1","g13",11833,"oldlady-elbowing-heart.mp4",1,"[{""src"":""g15.png"",""x"":657,""y"":57},{""src"":""g13.png"",""x"":657,""y"":57}]","g15","g11","g13",9828,"car-rolling-none.mp4",1,"[{""src"":""g9.png"",""x"":657,""y"":57},{""src"":""g16.png"",""x"":657,""y"":57}]","g9","g14","none",9600,"oldlady-rubbing-fireman.mp4",1,"[{""src"":""g5.png"",""x"":657,""y"":57},{""src"":""g15.png"",""x"":657,""y"":57},{""src"":""g13.png"",""x"":657,""y"":57}]","g15","g1","g5",12638,"boy-rolling-none.mp4",1,"[{""src"":""g3.png"",""x"":657,""y"":57},{""src"":""g14.png"",""x"":657,""y"":57}]","g3","g14","none",12529,"girl-tumbling-none.mp4",1,"[{""src"":""g2.png"",""x"":657,""y"":57},{""src"":""g7.png"",""x"":657,""y"":57}]","g2","g16","none",9735,"ball-rolling-none.mp4",1,"[{""src"":""g8.png"",""x"":657,""y"":57},{""src"":""g16.png"",""x"":657,""y"":57}]","g8","g14","none",10687,"fireman-kicking-girl.mp4",1,"[{""src"":""g5.png"",""x"":657,""y"":57},{""src"":""g2.png"",""x"":657,""y"":57}]","g5","g7","g2",17150,"fireman-lifting-car.mp4",1,"[{""src"":""g5.png"",""x"":657,""y"":57},{""src"":""g9.png"",""x"":657,""y"":57}]","g5","g12","g9",19713,"girl-kissing-boy.mp4",1,"[{""src"":""g2.png"",""x"":657,""y"":57},{""src"":""g10.png"",""x"":657,""y"":57},{""src"":""g3.png"",""x"":657,""y"":57}]","g2","g10","g3",14120,"boy-kicking-ball.mp4",1,"[{""src"":""g3.png"",""x"":657,""y"":57},{""src"":""g4.png"",""x"":657,""y"":57},{""src"":""g8.png"",""x"":657,""y"":57}]","g3","g7","g8",13846,"fireman-pushing-boy.mp4",1,"[{""src"":""g5.png"",""x"":657,""y"":57},{""src"":""g7.png"",""x"":657,""y"":57},{""src"":""g3.png"",""x"":657,""y"":57}]","g5","g4","g3",14462,"oldlady-kissing-ball.mp4",1,"[{""src"":""g15.png"",""x"":657,""y"":57},{""src"":""g8.png"",""x"":657,""y"":57}]","g15","g10","g8",19579,"girl-throwing-oldlady.mp4",1,"[{""src"":""g2.png"",""x"":657,""y"":57},{""src"":""g6.png"",""x"":657,""y"":57},{""src"":""g15.png"",""x"":657,""y"":57}]","g2","g6","g15",26993,"girl-pushing-ball.mp4","[{""src"":""g2.png"",""x"":657,""y"":57},{""src"":""g4.png"",""x"":657,""y"":57},{""src"":""g8.png"",""x"":657,""y"":57}]","g2","g4","g8",19523,"car-tumbling-none.mp4","[{""src"":""g9.png"",""x"":657,""y"":57},{""src"":""g7.png"",""x"":657,""y"":57},{""src"":""g16.png"",""x"":657,""y"":57},{""src"":""g14.png"",""x"":657,""y"":57}]","g9","g16","none",39142,"g15","PracticeImage","[{""src"":""g15.png"",""x"":657,""y"":57}]",7762,"g9","PracticeImage","[{""src"":""g9.png"",""x"":657,""y"":57}]",23250,"G","G","SXVY","SVO","SVO","SO","SXO","SXO","SVO","SO","SO","SX","SX","SV","OSV","SX","SO","SO","SOV","SOV","SVO","SXO",0,0,0,0,"g9","g15","S:g9 O:none V:g16","S:g2 O:g8 V:g4","S:g2 O:g15 V:g6","S:g15 O:g8 V:g10","S:g5 O:g3 V:g4","S:g3 O:g8 V:g7","S:g2 O:g3 V:g10","S:g5 O:g9 V:g12","S:g5 O:g2 V:g7","S:g8 O:none V:g14","S:g2 O:none V:g16","S:g3 O:none V:g14","S:g15 O:g5 V:g1","S:g9 O:none V:g14","S:g15 O:g13 V:g11","S:g2 O:g13 V:g1","S:g2 O:g15 V:g11","S:g3 O:g2 V:g12","S:g5 O:g8 V:g6","S:g2 O:g9 V:g4"
"4",4,"A1GXFMAC759VRM","chrome","2015-09-23 23:33:39.177001","{""Q0"":""This was *extremely* difficult and I think I messed up on the initial videos; I had a hard time trying to recall/read the directions/enter the appropriate inputs in such a short period of time. "",""Q1"":""Yes, the ones I couldn't seem to remember after watching the video multiple times (fireman, rubbing, heart, rolling, pushing)"",""Q2"":""No"",""Q3"":""Yes/some -- the majority excluding the ones I wrote down..""}",1,"1","1","girl-elbowing-oldlady.mp4",1,"[{""src"":""g9.png"",""x"":657,""y"":57},{""src"":""g14.png"",""x"":657,""y"":57},{""src"":""g7.png"",""x"":657,""y"":57}]","g9","g14","g7",18382,"fireman-lifting-car.mp4",1,"[{""src"":""g10.png"",""x"":657,""y"":57},{""src"":""g11.png"",""x"":657,""y"":57},{""src"":""g2.png"",""x"":657,""y"":57}]","g1","g11","g2",10435,"girl-pushing-car.mp4",1,"[{""src"":""g9.png"",""x"":657,""y"":57},{""src"":""g5.png"",""x"":657,""y"":57},{""src"":""g2.png"",""x"":657,""y"":57}]","g9","g5","g2",14344,"car-rolling-none.mp4",1,"[{""src"":""g2.png"",""x"":657,""y"":57},{""src"":""g15.png"",""x"":657,""y"":57}]","g2","g15","none",12999,"girl-tumbling-none.mp4",1,"[{""src"":""g9.png"",""x"":657,""y"":57},{""src"":""g8.png"",""x"":657,""y"":57}]","g9","g8","none",14001,"boy-lifting-girl.mp4",1,"[{""src"":""g10.png"",""x"":657,""y"":57},{""src"":""g11.png"",""x"":657,""y"":57},{""src"":""g9.png"",""x"":657,""y"":57}]","g10","g11","g9",14489,"fireman-kicking-girl.mp4",1,"[{""src"":""g10.png"",""x"":657,""y"":57},{""src"":""g5.png"",""x"":657,""y"":57},{""src"":""g9.png"",""x"":657,""y"":57}]","g1","g12","g9",20915,"boy-kicking-ball.mp4",1,"[{""src"":""g10.png"",""x"":657,""y"":57},{""src"":""g12.png"",""x"":657,""y"":57},{""src"":""g13.png"",""x"":657,""y"":57}]","g10","g12","g13",17126,"girl-rubbing-heart.mp4",1,"[{""src"":""g4.png"",""x"":657,""y"":57},{""src"":""g9.png"",""x"":657,""y"":57},{""src"":""g6.png"",""x"":657,""y"":57}]","g9","g6","g4",14397,"oldlady-elbowing-heart.mp4",1,"[{""src"":""g7.png"",""x"":657,""y"":57},{""src"":""g14.png"",""x"":657,""y"":57},{""src"":""g4.png"",""x"":657,""y"":57}]","g7","g14","g4",22045,"ball-rolling-none.mp4",1,"[{""src"":""g15.png"",""x"":657,""y"":57},{""src"":""g13.png"",""x"":657,""y"":57}]","g13","g15","none",14659,"oldlady-kissing-ball.mp4",1,"[{""src"":""g7.png"",""x"":657,""y"":57},{""src"":""g13.png"",""x"":657,""y"":57},{""src"":""g11.png"",""x"":657,""y"":57}]","g7","g16","g13",32575,"fireman-throwing-ball.mp4",1,"[{""src"":""g3.png"",""x"":657,""y"":57},{""src"":""g13.png"",""x"":657,""y"":57},{""src"":""g10.png"",""x"":657,""y"":57}]","g1","g3","g13",21564,"boy-rolling-none.mp4",1,"[{""src"":""g15.png"",""x"":657,""y"":57}]","g10","g15","none",9959,"oldlady-rubbing-fireman.mp4",1,"[{""src"":""g6.png"",""x"":657,""y"":57}]","g7","g6","g1",11694,"girl-throwing-oldlady.mp4",1,"[{""src"":""g3.png"",""x"":657,""y"":57}]","g9","g3","g7",10242,"girl-kissing-boy.mp4",1,"[{""src"":""g16.png"",""x"":657,""y"":57}]","g9","g16","g10",9062,"fireman-pushing-boy.mp4",1,"[{""src"":""g5.png"",""x"":657,""y"":57}]","g1","g5","g10",13174,"girl-pushing-ball.mp4","[{""src"":""g9.png"",""x"":657,""y"":57}]","g9","g5","g13",9054,"car-tumbling-none.mp4","[{""src"":""g2.png"",""x"":657,""y"":57}]","g2","g8","none",10473,"g7","PracticeImage","[{""src"":""g7.png"",""x"":657,""y"":57}]",6559,"g2","PracticeImage","[{""src"":""g2.png"",""x"":657,""y"":57}]",12451,"G","G","S","S","V","V","V","V","V","VSS","SOX","VS","SVO","OSV","SVO","SXO","SVO","SV","SV","SVO","SSO","SVO",0,0,0,0,"g2","g7","S:g2 O:none V:g8","S:g9 O:g13 V:g5","S:g1 O:g10 V:g5","S:g9 O:g10 V:g16","S:g9 O:g7 V:g3","S:g7 O:g1 V:g6","S:g10 O:none V:g15","S:g1 O:g13 V:g3","S:g7 O:g13 V:g16","S:g13 O:none V:g15","S:g7 O:g4 V:g14","S:g9 O:g4 V:g6","S:g10 O:g13 V:g12","S:g1 O:g9 V:g12","S:g10 O:g9 V:g11","S:g9 O:none V:g8","S:g2 O:none V:g15","S:g9 O:g2 V:g5","S:g1 O:g2 V:g11","S:g9 O:g7 V:g14"
"5",5,"ASS4LIVDW452F","firefox","2015-09-23 23:35:31.894112","{""Q0"":""It was hard to remember the symbols mid way through the task so that it made it difficult"",""Q1"":""no"",""Q2"":""no"",""Q3"":""yes""}",0,"1","0.875","ball-rolling-none.mp4",1,"[{""src"":""g12.png"",""x"":657,""y"":57},{""src"":""g4.png"",""x"":657,""y"":57}]","g12","g4","none",14535,"girl-tumbling-none.mp4",1,"[{""src"":""g14.png"",""x"":657,""y"":57},{""src"":""g2.png"",""x"":657,""y"":57}]","g14","g1","none",14900,"fireman-throwing-ball.mp4",1,"[{""src"":""g12.png"",""x"":657,""y"":57},{""src"":""g16.png"",""x"":657,""y"":57},{""src"":""g9.png"",""x"":657,""y"":57}]","g11","g9","g12",24276,"fireman-pushing-boy.mp4",1,"[{""src"":""g16.png"",""x"":657,""y"":57},{""src"":""g4.png"",""x"":657,""y"":57},{""src"":""g1.png"",""x"":657,""y"":57}]","g11","g6","g16",15460,"oldlady-rubbing-fireman.mp4",1,"[{""src"":""g5.png"",""x"":657,""y"":57},{""src"":""g13.png"",""x"":657,""y"":57},{""src"":""g16.png"",""x"":657,""y"":57}]","g5","g13","g11",20644,"boy-lifting-girl.mp4",1,"[{""src"":""g14.png"",""x"":657,""y"":57},{""src"":""g16.png"",""x"":657,""y"":57},{""src"":""g6.png"",""x"":657,""y"":57}]","g16","g8","g14",19071,"fireman-kicking-girl.mp4",1,"[{""src"":""g14.png"",""x"":657,""y"":57},{""src"":""g16.png"",""x"":657,""y"":57},{""src"":""g15.png"",""x"":657,""y"":57}]","g11","g2","g14",17293,"boy-kicking-ball.mp4",1,"[{""src"":""g2.png"",""x"":657,""y"":57},{""src"":""g12.png"",""x"":657,""y"":57},{""src"":""g16.png"",""x"":657,""y"":57}]","g16","g2","g12",15549,"fireman-lifting-car.mp4",1,"[{""src"":""g7.png"",""x"":657,""y"":57},{""src"":""g16.png"",""x"":657,""y"":57},{""src"":""g13.png"",""x"":657,""y"":57}]","g11","g8","g7",17253,"girl-pushing-car.mp4",1,"[{""src"":""g14.png"",""x"":657,""y"":57},{""src"":""g7.png"",""x"":657,""y"":57},{""src"":""g4.png"",""x"":657,""y"":57},{""src"":""g4.png"",""x"":657,""y"":57}]","g14","g6","g7",22307,"car-rolling-none.mp4",1,"[{""src"":""g7.png"",""x"":657,""y"":57},{""src"":""g4.png"",""x"":657,""y"":57}]","g7","g4","none",9876,"oldlady-elbowing-heart.mp4",1,"[{""src"":""g3.png"",""x"":657,""y"":57},{""src"":""g5.png"",""x"":657,""y"":57},{""src"":""g13.png"",""x"":657,""y"":57}]","g5","g10","g3",13123,"girl-kissing-boy.mp4",1,"[{""src"":""g16.png"",""x"":657,""y"":57},{""src"":""g14.png"",""x"":657,""y"":57},{""src"":""g3.png"",""x"":657,""y"":57}]","g14","g15","g16",25197,"girl-rubbing-heart.mp4",1,"[{""src"":""g14.png"",""x"":657,""y"":57},{""src"":""g13.png"",""x"":657,""y"":57},{""src"":""g3.png"",""x"":657,""y"":57}]","g14","g13","g3",25100,"boy-rolling-none.mp4",1,"[{""src"":""g15.png"",""x"":657,""y"":57},{""src"":""g14.png"",""x"":657,""y"":57}]","g16","g4","none",21345,"girl-throwing-oldlady.mp4",1,"[{""src"":""g5.png"",""x"":657,""y"":57},{""src"":""g14.png"",""x"":657,""y"":57}]","g14","g9","g5",13327,"girl-elbowing-oldlady.mp4",1,"[{""src"":""g5.png"",""x"":657,""y"":57},{""src"":""g14.png"",""x"":657,""y"":57},{""src"":""g1.png"",""x"":657,""y"":57}]","g14","g10","g5",14484,"oldlady-kissing-ball.mp4",1,"[{""src"":""g5.png"",""x"":657,""y"":57},{""src"":""g12.png"",""x"":657,""y"":57},{""src"":""g6.png"",""x"":657,""y"":57}]","g5","g15","g12",10795,"car-tumbling-none.mp4","[{""src"":""g7.png"",""x"":657,""y"":57},{""src"":""g1.png"",""x"":657,""y"":57}]","g7","g1","none",10857,"girl-pushing-ball.mp4","[{""src"":""g14.png"",""x"":657,""y"":57},{""src"":""g12.png"",""x"":657,""y"":57}]","g14","g6","g12",13693,"g5","PracticeImage","[{""src"":""g5.png"",""x"":657,""y"":57}]",5014,"g7","PracticeImage","[{""src"":""g7.png"",""x"":657,""y"":57}]",13037,"G","G","SO","SV","SOX","OSX","OS","XY","SVO","OSX","OSX","SV","SOXX","OXY","VOS","OXY","OSX","SVX","OXY","OXV","SX","SV",0,0,0,0,"g7","g5","S:g14 O:g12 V:g6","S:g7 O:none V:g1","S:g5 O:g12 V:g15","S:g14 O:g5 V:g10","S:g14 O:g5 V:g9","S:g16 O:none V:g4","S:g14 O:g3 V:g13","S:g14 O:g16 V:g15","S:g5 O:g3 V:g10","S:g7 O:none V:g4","S:g14 O:g7 V:g6","S:g11 O:g7 V:g8","S:g16 O:g12 V:g2","S:g11 O:g14 V:g2","S:g16 O:g14 V:g8","S:g5 O:g11 V:g13","S:g11 O:g16 V:g6","S:g11 O:g12 V:g9","S:g14 O:none V:g1","S:g12 O:none V:g4"
"6",6,"A3BHRFFG75X3GO","chrome","2015-09-24 00:22:12.284231","{""Q0"":""No comments."",""Q1"":""No."",""Q2"":""No."",""Q3"":""Yes.""}",0,"1","1","boy-kicking-ball.mp4",1,"[{""src"":""g5.png"",""x"":657,""y"":57},{""src"":""g10.png"",""x"":657,""y"":57},{""src"":""g1.png"",""x"":657,""y"":57}]","g5","g10","g1",12541,"girl-rubbing-heart.mp4",1,"[{""src"":""g8.png"",""x"":657,""y"":57},{""src"":""g7.png"",""x"":657,""y"":57},{""src"":""g11.png"",""x"":657,""y"":57}]","g8","g7","g11",19157,"oldlady-elbowing-heart.mp4",1,"[{""src"":""g2.png"",""x"":657,""y"":57},{""src"":""g9.png"",""x"":657,""y"":57},{""src"":""g11.png"",""x"":657,""y"":57}]","g2","g9","g11",11328,"girl-tumbling-none.mp4",1,"[{""src"":""g8.png"",""x"":657,""y"":57},{""src"":""g15.png"",""x"":657,""y"":57}]","g8","g15","none",10284,"fireman-kicking-girl.mp4",1,"[{""src"":""g12.png"",""x"":657,""y"":57},{""src"":""g10.png"",""x"":657,""y"":57},{""src"":""g8.png"",""x"":657,""y"":57}]","g12","g10","g8",14812,"girl-elbowing-oldlady.mp4",1,"[{""src"":""g8.png"",""x"":657,""y"":57},{""src"":""g9.png"",""x"":657,""y"":57},{""src"":""g2.png"",""x"":657,""y"":57}]","g8","g9","g2",13298,"girl-kissing-boy.mp4",1,"[{""src"":""g8.png"",""x"":657,""y"":57},{""src"":""g4.png"",""x"":657,""y"":57},{""src"":""g5.png"",""x"":657,""y"":57}]","g8","g4","g5",12006,"fireman-pushing-boy.mp4",1,"[{""src"":""g12.png"",""x"":657,""y"":57},{""src"":""g14.png"",""x"":657,""y"":57},{""src"":""g5.png"",""x"":657,""y"":57}]","g12","g14","g5",25626,"boy-lifting-girl.mp4",1,"[{""src"":""g5.png"",""x"":657,""y"":57},{""src"":""g3.png"",""x"":657,""y"":57},{""src"":""g8.png"",""x"":657,""y"":57}]","g5","g3","g8",17696,"oldlady-kissing-ball.mp4",1,"[{""src"":""g2.png"",""x"":657,""y"":57},{""src"":""g10.png"",""x"":657,""y"":57},{""src"":""g1.png"",""x"":657,""y"":57}]","g2","g4","g1",57767,"car-rolling-none.mp4",1,"[{""src"":""g13.png"",""x"":657,""y"":57}]","g13","g16","none",17471,"oldlady-rubbing-fireman.mp4",1,"[{""src"":""g2.png"",""x"":657,""y"":57},{""src"":""g7.png"",""x"":657,""y"":57},{""src"":""g12.png"",""x"":657,""y"":57}]","g2","g7","g12",25078,"ball-rolling-none.mp4",1,"[{""src"":""g1.png"",""x"":657,""y"":57},{""src"":""g16.png"",""x"":657,""y"":57}]","g1","g16","none",11909,"girl-pushing-car.mp4",1,"[{""src"":""g8.png"",""x"":657,""y"":57},{""src"":""g14.png"",""x"":657,""y"":57},{""src"":""g13.png"",""x"":657,""y"":57}]","g8","g14","g13",22820,"boy-rolling-none.mp4",1,"[{""src"":""g5.png"",""x"":657,""y"":57},{""src"":""g16.png"",""x"":657,""y"":57}]","g5","g16","none",9516,"fireman-throwing-ball.mp4",1,"[{""src"":""g12.png"",""x"":657,""y"":57},{""src"":""g6.png"",""x"":657,""y"":57},{""src"":""g1.png"",""x"":657,""y"":57}]","g12","g6","g1",17028,"girl-throwing-oldlady.mp4",1,"[{""src"":""g8.png"",""x"":657,""y"":57},{""src"":""g6.png"",""x"":657,""y"":57},{""src"":""g2.png"",""x"":657,""y"":57}]","g8","g6","g2",21969,"fireman-lifting-car.mp4",1,"[{""src"":""g12.png"",""x"":657,""y"":57},{""src"":""g3.png"",""x"":657,""y"":57},{""src"":""g13.png"",""x"":657,""y"":57}]","g12","g3","g13",18316,"car-tumbling-none.mp4","[{""src"":""g13.png"",""x"":657,""y"":57},{""src"":""g16.png"",""x"":657,""y"":57}]","g13","g15","none",14109,"girl-pushing-ball.mp4","[{""src"":""g8.png"",""x"":657,""y"":57},{""src"":""g16.png"",""x"":657,""y"":57},{""src"":""g1.png"",""x"":657,""y"":57}]","g8","g14","g1",22060,"g13","PracticeImage","[{""src"":""g13.png"",""x"":657,""y"":57}]",7925,"g2","PracticeImage","[{""src"":""g2.png"",""x"":657,""y"":57}]",18267,"G","G","SOO","SX","SVO","SVO","SVO","SV","SVO","SS","SVO","S","SOO","SVO","SVO","SVO","SVO","SVO","SV","SVO","SVO","SOO",0,0,0,0,"g2","g13","S:g8 O:g1 V:g14","S:g13 O:none V:g15","S:g12 O:g13 V:g3","S:g8 O:g2 V:g6","S:g12 O:g1 V:g6","S:g5 O:none V:g16","S:g8 O:g13 V:g14","S:g1 O:none V:g16","S:g2 O:g12 V:g7","S:g13 O:none V:g16","S:g2 O:g1 V:g4","S:g5 O:g8 V:g3","S:g12 O:g5 V:g14","S:g8 O:g5 V:g4","S:g8 O:g2 V:g9","S:g12 O:g8 V:g10","S:g8 O:none V:g15","S:g2 O:g11 V:g9","S:g8 O:g11 V:g7","S:g5 O:g1 V:g10"
"7",7,"A16UAN46CNIRHY","chrome","2015-09-24 01:23:00.411196","{""Q0"":"""",""Q1"":""Yes"",""Q2"":""No"",""Q3"":""Yes""}",1,"1","1","girl-elbowing-oldlady.mp4",1,"[{""src"":""g15.png"",""x"":657,""y"":57},{""src"":""g11.png"",""x"":657,""y"":57}]","g15","g12","g7",13962,"boy-rolling-none.mp4",1,"[{""src"":""g3.png"",""x"":657,""y"":57},{""src"":""g8.png"",""x"":657,""y"":57}]","g3","g8","none",10453,"oldlady-rubbing-fireman.mp4",1,"[{""src"":""g7.png"",""x"":657,""y"":57},{""src"":""g9.png"",""x"":657,""y"":57}]","g7","g9","g1",11409,"fireman-pushing-boy.mp4",1,"[{""src"":""g1.png"",""x"":657,""y"":57},{""src"":""g14.png"",""x"":657,""y"":57}]","g1","g14","g3",16493,"car-rolling-none.mp4",1,"[{""src"":""g6.png"",""x"":657,""y"":57},{""src"":""g8.png"",""x"":657,""y"":57}]","g6","g8","none",14095,"fireman-throwing-ball.mp4",1,"[{""src"":""g3.png"",""x"":657,""y"":57},{""src"":""g10.png"",""x"":657,""y"":57}]","g1","g10","g5",11040,"girl-rubbing-heart.mp4",1,"[{""src"":""g15.png"",""x"":657,""y"":57},{""src"":""g9.png"",""x"":657,""y"":57}]","g15","g9","g13",11971,"boy-kicking-ball.mp4",1,"[{""src"":""g3.png"",""x"":657,""y"":57},{""src"":""g11.png"",""x"":657,""y"":57}]","g3","g11","g5",9134,"girl-tumbling-none.mp4",1,"[{""src"":""g15.png"",""x"":657,""y"":57},{""src"":""g16.png"",""x"":657,""y"":57}]","g15","g16","none",9452,"oldlady-kissing-ball.mp4",1,"[{""src"":""g7.png"",""x"":657,""y"":57},{""src"":""g9.png"",""x"":657,""y"":57}]","g7","g2","g5",16608,"oldlady-elbowing-heart.mp4",1,"[{""src"":""g12.png"",""x"":657,""y"":57},{""src"":""g13.png"",""x"":657,""y"":57}]","g7","g12","g13",11803,"fireman-lifting-car.mp4",1,"[{""src"":""g3.png"",""x"":657,""y"":57},{""src"":""g4.png"",""x"":657,""y"":57}]","g1","g4","g6",11581,"girl-kissing-boy.mp4",1,"[{""src"":""g15.png"",""x"":657,""y"":57},{""src"":""g2.png"",""x"":657,""y"":57}]","g15","g2","g3",9199,"ball-rolling-none.mp4",1,"[{""src"":""g8.png"",""x"":657,""y"":57},{""src"":""g5.png"",""x"":657,""y"":57}]","g5","g8","none",15668,"fireman-kicking-girl.mp4",1,"[{""src"":""g3.png"",""x"":657,""y"":57},{""src"":""g14.png"",""x"":657,""y"":57}]","g1","g11","g15",12752,"girl-pushing-car.mp4",1,"[{""src"":""g15.png"",""x"":657,""y"":57},{""src"":""g14.png"",""x"":657,""y"":57}]","g15","g14","g6",13305,"boy-lifting-girl.mp4",1,"[{""src"":""g3.png"",""x"":657,""y"":57},{""src"":""g4.png"",""x"":657,""y"":57}]","g3","g4","g15",15464,"girl-throwing-oldlady.mp4",1,"[{""src"":""g15.png"",""x"":657,""y"":57},{""src"":""g4.png"",""x"":657,""y"":57}]","g15","g10","g7",18233,"car-tumbling-none.mp4","[{""src"":""g6.png"",""x"":657,""y"":57},{""src"":""g8.png"",""x"":657,""y"":57}]","g6","g16","none",17520,"girl-pushing-ball.mp4","[{""src"":""g7.png"",""x"":657,""y"":57},{""src"":""g5.png"",""x"":657,""y"":57}]","g15","g14","g5",21613,"g7","PracticeImage","[{""src"":""g7.png"",""x"":657,""y"":57}]",4248,"g6","PracticeImage","[{""src"":""g6.png"",""x"":657,""y"":57}]",14570,"G","G","XO","SX","SX","SV","SV","XS","VS","SV","XV","VO","SX","SV","SV","SV","XS","SV","SS","SV","SV","SX",0,0,0,0,"g6","g7","S:g15 O:g5 V:g14","S:g6 O:none V:g16","S:g15 O:g7 V:g10","S:g3 O:g15 V:g4","S:g15 O:g6 V:g14","S:g1 O:g15 V:g11","S:g5 O:none V:g8","S:g15 O:g3 V:g2","S:g1 O:g6 V:g4","S:g7 O:g13 V:g12","S:g7 O:g5 V:g2","S:g15 O:none V:g16","S:g3 O:g5 V:g11","S:g15 O:g13 V:g9","S:g1 O:g5 V:g10","S:g6 O:none V:g8","S:g1 O:g3 V:g14","S:g7 O:g1 V:g9","S:g3 O:none V:g8","S:g15 O:g7 V:g12"
"8",8,"AW0MG225VXWCN","firefox","2015-09-24 02:05:29.832056","{""Q0"":""no comments"",""Q1"":""no"",""Q2"":""no"",""Q3"":""yes""}",0,"1","0.875","girl-pushing-car.mp4",1,"[{""src"":""g6.png"",""x"":657,""y"":57},{""src"":""g5.png"",""x"":657,""y"":57},{""src"":""g15.png"",""x"":657,""y"":57}]","g6","g9","g5",13252,"oldlady-elbowing-heart.mp4",1,"[{""src"":""g8.png"",""x"":657,""y"":57},{""src"":""g16.png"",""x"":657,""y"":57},{""src"":""g3.png"",""x"":657,""y"":57}]","g16","g3","g8",12019,"fireman-pushing-boy.mp4",1,"[{""src"":""g7.png"",""x"":657,""y"":57},{""src"":""g4.png"",""x"":657,""y"":57},{""src"":""g15.png"",""x"":657,""y"":57}]","g7","g9","g4",15259,"boy-lifting-girl.mp4",1,"[{""src"":""g6.png"",""x"":657,""y"":57},{""src"":""g4.png"",""x"":657,""y"":57},{""src"":""g14.png"",""x"":657,""y"":57}]","g4","g14","g6",11792,"fireman-lifting-car.mp4",1,"[{""src"":""g5.png"",""x"":657,""y"":57},{""src"":""g7.png"",""x"":657,""y"":57},{""src"":""g14.png"",""x"":657,""y"":57}]","g7","g14","g5",16682,"girl-kissing-boy.mp4",1,"[{""src"":""g4.png"",""x"":657,""y"":57},{""src"":""g6.png"",""x"":657,""y"":57},{""src"":""g13.png"",""x"":657,""y"":57}]","g6","g13","g4",16816,"oldlady-kissing-ball.mp4",1,"[{""src"":""g16.png"",""x"":657,""y"":57},{""src"":""g10.png"",""x"":657,""y"":57},{""src"":""g13.png"",""x"":657,""y"":57}]","g16","g13","g10",14385,"fireman-throwing-ball.mp4",1,"[{""src"":""g7.png"",""x"":657,""y"":57},{""src"":""g10.png"",""x"":657,""y"":57},{""src"":""g12.png"",""x"":657,""y"":57}]","g7","g12","g10",15788,"girl-rubbing-heart.mp4",1,"[{""src"":""g8.png"",""x"":657,""y"":57},{""src"":""g6.png"",""x"":657,""y"":57},{""src"":""g11.png"",""x"":657,""y"":57}]","g6","g11","g8",14763,"girl-throwing-oldlady.mp4",1,"[{""src"":""g6.png"",""x"":657,""y"":57},{""src"":""g16.png"",""x"":657,""y"":57},{""src"":""g9.png"",""x"":657,""y"":57}]","g6","g12","g16",13951,"oldlady-rubbing-fireman.mp4",1,"[{""src"":""g7.png"",""x"":657,""y"":57},{""src"":""g16.png"",""x"":657,""y"":57},{""src"":""g11.png"",""x"":657,""y"":57}]","g16","g11","g7",13150,"car-rolling-none.mp4",1,"[{""src"":""g5.png"",""x"":657,""y"":57},{""src"":""g2.png"",""x"":657,""y"":57}]","g5","g2","none",15372,"ball-rolling-none.mp4",1,"[{""src"":""g10.png"",""x"":657,""y"":57},{""src"":""g11.png"",""x"":657,""y"":57}]","g10","g2","none",16612,"girl-tumbling-none.mp4",1,"[{""src"":""g6.png"",""x"":657,""y"":57},{""src"":""g15.png"",""x"":657,""y"":57}]","g6","g15","none",11921,"boy-kicking-ball.mp4",1,"[{""src"":""g4.png"",""x"":657,""y"":57},{""src"":""g1.png"",""x"":657,""y"":57},{""src"":""g10.png"",""x"":657,""y"":57}]","g4","g1","g10",13214,"boy-rolling-none.mp4",1,"[{""src"":""g4.png"",""x"":657,""y"":57},{""src"":""g11.png"",""x"":657,""y"":57}]","g4","g2","none",15192,"girl-elbowing-oldlady.mp4",1,"[{""src"":""g16.png"",""x"":657,""y"":57},{""src"":""g6.png"",""x"":657,""y"":57},{""src"":""g3.png"",""x"":657,""y"":57}]","g6","g3","g16",12153,"fireman-kicking-girl.mp4",1,"[{""src"":""g6.png"",""x"":657,""y"":57},{""src"":""g7.png"",""x"":657,""y"":57},{""src"":""g1.png"",""x"":657,""y"":57}]","g7","g1","g6",14861,"girl-pushing-ball.mp4","[{""src"":""g6.png"",""x"":657,""y"":57},{""src"":""g10.png"",""x"":657,""y"":57},{""src"":""g11.png"",""x"":657,""y"":57}]","g6","g9","g10",18283,"car-tumbling-none.mp4","[{""src"":""g5.png"",""x"":657,""y"":57},{""src"":""g11.png"",""x"":657,""y"":57}]","g5","g15","none",29034,"g16","PracticeImage","[{""src"":""g16.png"",""x"":657,""y"":57}]",4979,"g5","PracticeImage","[{""src"":""g5.png"",""x"":657,""y"":57}]",14391,"G","G","SX","SOX","OSV","OSV","SX","SVO","SV","SX","SV","OSV","SOX","OSV","SOV","SOV","OSV","OSV","OSV","SOX","OSV","SOX",0,0,0,0,"g5","g16","S:g5 O:none V:g15","S:g6 O:g10 V:g9","S:g7 O:g6 V:g1","S:g6 O:g16 V:g3","S:g4 O:none V:g2","S:g4 O:g10 V:g1","S:g6 O:none V:g15","S:g10 O:none V:g2","S:g5 O:none V:g2","S:g16 O:g7 V:g11","S:g6 O:g16 V:g12","S:g6 O:g8 V:g11","S:g7 O:g10 V:g12","S:g16 O:g10 V:g13","S:g6 O:g4 V:g13","S:g7 O:g5 V:g14","S:g4 O:g6 V:g14","S:g7 O:g4 V:g9","S:g16 O:g8 V:g3","S:g6 O:g5 V:g9"
"9",9,"A94DL4GI8ZBUO","chrome","2015-09-24 06:40:42.351522","{""Q0"":""You only gave us one chance to see the symbols and the meanings.  Some people (like myself) need multiple reinforcement of the symbols to memorize them."",""Q1"":""No"",""Q2"":""No"",""Q3"":""I tried my best to do so.""}",0,"1","0.875","girl-tumbling-none.mp4",1,"[{""src"":""g14.png"",""x"":657,""y"":57},{""src"":""g3.png"",""x"":657,""y"":57}]","g3","g11","none",11554,"boy-lifting-girl.mp4",1,"[{""src"":""g3.png"",""x"":657,""y"":57},{""src"":""g5.png"",""x"":657,""y"":57},{""src"":""g10.png"",""x"":657,""y"":57}]","g5","g6","g3",18851,"oldlady-rubbing-fireman.mp4",1,"[{""src"":""g15.png"",""x"":657,""y"":57},{""src"":""g6.png"",""x"":657,""y"":57},{""src"":""g1.png"",""x"":657,""y"":57}]","g15","g10","g1",33779,"girl-rubbing-heart.mp4",1,"[{""src"":""g3.png"",""x"":657,""y"":57},{""src"":""g2.png"",""x"":657,""y"":57},{""src"":""g13.png"",""x"":657,""y"":57}]","g3","g10","g2",12926,"fireman-throwing-ball.mp4",1,"[{""src"":""g1.png"",""x"":657,""y"":57},{""src"":""g4.png"",""x"":657,""y"":57},{""src"":""g16.png"",""x"":657,""y"":57}]","g1","g4","g13",22505,"oldlady-kissing-ball.mp4",1,"[{""src"":""g15.png"",""x"":657,""y"":57},{""src"":""g4.png"",""x"":657,""y"":57},{""src"":""g16.png"",""x"":657,""y"":57}]","g15","g8","g13",18579,"girl-pushing-car.mp4",1,"[{""src"":""g3.png"",""x"":657,""y"":57},{""src"":""g12.png"",""x"":657,""y"":57},{""src"":""g13.png"",""x"":657,""y"":57}]","g3","g16","g12",20446,"girl-throwing-oldlady.mp4",1,"[{""src"":""g3.png"",""x"":657,""y"":57},{""src"":""g15.png"",""x"":657,""y"":57},{""src"":""g10.png"",""x"":657,""y"":57}]","g3","g4","g15",21790,"fireman-lifting-car.mp4",1,"[{""src"":""g1.png"",""x"":657,""y"":57},{""src"":""g12.png"",""x"":657,""y"":57},{""src"":""g7.png"",""x"":657,""y"":57}]","g1","g6","g12",28271,"car-rolling-none.mp4",1,"[{""src"":""g12.png"",""x"":657,""y"":57},{""src"":""g13.png"",""x"":657,""y"":57}]","g12","g14","none",10671,"fireman-kicking-girl.mp4",1,"[{""src"":""g1.png"",""x"":657,""y"":57},{""src"":""g3.png"",""x"":657,""y"":57},{""src"":""g11.png"",""x"":657,""y"":57}]","g1","g7","g3",13929,"girl-kissing-boy.mp4",1,"[{""src"":""g5.png"",""x"":657,""y"":57},{""src"":""g3.png"",""x"":657,""y"":57},{""src"":""g10.png"",""x"":657,""y"":57}]","g3","g8","g5",15173,"boy-rolling-none.mp4",1,"[{""src"":""g5.png"",""x"":657,""y"":57},{""src"":""g14.png"",""x"":657,""y"":57}]","g5","g14","none",18639,"fireman-pushing-boy.mp4",1,"[{""src"":""g5.png"",""x"":657,""y"":57},{""src"":""g1.png"",""x"":657,""y"":57},{""src"":""g16.png"",""x"":657,""y"":57}]","g1","g16","g5",26220,"ball-rolling-none.mp4",1,"[{""src"":""g14.png"",""x"":657,""y"":57},{""src"":""g4.png"",""x"":657,""y"":57}]","g13","g14","none",19066,"girl-elbowing-oldlady.mp4",1,"[{""src"":""g3.png"",""x"":657,""y"":57},{""src"":""g10.png"",""x"":657,""y"":57},{""src"":""g16.png"",""x"":657,""y"":57}]","g3","g9","g15",29159,"oldlady-elbowing-heart.mp4",1,"[{""src"":""g15.png"",""x"":657,""y"":57},{""src"":""g2.png"",""x"":657,""y"":57},{""src"":""g1.png"",""x"":657,""y"":57}]","g15","g9","g2",20728,"boy-kicking-ball.mp4",1,"[{""src"":""g2.png"",""x"":657,""y"":57},{""src"":""g2.png"",""x"":657,""y"":57},{""src"":""g4.png"",""x"":657,""y"":57},{""src"":""g16.png"",""x"":657,""y"":57}]","g5","g7","g13",25879,"car-tumbling-none.mp4","[{""src"":""g12.png"",""x"":657,""y"":57},{""src"":""g14.png"",""x"":657,""y"":57}]","g12","g11","none",18188,"girl-pushing-ball.mp4","[{""src"":""g3.png"",""x"":657,""y"":57},{""src"":""g14.png"",""x"":657,""y"":57},{""src"":""g13.png"",""x"":657,""y"":57}]","g3","g16","g13",40141,"g12","PracticeImage","[{""src"":""g12.png"",""x"":657,""y"":57}]",7716,"g15","PracticeImage","[{""src"":""g15.png"",""x"":657,""y"":57}]",11931,"G","G","SXO","SX","XXYZ","SOX","SXY","VX","OSS","SV","OSX","SOS","SX","SSX","SOX","SOX","SXY","SVS","SOX","SXO","OSX","XS",0,0,0,0,"g15","g12","S:g3 O:g13 V:g16","S:g12 O:none V:g11","S:g5 O:g13 V:g7","S:g15 O:g2 V:g9","S:g3 O:g15 V:g9","S:g13 O:none V:g14","S:g1 O:g5 V:g16","S:g5 O:none V:g14","S:g3 O:g5 V:g8","S:g1 O:g3 V:g7","S:g12 O:none V:g14","S:g1 O:g12 V:g6","S:g3 O:g15 V:g4","S:g3 O:g12 V:g16","S:g15 O:g13 V:g8","S:g1 O:g13 V:g4","S:g3 O:g2 V:g10","S:g15 O:g1 V:g10","S:g5 O:g3 V:g6","S:g3 O:none V:g11"
"10",10,"A3QLGMZOLGMBQ1","chrome","2015-09-24 07:34:59.760711","{""Q0"":""I knew the answers though I didn't always get the right symbol"",""Q1"":""No"",""Q2"":""No"",""Q3"":""Yes""}",0,"1","0.875","girl-throwing-oldlady.mp4",1,"[{""src"":""g16.png"",""x"":657,""y"":57},{""src"":""g3.png"",""x"":657,""y"":57},{""src"":""g12.png"",""x"":657,""y"":57}]","g16","g3","g12",17326,"girl-kissing-boy.mp4",1,"[{""src"":""g16.png"",""x"":657,""y"":57},{""src"":""g13.png"",""x"":657,""y"":57},{""src"":""g2.png"",""x"":657,""y"":57}]","g16","g13","g2",34408,"oldlady-elbowing-heart.mp4",1,"[{""src"":""g12.png"",""x"":657,""y"":57},{""src"":""g5.png"",""x"":657,""y"":57},{""src"":""g6.png"",""x"":657,""y"":57}]","g12","g11","g6",32352,"boy-rolling-none.mp4",1,"[{""src"":""g2.png"",""x"":657,""y"":57},{""src"":""g6.png"",""x"":657,""y"":57}]","g2","g10","none",26632,"fireman-lifting-car.mp4",1,"[{""src"":""g2.png"",""x"":657,""y"":57},{""src"":""g7.png"",""x"":657,""y"":57},{""src"":""g9.png"",""x"":657,""y"":57}]","g4","g7","g9",12284,"girl-elbowing-oldlady.mp4",1,"[{""src"":""g16.png"",""x"":657,""y"":57},{""src"":""g11.png"",""x"":657,""y"":57},{""src"":""g12.png"",""x"":657,""y"":57}]","g16","g11","g12",12282,"oldlady-rubbing-fireman.mp4",1,"[{""src"":""g12.png"",""x"":657,""y"":57},{""src"":""g5.png"",""x"":657,""y"":57},{""src"":""g2.png"",""x"":657,""y"":57}]","g12","g5","g4",15300,"girl-pushing-car.mp4",1,"[{""src"":""g16.png"",""x"":657,""y"":57},{""src"":""g3.png"",""x"":657,""y"":57},{""src"":""g9.png"",""x"":657,""y"":57}]","g16","g15","g9",20450,"car-rolling-none.mp4",1,"[{""src"":""g9.png"",""x"":657,""y"":57},{""src"":""g10.png"",""x"":657,""y"":57}]","g9","g10","none",13919,"boy-lifting-girl.mp4",1,"[{""src"":""g2.png"",""x"":657,""y"":57},{""src"":""g7.png"",""x"":657,""y"":57},{""src"":""g16.png"",""x"":657,""y"":57}]","g2","g7","g16",23332,"fireman-pushing-boy.mp4",1,"[{""src"":""g2.png"",""x"":657,""y"":57},{""src"":""g3.png"",""x"":657,""y"":57},{""src"":""g16.png"",""x"":657,""y"":57}]","g4","g15","g2",17516,"ball-rolling-none.mp4",1,"[{""src"":""g8.png"",""x"":657,""y"":57},{""src"":""g6.png"",""x"":657,""y"":57}]","g8","g10","none",18837,"fireman-throwing-ball.mp4",1,"[{""src"":""g2.png"",""x"":657,""y"":57},{""src"":""g3.png"",""x"":657,""y"":57},{""src"":""g8.png"",""x"":657,""y"":57}]","g4","g3","g8",13220,"fireman-kicking-girl.mp4",1,"[{""src"":""g2.png"",""x"":657,""y"":57},{""src"":""g1.png"",""x"":657,""y"":57},{""src"":""g16.png"",""x"":657,""y"":57}]","g4","g1","g16",17286,"girl-rubbing-heart.mp4",1,"[{""src"":""g16.png"",""x"":657,""y"":57},{""src"":""g5.png"",""x"":657,""y"":57},{""src"":""g8.png"",""x"":657,""y"":57}]","g16","g5","g6",17068,"oldlady-kissing-ball.mp4",1,"[{""src"":""g12.png"",""x"":657,""y"":57},{""src"":""g15.png"",""x"":657,""y"":57},{""src"":""g1.png"",""x"":657,""y"":57},{""src"":""g8.png"",""x"":657,""y"":57}]","g12","g13","g8",27935,"boy-kicking-ball.mp4",1,"[{""src"":""g2.png"",""x"":657,""y"":57},{""src"":""g1.png"",""x"":657,""y"":57},{""src"":""g8.png"",""x"":657,""y"":57}]","g2","g1","g8",15448,"girl-tumbling-none.mp4",1,"[{""src"":""g16.png"",""x"":657,""y"":57},{""src"":""g14.png"",""x"":657,""y"":57}]","g16","g14","none",9598,"girl-pushing-ball.mp4","[{""src"":""g16.png"",""x"":657,""y"":57},{""src"":""g6.png"",""x"":657,""y"":57},{""src"":""g8.png"",""x"":657,""y"":57}]","g16","g15","g8",23054,"car-tumbling-none.mp4","[{""src"":""g9.png"",""x"":657,""y"":57},{""src"":""g14.png"",""x"":657,""y"":57}]","g9","g14","none",28683,"g9","PracticeImage","[{""src"":""g9.png"",""x"":657,""y"":57}]",5037,"g12","PracticeImage","[{""src"":""g12.png"",""x"":657,""y"":57}]",13736,"G","G","SV","SXO","SV","SVO","SXYO","SVX","XVO","XVO","SX","OXY","SVO","SV","SXO","SVX","SVO","XVO","SX","SXO","SVO","SVO",0,0,0,0,"g12","g9","S:g9 O:none V:g14","S:g16 O:g8 V:g15","S:g16 O:none V:g14","S:g2 O:g8 V:g1","S:g12 O:g8 V:g13","S:g16 O:g6 V:g5","S:g4 O:g16 V:g1","S:g4 O:g8 V:g3","S:g8 O:none V:g10","S:g4 O:g2 V:g15","S:g2 O:g16 V:g7","S:g9 O:none V:g10","S:g16 O:g9 V:g15","S:g12 O:g4 V:g5","S:g16 O:g12 V:g11","S:g4 O:g9 V:g7","S:g2 O:none V:g10","S:g12 O:g6 V:g11","S:g16 O:g2 V:g13","S:g16 O:g12 V:g3"
