"","participant","workerId","browser","beginhit","PracGlyph_21","rt_21","moves_21","PracGlyph_22","rt_22","moves_22","Sub_24","Vrb_24","Obj_24","rt_24","moves_24","Sub_25","Vrb_25","Obj_25","rt_25","moves_25","Sub_26","Vrb_26","Obj_26","rt_26","moves_26","Sub_27","Vrb_27","Obj_27","rt_27","moves_27","Sub_28","Vrb_28","Obj_28","rt_28","moves_28","Sub_29","Vrb_29","Obj_29","rt_29","moves_29","Sub_30","Vrb_30","Obj_30","rt_30","moves_30","Sub_31","Vrb_31","Obj_31","rt_31","moves_31","Sub_32","Vrb_32","Obj_32","rt_32","moves_32","Sub_33","Vrb_33","Obj_33","rt_33","moves_33","Sub_34","Vrb_34","Obj_34","rt_34","moves_34","Sub_35","Vrb_35","Obj_35","rt_35","moves_35","Sub_36","Vrb_36","Obj_36","rt_36","moves_36","Sub_37","Vrb_37","Obj_37","rt_37","moves_37","Sub_38","Vrb_38","Obj_38","rt_38","moves_38","Sub_39","Vrb_39","Obj_39","rt_39","moves_39","Sub_40","Vrb_40","Obj_40","rt_40","moves_40","Sub_41","Vrb_41","Obj_41","rt_41","moves_41","feedback"
"1",1,"A25ROS9CH7PSFZ","chrome","2015-03-24 20:31:18.695989","g7",NA,"[{""src"":""g7.png"",""x"":609,""y"":81},{""src"":""g7.png"",""x"":137,""y"":130},{""src"":""g7.png"",""x"":337,""y"":63}]","g14",10477,"[{""src"":""g14.png"",""x"":345,""y"":85}]",NA,NA,"g16",NA,"[{""src"":""g7.png"",""x"":421,""y"":0},{""src"":""g6.png"",""x"":415,""y"":104},{""src"":""g16.png"",""x"":416,""y"":213}]","g5","g10","g7",22290,"[{""src"":""g5.png"",""x"":416,""y"":0},{""src"":""g10.png"",""x"":418,""y"":116},{""src"":""g7.png"",""x"":418,""y"":212}]","g14","g3","none",24316,"[{""src"":""g14.png"",""x"":409,""y"":0},{""src"":""g3.png"",""x"":398,""y"":114}]","g7","g10","g13",25268,"[{""src"":""g7.png"",""x"":420,""y"":0},{""src"":""g10.png"",""x"":410,""y"":108},{""src"":""g13.png"",""x"":406,""y"":215}]","g7","g9","g12",15334,"[{""src"":""g7.png"",""x"":418,""y"":0},{""src"":""g9.png"",""x"":414,""y"":100},{""src"":""g12.png"",""x"":418,""y"":212}]","g12","g4","g16",23620,"[{""src"":""g12.png"",""x"":438,""y"":0},{""src"":""g4.png"",""x"":438,""y"":105},{""src"":""g16.png"",""x"":433,""y"":212}]","g5","g9","g13",38127,"[{""src"":""g4.png"",""x"":491,""y"":501},{""src"":""g5.png"",""x"":415,""y"":0},{""src"":""g9.png"",""x"":423,""y"":104},{""src"":""g13.png"",""x"":417,""y"":211}]","g1","g11","g5",21655,"[{""src"":""g1.png"",""x"":410,""y"":0},{""src"":""g11.png"",""x"":410,""y"":104},{""src"":""g5.png"",""x"":412,""y"":211}]","g5","g6","g1",24076,"[{""src"":""g5.png"",""x"":425,""y"":0},{""src"":""g6.png"",""x"":423,""y"":103},{""src"":""g1.png"",""x"":419,""y"":203}]","g1","g8","g16",36397,"[{""src"":""g1.png"",""x"":419,""y"":0},{""src"":""g8.png"",""x"":420,""y"":103},{""src"":""g16.png"",""x"":415,""y"":212}]","g5","g4","g7",27483,"[{""src"":""g5.png"",""x"":403,""y"":0},{""src"":""g4.png"",""x"":401,""y"":102},{""src"":""g7.png"",""x"":400,""y"":200}]","g5","g15","none",18335,"[{""src"":""g5.png"",""x"":399,""y"":0},{""src"":""g15.png"",""x"":408,""y"":119}]","g1","g3","none",17724,"[{""src"":""g1.png"",""x"":410,""y"":0},{""src"":""g3.png"",""x"":404,""y"":129}]","g12","g8","g5",12245,"[{""src"":""g12.png"",""x"":406,""y"":0},{""src"":""g8.png"",""x"":405,""y"":109},{""src"":""g5.png"",""x"":414,""y"":206}]","g12","g2","g1",21680,"[{""src"":""g12.png"",""x"":411,""y"":0},{""src"":""g2.png"",""x"":409,""y"":100},{""src"":""g1.png"",""x"":403,""y"":209}]","g16","g3","none",21915,"[{""src"":""g16.png"",""x"":410,""y"":0},{""src"":""g3.png"",""x"":404,""y"":122}]","g12","g11","g14",17841,"[{""src"":""g12.png"",""x"":417,""y"":0},{""src"":""g11.png"",""x"":415,""y"":105},{""src"":""g14.png"",""x"":416,""y"":211}]","g5","g2","g14",13550,"[{""src"":""g5.png"",""x"":415,""y"":0},{""src"":""g2.png"",""x"":414,""y"":110},{""src"":""g14.png"",""x"":419,""y"":217}]","{""Q0"":""No"",""Q1"":""No"",""Q2"":""No"",""Q3"":""Yes""}"
"2",2,"AGFWV1U4CJXP5","chrome","2015-03-24 20:31:24.867074","g5",NA,"[{""src"":""g5.png"",""x"":594,""y"":86},{""src"":""g5.png"",""x"":407,""y"":89},{""src"":""g5.png"",""x"":452,""y"":91},{""src"":""g5.png"",""x"":607,""y"":80},{""src"":""g5.png"",""x"":405,""y"":103},{""src"":""g5.png"",""x"":426,""y"":503},{""src"":""g5.png"",""x"":503,""y"":81}]","g7",10972,"[{""src"":""g7.png"",""x"":571,""y"":11},{""src"":""g7.png"",""x"":462,""y"":54}]",NA,NA,"g1",NA,"[{""src"":""g6.png"",""x"":484,""y"":14},{""src"":""g6.png"",""x"":418,""y"":56},{""src"":""g10.png"",""x"":535,""y"":61},{""src"":""g1.png"",""x"":652,""y"":57}]","g5","g14","g2",23490,"[{""src"":""g5.png"",""x"":419,""y"":23},{""src"":""g10.png"",""x"":532,""y"":29},{""src"":""g2.png"",""x"":662,""y"":30}]","g6","g13","g3",30445,"[{""src"":""g6.png"",""x"":409,""y"":65},{""src"":""g13.png"",""x"":524,""y"":64},{""src"":""g3.png"",""x"":627,""y"":58}]","g1","g13","g2",23434,"[{""src"":""g1.png"",""x"":395,""y"":70},{""src"":""g13.png"",""x"":517,""y"":73},{""src"":""g2.png"",""x"":636,""y"":80}]","g3","g11","g5",21691,"[{""src"":""g3.png"",""x"":411,""y"":104},{""src"":""g11.png"",""x"":536,""y"":104},{""src"":""g1.png"",""x"":654,""y"":98}]","g5","g16","g6",27646,"[{""src"":""g5.png"",""x"":411,""y"":106},{""src"":""g16.png"",""x"":512,""y"":106},{""src"":""g6.png"",""x"":615,""y"":89}]","g6","g8","g7",22140,"[{""src"":""g6.png"",""x"":414,""y"":81},{""src"":""g8.png"",""x"":521,""y"":95},{""src"":""g7.png"",""x"":645,""y"":96}]","g7","g15","none",21776,"[{""src"":""g7.png"",""x"":429,""y"":139},{""src"":""g15.png"",""x"":570,""y"":130}]","g6","g11","g2",17648,"[{""src"":""g6.png"",""x"":398,""y"":76},{""src"":""g2.png"",""x"":633,""y"":85},{""src"":""g11.png"",""x"":512,""y"":72}]","g3","g4","none",27378,"[{""src"":""g3.png"",""x"":415,""y"":92},{""src"":""g15.png"",""x"":529,""y"":111},{""src"":""g15.png"",""x"":0,""y"":503},{""src"":""g4.png"",""x"":562,""y"":94}]","g1","g8","g3",16648,"[{""src"":""g1.png"",""x"":429,""y"":55},{""src"":""g8.png"",""x"":534,""y"":61},{""src"":""g3.png"",""x"":654,""y"":61}]","g3","g16","g9",24688,"[{""src"":""g3.png"",""x"":394,""y"":75},{""src"":""g9.png"",""x"":619,""y"":83},{""src"":""g16.png"",""x"":509,""y"":83}]","g1","g15","none",32595,"[{""src"":""g1.png"",""x"":404,""y"":61},{""src"":""g15.png"",""x"":514,""y"":86}]","g2","g15","none",13839,"[{""src"":""g2.png"",""x"":416,""y"":93},{""src"":""g15.png"",""x"":539,""y"":100}]","g5","g12","g9",22321,"[{""src"":""g5.png"",""x"":401,""y"":71},{""src"":""g12.png"",""x"":524,""y"":80},{""src"":""g9.png"",""x"":650,""y"":87}]","g3","g10","g7",21006,"[{""src"":""g3.png"",""x"":415,""y"":53},{""src"":""g10.png"",""x"":538,""y"":60},{""src"":""g7.png"",""x"":650,""y"":63}]","g3","g12","g5",25829,"[{""src"":""g3.png"",""x"":415,""y"":80},{""src"":""g12.png"",""x"":529,""y"":86},{""src"":""g5.png"",""x"":628,""y"":84}]","g3","g14","g1",21018,"[{""src"":""g3.png"",""x"":400,""y"":66},{""src"":""g14.png"",""x"":503,""y"":64},{""src"":""g1.png"",""x"":620,""y"":73}]","{""Q0"":""fun survey"",""Q1"":""yes"",""Q2"":""no"",""Q3"":""yes""}"
"3",3,"A2XNVGK4YCEWF","firefox","2015-03-24 20:52:10.932374","g5",NA,"[{""src"":""g5.png"",""x"":638,""y"":44}]","g16",5532,"[{""src"":""g16.png"",""x"":683,""y"":60}]",NA,NA,"g4",NA,"[{""src"":""g16.png"",""x"":620,""y"":48},{""src"":""g13.png"",""x"":703,""y"":23},{""src"":""g4.png"",""x"":696,""y"":89}]","g4","g8","none",15122,"[{""src"":""g4.png"",""x"":630,""y"":66},{""src"":""g8.png"",""x"":703,""y"":60}]","g11","g8","none",27052,"[{""src"":""g11.png"",""x"":612,""y"":66.99998474121094},{""src"":""g8.png"",""x"":703,""y"":64.99998474121094}]","g7","g10","g5",40524,"[{""src"":""g7.png"",""x"":620,""y"":0},{""src"":""g10.png"",""x"":625,""y"":100.99998474121094},{""src"":""g4.png"",""x"":491,""y"":503},{""src"":""g5.png"",""x"":703,""y"":94.99998474121094}]","g7","g9","g16",15433,"[{""src"":""g7.png"",""x"":612,""y"":43},{""src"":""g9.png"",""x"":679,""y"":66},{""src"":""g16.png"",""x"":664,""y"":103}]","g11","g15","g4",18024,"[{""src"":""g11.png"",""x"":604,""y"":30},{""src"":""g15.png"",""x"":703,""y"":31},{""src"":""g4.png"",""x"":622,""y"":104}]","g12","g9","g4",16265,"[{""src"":""g12.png"",""x"":596,""y"":0},{""src"":""g9.png"",""x"":703,""y"":6.9999847412109375},{""src"":""g4.png"",""x"":703,""y"":101.99998474121094}]","g5","g8","none",13311,"[{""src"":""g5.png"",""x"":604,""y"":1},{""src"":""g8.png"",""x"":703,""y"":96}]","g11","g14","g7",19024,"[{""src"":""g11.png"",""x"":607,""y"":0},{""src"":""g14.png"",""x"":703,""y"":211},{""src"":""g14.png"",""x"":703,""y"":196},{""src"":""g14.png"",""x"":703,""y"":190},{""src"":""g14.png"",""x"":703,""y"":0},{""src"":""g7.png"",""x"":670,""y"":110}]","g7","g6","g2",20529,"[{""src"":""g7.png"",""x"":612,""y"":12},{""src"":""g6.png"",""x"":703,""y"":11},{""src"":""g2.png"",""x"":662,""y"":102}]","g7","g3","g16",14823,"[{""src"":""g7.png"",""x"":607,""y"":0},{""src"":""g3.png"",""x"":703,""y"":0},{""src"":""g16.png"",""x"":651,""y"":103.99998474121094}]","g12","g10","g11",23648,"[{""src"":""g12.png"",""x"":604,""y"":3.9999847412109375},{""src"":""g10.png"",""x"":703,""y"":12.999984741210938},{""src"":""g11.png"",""x"":644,""y"":105.99998474121094}]","g12","g15","g7",15468,"[{""src"":""g12.png"",""x"":603,""y"":0},{""src"":""g15.png"",""x"":703,""y"":0},{""src"":""g7.png"",""x"":650,""y"":103}]","g16","g3","g2",15493,"[{""src"":""g16.png"",""x"":602,""y"":1},{""src"":""g3.png"",""x"":703,""y"":4},{""src"":""g2.png"",""x"":652,""y"":104}]","g7","g1","none",15991,"[{""src"":""g7.png"",""x"":608,""y"":0},{""src"":""g1.png"",""x"":703,""y"":8.999984741210938}]","g7","g13","g11",18249,"[{""src"":""g7.png"",""x"":605,""y"":2.9999847412109375},{""src"":""g13.png"",""x"":702,""y"":0},{""src"":""g11.png"",""x"":664,""y"":95.99998474121094}]","g16","g6","g12",19727,"[{""src"":""g16.png"",""x"":600,""y"":0},{""src"":""g6.png"",""x"":699,""y"":2},{""src"":""g12.png"",""x"":600,""y"":112},{""src"":""g12.png"",""x"":607,""y"":93}]","g12","g14","g5",21772,"[{""src"":""g12.png"",""x"":633,""y"":30},{""src"":""g12.png"",""x"":601,""y"":1},{""src"":""g14.png"",""x"":697,""y"":0},{""src"":""g5.png"",""x"":643,""y"":100}]","{""Q0"":""No."",""Q1"":""No."",""Q2"":""No."",""Q3"":""Yes.""}"
"4",4,"A28RX7L0QZ993M","chrome","2015-03-24 21:57:50.160849","g4",NA,"[{""src"":""g16.png"",""x"":624,""y"":84},{""src"":""g16.png"",""x"":96,""y"":102},{""src"":""g16.png"",""x"":383,""y"":84},{""src"":""g16.png"",""x"":653,""y"":68}]","g13",16976,"[{""src"":""g13.png"",""x"":657,""y"":60}]",NA,NA,"g16",NA,"[{""src"":""g12.png"",""x"":621,""y"":21},{""src"":""g13.png"",""x"":695,""y"":68}]","g4","g11","g5",64177,"[{""src"":""g4.png"",""x"":617,""y"":11},{""src"":""g5.png"",""x"":684,""y"":18},{""src"":""g11.png"",""x"":664,""y"":82}]","g16","g8","g4",24822,"[{""src"":""g4.png"",""x"":625,""y"":11},{""src"":""g16.png"",""x"":623,""y"":92},{""src"":""g11.png"",""x"":701,""y"":99}]","g16","g2","g12",52796,"[{""src"":""g12.png"",""x"":603,""y"":10},{""src"":""g16.png"",""x"":631,""y"":81},{""src"":""g2.png"",""x"":683,""y"":89}]","g12","g14","g10",34475,"[{""src"":""g13.png"",""x"":618,""y"":14},{""src"":""g14.png"",""x"":606,""y"":83},{""src"":""g10.png"",""x"":701,""y"":78}]","g12","g7","g16",32752,"[{""src"":""g12.png"",""x"":624,""y"":6},{""src"":""g16.png"",""x"":626,""y"":84},{""src"":""g7.png"",""x"":699,""y"":80}]","g16","g3","none",28680,"[{""src"":""g16.png"",""x"":606,""y"":33},{""src"":""g3.png"",""x"":666,""y"":55}]","g5","g7","g13",27909,"[{""src"":""g5.png"",""x"":612,""y"":19},{""src"":""g7.png"",""x"":612,""y"":88},{""src"":""g13.png"",""x"":681,""y"":99}]","g16","g1","g13",37129,"[{""src"":""g16.png"",""x"":617,""y"":20},{""src"":""g1.png"",""x"":619,""y"":87},{""src"":""g13.png"",""x"":703,""y"":70}]","g12","g15","none",37989,"[{""src"":""g12.png"",""x"":610,""y"":27},{""src"":""g15.png"",""x"":683,""y"":78}]","g10","g15","none",16383,"[{""src"":""g10.png"",""x"":630,""y"":28},{""src"":""g15.png"",""x"":645,""y"":89}]","g4","g8","g6",20150,"[{""src"":""g4.png"",""x"":613,""y"":11},{""src"":""g11.png"",""x"":687,""y"":11},{""src"":""g6.png"",""x"":683,""y"":93}]","g5","g9","g10",20377,"[{""src"":""g5.png"",""x"":608,""y"":5},{""src"":""g9.png"",""x"":620,""y"":65},{""src"":""g10.png"",""x"":679,""y"":84}]","g16","g11","g6",20821,"[{""src"":""g16.png"",""x"":603,""y"":8},{""src"":""g7.png"",""x"":417,""y"":391},{""src"":""g11.png"",""x"":692,""y"":16},{""src"":""g6.png"",""x"":612,""y"":94}]","g5","g1","g12",33700,"[{""src"":""g5.png"",""x"":603,""y"":17},{""src"":""g1.png"",""x"":691,""y"":15},{""src"":""g12.png"",""x"":594,""y"":91},{""src"":""g15.png"",""x"":694,""y"":92},{""src"":""g12.png"",""x"":605,""y"":91}]","g16","g9","g4",17735,"[{""src"":""g16.png"",""x"":607,""y"":17},{""src"":""g9.png"",""x"":696,""y"":30},{""src"":""g4.png"",""x"":643,""y"":87}]","g4","g2","g10",31248,"[{""src"":""g4.png"",""x"":597,""y"":18},{""src"":""g2.png"",""x"":690,""y"":15},{""src"":""g10.png"",""x"":659,""y"":85}]","g13","g15","none",19099,"[{""src"":""g13.png"",""x"":622,""y"":36},{""src"":""g15.png"",""x"":678,""y"":100}]","{""Q0"":""I tried to associate common everyday items for what the symbols looked like then memorized each these associations with the corresponding word."",""Q1"":""No"",""Q2"":""No"",""Q3"":""Yes, although I memorized common items that I thought they resembled (e.g. tumbling looked a bit like a drinking glass, fireman looked like a head in profile with a big forehead, etc.)""}"
"5",5,"ACULZNRBMTF25","chrome","2015-03-24 21:58:26.377750","g15",NA,"[{""src"":""g15.png"",""x"":348,""y"":64}]","g3",6693,"[{""src"":""g3.png"",""x"":382,""y"":45}]",NA,NA,"g13",NA,"[{""src"":""g3.png"",""x"":408,""y"":0},{""src"":""g2.png"",""x"":407,""y"":97},{""src"":""g13.png"",""x"":409,""y"":195}]","g13","g9","g8",29142,"[{""src"":""g13.png"",""x"":388,""y"":0},{""src"":""g9.png"",""x"":390,""y"":98},{""src"":""g10.png"",""x"":394,""y"":200},{""src"":""g8.png"",""x"":492,""y"":0}]","g16","g7","g3",35300,"[{""src"":""g3.png"",""x"":393,""y"":0},{""src"":""g7.png"",""x"":395,""y"":103},{""src"":""g3.png"",""x"":395,""y"":207},{""src"":""g16.png"",""x"":394,""y"":0}]","g16","g6","g3",49367,"[{""src"":""g16.png"",""x"":392,""y"":0},{""src"":""g6.png"",""x"":390,""y"":101},{""src"":""g3.png"",""x"":393,""y"":199}]","g13","g6","g5",33846,"[{""src"":""g13.png"",""x"":390,""y"":0},{""src"":""g6.png"",""x"":392,""y"":100},{""src"":""g5.png"",""x"":393,""y"":202}]","g5","g10","none",16878,"[{""src"":""g5.png"",""x"":399,""y"":0},{""src"":""g10.png"",""x"":399,""y"":94}]","g8","g14","g5",24835,"[{""src"":""g8.png"",""x"":397,""y"":0},{""src"":""g10.png"",""x"":402,""y"":99},{""src"":""g5.png"",""x"":398,""y"":200}]","g16","g9","g15",20644,"[{""src"":""g16.png"",""x"":392,""y"":0},{""src"":""g10.png"",""x"":389,""y"":104},{""src"":""g15.png"",""x"":397,""y"":203}]","g8","g10","none",27430,"[{""src"":""g8.png"",""x"":394,""y"":0},{""src"":""g10.png"",""x"":396,""y"":109}]","g8","g12","g16",21454,"[{""src"":""g8.png"",""x"":404,""y"":0},{""src"":""g12.png"",""x"":402,""y"":106},{""src"":""g16.png"",""x"":400,""y"":209}]","g13","g12","g15",35898,"[{""src"":""g13.png"",""x"":399,""y"":0},{""src"":""g12.png"",""x"":403,""y"":99},{""src"":""g15.png"",""x"":404,""y"":200}]","g16","g4","none",36488,"[{""src"":""g16.png"",""x"":393,""y"":0},{""src"":""g4.png"",""x"":398,""y"":106}]","g3","g7","g1",23710,"[{""src"":""g3.png"",""x"":390,""y"":0},{""src"":""g7.png"",""x"":392,""y"":101},{""src"":""g1.png"",""x"":396,""y"":201}]","g16","g2","g1",37486,"[{""src"":""g16.png"",""x"":392,""y"":0},{""src"":""g2.png"",""x"":387,""y"":101},{""src"":""g1.png"",""x"":391,""y"":204}]","g16","g11","g8",25994,"[{""src"":""g16.png"",""x"":400,""y"":0},{""src"":""g11.png"",""x"":401,""y"":104},{""src"":""g8.png"",""x"":399,""y"":213}]","g3","g11","g5",37957,"[{""src"":""g3.png"",""x"":393,""y"":0},{""src"":""g11.png"",""x"":390,""y"":101},{""src"":""g5.png"",""x"":393,""y"":205}]","g13","g14","g16",17853,"[{""src"":""g13.png"",""x"":398,""y"":0},{""src"":""g14.png"",""x"":394,""y"":104},{""src"":""g16.png"",""x"":391,""y"":209}]","g15","g10","none",16116,"[{""src"":""g15.png"",""x"":395,""y"":0},{""src"":""g10.png"",""x"":392,""y"":98}]","{""Q0"":"""",""Q1"":""No"",""Q2"":""Yes"",""Q3"":""Yes""}"
"6",NA,NA,NA,NA,"g7",NA,"[{""src"":""g7.png"",""x"":609,""y"":81},{""src"":""g7.png"",""x"":137,""y"":130},{""src"":""g7.png"",""x"":337,""y"":63}]","g14",10477,"[{""src"":""g14.png"",""x"":345,""y"":85}]",NA,NA,"g16",NA,"[{""src"":""g7.png"",""x"":421,""y"":0},{""src"":""g6.png"",""x"":415,""y"":104},{""src"":""g16.png"",""x"":416,""y"":213}]","g5","g10","g7",22290,"[{""src"":""g5.png"",""x"":416,""y"":0},{""src"":""g10.png"",""x"":418,""y"":116},{""src"":""g7.png"",""x"":418,""y"":212}]","g14","g3","none",24316,"[{""src"":""g14.png"",""x"":409,""y"":0},{""src"":""g3.png"",""x"":398,""y"":114}]","g7","g10","g13",25268,"[{""src"":""g7.png"",""x"":420,""y"":0},{""src"":""g10.png"",""x"":410,""y"":108},{""src"":""g13.png"",""x"":406,""y"":215}]","g7","g9","g12",15334,"[{""src"":""g7.png"",""x"":418,""y"":0},{""src"":""g9.png"",""x"":414,""y"":100},{""src"":""g12.png"",""x"":418,""y"":212}]","g12","g4","g16",23620,"[{""src"":""g12.png"",""x"":438,""y"":0},{""src"":""g4.png"",""x"":438,""y"":105},{""src"":""g16.png"",""x"":433,""y"":212}]","g5","g9","g13",38127,"[{""src"":""g4.png"",""x"":491,""y"":501},{""src"":""g5.png"",""x"":415,""y"":0},{""src"":""g9.png"",""x"":423,""y"":104},{""src"":""g13.png"",""x"":417,""y"":211}]","g1","g11","g5",21655,"[{""src"":""g1.png"",""x"":410,""y"":0},{""src"":""g11.png"",""x"":410,""y"":104},{""src"":""g5.png"",""x"":412,""y"":211}]","g5","g6","g1",24076,"[{""src"":""g5.png"",""x"":425,""y"":0},{""src"":""g6.png"",""x"":423,""y"":103},{""src"":""g1.png"",""x"":419,""y"":203}]","g1","g8","g16",36397,"[{""src"":""g1.png"",""x"":419,""y"":0},{""src"":""g8.png"",""x"":420,""y"":103},{""src"":""g16.png"",""x"":415,""y"":212}]","g5","g4","g7",27483,"[{""src"":""g5.png"",""x"":403,""y"":0},{""src"":""g4.png"",""x"":401,""y"":102},{""src"":""g7.png"",""x"":400,""y"":200}]","g5","g15","none",18335,"[{""src"":""g5.png"",""x"":399,""y"":0},{""src"":""g15.png"",""x"":408,""y"":119}]","g1","g3","none",17724,"[{""src"":""g1.png"",""x"":410,""y"":0},{""src"":""g3.png"",""x"":404,""y"":129}]","g12","g8","g5",12245,"[{""src"":""g12.png"",""x"":406,""y"":0},{""src"":""g8.png"",""x"":405,""y"":109},{""src"":""g5.png"",""x"":414,""y"":206}]","g12","g2","g1",21680,"[{""src"":""g12.png"",""x"":411,""y"":0},{""src"":""g2.png"",""x"":409,""y"":100},{""src"":""g1.png"",""x"":403,""y"":209}]","g16","g3","none",21915,"[{""src"":""g16.png"",""x"":410,""y"":0},{""src"":""g3.png"",""x"":404,""y"":122}]","g12","g11","g14",17841,"[{""src"":""g12.png"",""x"":417,""y"":0},{""src"":""g11.png"",""x"":415,""y"":105},{""src"":""g14.png"",""x"":416,""y"":211}]","g5","g2","g14",13550,"[{""src"":""g5.png"",""x"":415,""y"":0},{""src"":""g2.png"",""x"":414,""y"":110},{""src"":""g14.png"",""x"":419,""y"":217}]","{""Q0"":""no"",""Q1"":""no"",""Q2"":""no"",""Q3"":""yex""}"
"7",7,"A3W6T1WDYXMR3","chrome","2015-03-24 22:11:26.619528","g2",16151,"[{""src"":""g2.png"",""x"":621,""y"":51.99999999999997},{""src"":""g2.png"",""x"":77,""y"":55},{""src"":""g2.png"",""x"":340,""y"":54},{""src"":""g2.png"",""x"":382,""y"":69}]","g4",9496,"[{""src"":""g4.png"",""x"":362,""y"":41.00000000000003}]",NA,NA,"g11",NA,"[{""src"":""g2.png"",""x"":430,""y"":36.99999999999997},{""src"":""g5.png"",""x"":527,""y"":37.00000000000003},{""src"":""g11.png"",""x"":641,""y"":52.00000000000003}]","g9","g15","g4",16689,"[{""src"":""g9.png"",""x"":418,""y"":24.00000000000003},{""src"":""g15.png"",""x"":529,""y"":18.00000000000003},{""src"":""g4.png"",""x"":655,""y"":0}]","g2","g6","g8",20056,"[{""src"":""g2.png"",""x"":397,""y"":35.00001525878906},{""src"":""g6.png"",""x"":511,""y"":18.000015258789062},{""src"":""g8.png"",""x"":614,""y"":14.000015258789062}]","g8","g1","g9",19789,"[{""src"":""g8.png"",""x"":389,""y"":24.000015258789062},{""src"":""g1.png"",""x"":498,""y"":16.000015258789062},{""src"":""g9.png"",""x"":616,""y"":13.000015258789062}]","g8","g14","g11",28708,"[{""src"":""g8.png"",""x"":400,""y"":60.00001525878906},{""src"":""g10.png"",""x"":519,""y"":56.00001525878906},{""src"":""g10.png"",""x"":199,""y"":405},{""src"":""g10.png"",""x"":0,""y"":402.00001525878906},{""src"":""g14.png"",""x"":499,""y"":59.00001525878906},{""src"":""g11.png"",""x"":601,""y"":59.00001525878906}]","g11","g7","none",20174,"[{""src"":""g11.png"",""x"":402,""y"":17.99999999999997},{""src"":""g7.png"",""x"":509,""y"":18.00000000000003}]","g8","g15","g12",16406,"[{""src"":""g8.png"",""x"":401,""y"":58.99999999999997},{""src"":""g15.png"",""x"":508,""y"":54.00000000000003},{""src"":""g12.png"",""x"":620,""y"":49.00000000000003}]","g8","g13","g4",22003,"[{""src"":""g8.png"",""x"":390,""y"":49.99999999999997},{""src"":""g13.png"",""x"":495,""y"":48.00000000000003},{""src"":""g4.png"",""x"":606,""y"":44.99999999999997}]","g9","g6","g3",17455,"[{""src"":""g9.png"",""x"":416,""y"":23.000015258789062},{""src"":""g6.png"",""x"":536,""y"":11.999999999999972},{""src"":""g3.png"",""x"":643,""y"":6.999999999999972}]","g2","g16","g3",15023,"[{""src"":""g2.png"",""x"":408,""y"":36.00001525878906},{""src"":""g16.png"",""x"":518,""y"":29.000015258789062},{""src"":""g3.png"",""x"":627,""y"":30.000015258789062}]","g9","g5","g12",14890,"[{""src"":""g9.png"",""x"":414,""y"":41.00001525878906},{""src"":""g5.png"",""x"":528,""y"":28.000015258789062},{""src"":""g12.png"",""x"":646,""y"":35.00001525878906}]","g12","g1","g11",15055,"[{""src"":""g12.png"",""x"":402,""y"":34.00001525878906},{""src"":""g1.png"",""x"":512,""y"":37.00001525878906},{""src"":""g11.png"",""x"":622,""y"":38.00001525878906}]","g12","g13","g9",12957,"[{""src"":""g12.png"",""x"":401,""y"":38.99999999999997},{""src"":""g13.png"",""x"":515,""y"":37.99999999999997},{""src"":""g9.png"",""x"":630,""y"":33.99999999999997}]","g12","g7","none",12891,"[{""src"":""g12.png"",""x"":404,""y"":40.99999999999997},{""src"":""g7.png"",""x"":512,""y"":41.00000000000003}]","g9","g14","g2",12290,"[{""src"":""g9.png"",""x"":399,""y"":22.000015258789062},{""src"":""g14.png"",""x"":503,""y"":22.000015258789062},{""src"":""g2.png"",""x"":613,""y"":22.000015258789062}]","g4","g7","none",10972,"[{""src"":""g4.png"",""x"":394,""y"":38.99999999999997},{""src"":""g7.png"",""x"":498,""y"":37.99999999999997}]","g9","g10","none",14604,"[{""src"":""g9.png"",""x"":403,""y"":47.00001525878906},{""src"":""g10.png"",""x"":510,""y"":48.00001525878906}]","g9","g16","g2",12924,"[{""src"":""g9.png"",""x"":407,""y"":46.00001525878906},{""src"":""g16.png"",""x"":505,""y"":44.00001525878906},{""src"":""g2.png"",""x"":610,""y"":45.00001525878906}]","{""Q0"":""no feedback"",""Q1"":""no"",""Q2"":""no"",""Q3"":""yes""}"
"8",8,"A26T6O5EFR54A9","chrome","2015-03-24 22:15:59.650755","g1",21029,"[{""src"":""g1.png"",""x"":373,""y"":98},{""src"":""g1.png"",""x"":376,""y"":106}]","g6",17848,"[{""src"":""g6.png"",""x"":352,""y"":70}]",NA,NA,"g10",NA,"[{""src"":""g10.png"",""x"":436,""y"":92},{""src"":""g5.png"",""x"":447,""y"":196},{""src"":""g13.png"",""x"":550,""y"":191}]","g6","g13","g12",23703,"[{""src"":""g13.png"",""x"":454,""y"":161},{""src"":""g6.png"",""x"":439,""y"":13},{""src"":""g13.png"",""x"":440,""y"":120},{""src"":""g12.png"",""x"":446,""y"":214}]","g12","g7","g2",78401,"[{""src"":""g12.png"",""x"":429,""y"":0},{""src"":""g2.png"",""x"":434,""y"":196},{""src"":""g8.png"",""x"":429,""y"":106}]","g4","g15","none",62721,"[{""src"":""g4.png"",""x"":428,""y"":16},{""src"":""g15.png"",""x"":433,""y"":124}]","g12","g3","g5",38300,"[{""src"":""g12.png"",""x"":435,""y"":0},{""src"":""g5.png"",""x"":438,""y"":101},{""src"":""g11.png"",""x"":441,""y"":200}]","g5","g14","g6",34468,"[{""src"":""g5.png"",""x"":414,""y"":0},{""src"":""g6.png"",""x"":429,""y"":199},{""src"":""g14.png"",""x"":415,""y"":97}]","g5","g9","g4",16629,"[{""src"":""g5.png"",""x"":414,""y"":34},{""src"":""g9.png"",""x"":410,""y"":150},{""src"":""g4.png"",""x"":410,""y"":236}]","g4","g3","g2",25905,"[{""src"":""g4.png"",""x"":413,""y"":0},{""src"":""g2.png"",""x"":422,""y"":201},{""src"":""g7.png"",""x"":421,""y"":91}]","g12","g8","g4",34469,"[{""src"":""g12.png"",""x"":435,""y"":26},{""src"":""g4.png"",""x"":434,""y"":208},{""src"":""g15.png"",""x"":436,""y"":113}]","g6","g9","g2",14900,"[{""src"":""g6.png"",""x"":444,""y"":18},{""src"":""g9.png"",""x"":448,""y"":119},{""src"":""g2.png"",""x"":453,""y"":230}]","g6","g14","g10",14070,"[{""src"":""g6.png"",""x"":426,""y"":0},{""src"":""g14.png"",""x"":425,""y"":113},{""src"":""g10.png"",""x"":424,""y"":217}]","g5","g7","g6",17721,"[{""src"":""g5.png"",""x"":425,""y"":23},{""src"":""g6.png"",""x"":425,""y"":208},{""src"":""g7.png"",""x"":427,""y"":121}]","g12","g16","g1",21179,"[{""src"":""g12.png"",""x"":443,""y"":20},{""src"":""g15.png"",""x"":433,""y"":126},{""src"":""g1.png"",""x"":419,""y"":239}]","g4","g16","g5",82766,"[{""src"":""g4.png"",""x"":423,""y"":17},{""src"":""g5.png"",""x"":426,""y"":227},{""src"":""g16.png"",""x"":427,""y"":111}]","g5","g11","none",17358,"[{""src"":""g5.png"",""x"":440,""y"":0},{""src"":""g11.png"",""x"":420,""y"":126}]","g2","g15","none",8044,"[{""src"":""g2.png"",""x"":422,""y"":52},{""src"":""g15.png"",""x"":424,""y"":157}]","g1","g15","none",9945,"[{""src"":""g1.png"",""x"":420,""y"":25},{""src"":""g15.png"",""x"":423,""y"":146}]","g5","g8","g1",17826,"[{""src"":""g5.png"",""x"":448,""y"":11},{""src"":""g15.png"",""x"":437,""y"":125},{""src"":""g1.png"",""x"":443,""y"":220}]","{""Q0"":""no"",""Q1"":""no"",""Q2"":""yes"",""Q3"":""yes""}"
"9",9,"A2MCG5W6LHSRG9","firefox","2015-03-24 22:16:23.143207","g1",31967,"[{""src"":""g1.png"",""x"":417,""y"":188.99998474121094},{""src"":""g1.png"",""x"":618,""y"":62.99998474121094},{""src"":""g1.png"",""x"":368,""y"":52},{""src"":""g1.png"",""x"":62,""y"":60},{""src"":""g1.png"",""x"":643,""y"":54},{""src"":""g1.png"",""x"":391,""y"":64},{""src"":""g11.png"",""x"":96,""y"":393.99998474121094},{""src"":""g11.png"",""x"":98,""y"":397.99998474121094},{""src"":""g1.png"",""x"":76,""y"":76},{""src"":""g1.png"",""x"":703,""y"":79},{""src"":""g1.png"",""x"":619,""y"":32},{""src"":""g1.png"",""x"":60,""y"":72},{""src"":""g1.png"",""x"":103,""y"":87}]","g8",6169,"[{""src"":""g8.png"",""x"":69,""y"":114.99998474121094}]",NA,NA,"g3",NA,"[{""src"":""g1.png"",""x"":257,""y"":126.99998474121094},{""src"":""g1.png"",""x"":648,""y"":78},{""src"":""g1.png"",""x"":253,""y"":135},{""src"":""g1.png"",""x"":388,""y"":85},{""src"":""g1.png"",""x"":302,""y"":92},{""src"":""g15.png"",""x"":414,""y"":89.99998474121094}]","g11","g5","none",24519,"[{""src"":""g11.png"",""x"":273,""y"":41.99998474121094},{""src"":""g14.png"",""x"":390,""y"":43.99998474121094},{""src"":""g11.png"",""x"":662,""y"":62},{""src"":""g11.png"",""x"":295,""y"":47},{""src"":""g11.png"",""x"":297,""y"":36}]","g3","g10","g8",23806,"[{""src"":""g8.png"",""x"":324,""y"":75.99998474121094},{""src"":""g10.png"",""x"":415,""y"":63.99998474121094}]","g3","g4","g11",13350,"[{""src"":""g11.png"",""x"":355,""y"":83.99998474121094},{""src"":""g4.png"",""x"":449,""y"":73.99998474121094}]","g8","g5","none",25400,"[{""src"":""g8.png"",""x"":382,""y"":105.99998474121094},{""src"":""g5.png"",""x"":467,""y"":106.99998474121094}]","g12","g9","g8",19851,"[{""src"":""g8.png"",""x"":378,""y"":81.99998474121094},{""src"":""g9.png"",""x"":465,""y"":76.99998474121094},{""src"":""g9.png"",""x"":467,""y"":83}]","g1","g7","g6",23240,"[{""src"":""g1.png"",""x"":372,""y"":96.99998474121094},{""src"":""g7.png"",""x"":466,""y"":97.99998474121094}]","g12","g14","none",36893,"[{""src"":""g12.png"",""x"":376,""y"":95.99998474121094},{""src"":""g5.png"",""x"":479,""y"":92.99998474121094}]","g12","g7","g1",41291,"[{""src"":""g12.png"",""x"":340,""y"":100.99998474121094},{""src"":""g12.png"",""x"":21,""y"":194},{""src"":""g12.png"",""x"":33,""y"":190.99998474121094},{""src"":""g7.png"",""x"":139,""y"":186.99998474121094},{""src"":""g1.png"",""x"":248,""y"":191.99998474121094}]","g1","g2","g11",51973,"[{""src"":""g1.png"",""x"":203,""y"":199.99998474121094},{""src"":""g2.png"",""x"":296,""y"":201.99998474121094},{""src"":""g11.png"",""x"":398,""y"":205.99998474121094}]","g12","g2","g16",23907,"[{""src"":""g12.png"",""x"":160,""y"":235.99998474121094},{""src"":""g2.png"",""x"":258,""y"":234.99998474121094},{""src"":""g12.png"",""x"":50,""y"":216.99998474121094},{""src"":""g2.png"",""x"":152,""y"":216.99998474121094},{""src"":""g16.png"",""x"":255,""y"":215.99998474121094}]","g12","g4","g1",44786,"[{""src"":""g12.png"",""x"":63,""y"":218.99998474121094},{""src"":""g4.png"",""x"":171,""y"":224.99998474121094},{""src"":""g1.png"",""x"":268,""y"":220.99998474121094}]","g16","g10","g12",26375,"[{""src"":""g16.png"",""x"":72,""y"":224.99998474121094},{""src"":""g10.png"",""x"":177,""y"":222.99998474121094},{""src"":""g12.png"",""x"":277,""y"":225.99998474121094}]","g12","g15","g6",38999,"[{""src"":""g12.png"",""x"":131,""y"":229.99998474121094},{""src"":""g15.png"",""x"":243,""y"":223.99998474121094},{""src"":""g5.png"",""x"":354,""y"":228.99998474121094},{""src"":""g5.png"",""x"":602,""y"":399.99998474121094},{""src"":""g6.png"",""x"":346,""y"":223.99998474121094}]","g3","g9","g16",74875,"[{""src"":""g3.png"",""x"":74,""y"":223.99998474121094},{""src"":""g15.png"",""x"":200,""y"":226.99998474121094},{""src"":""g15.png"",""x"":511,""y"":395.99998474121094},{""src"":""g9.png"",""x"":189,""y"":229.99998474121094},{""src"":""g16.png"",""x"":299,""y"":231.99998474121094}]","g16","g5","none",20019,"[{""src"":""g16.png"",""x"":152,""y"":231.99998474121094},{""src"":""g5.png"",""x"":260,""y"":240.99998474121094}]","g3","g13","g12",16186,"[{""src"":""g13.png"",""x"":173,""y"":240.99998474121094},{""src"":""g3.png"",""x"":76,""y"":240.99998474121094},{""src"":""g12.png"",""x"":274,""y"":234.99998474121094}]","g16","g13","g11",15682,"[{""src"":""g16.png"",""x"":86,""y"":215.99998474121094},{""src"":""g13.png"",""x"":199,""y"":226.99998474121094},{""src"":""g11.png"",""x"":317,""y"":228.99998474121094}]","{""Q0"":""I wasn't sure where to  put the symbols for the videos. It took me a few videos before I realized the fireman was a fireman and not a boy. "",""Q1"":""no"",""Q2"":""no"",""Q3"":""yes""}"
"10",10,"A12EU7P50BDSWH","firefox","2015-03-24 22:44:03.550174","g4",10079,"[{""src"":""g4.png"",""x"":246,""y"":125.99998474121094},{""src"":""g4.png"",""x"":352,""y"":28},{""src"":""g4.png"",""x"":346,""y"":34}]","g15",6445,"[{""src"":""g15.png"",""x"":306,""y"":87.99998474121094}]",NA,NA,"g5",NA,"[{""src"":""g12.png"",""x"":370,""y"":63.99998474121094},{""src"":""g5.png"",""x"":468,""y"":63.99998474121094},{""src"":""g3.png"",""x"":404,""y"":175.99998474121094}]","g1","g9","g5",16148,"[{""src"":""g12.png"",""x"":328,""y"":151.99998474121094},{""src"":""g9.png"",""x"":424,""y"":147.99998474121094},{""src"":""g5.png"",""x"":518,""y"":151.99998474121094}]","g5","g16","g12",25434,"[{""src"":""g5.png"",""x"":80,""y"":85.99998474121094},{""src"":""g16.png"",""x"":180,""y"":85.99998474121094},{""src"":""g12.png"",""x"":284,""y"":79.99998474121094}]","g1","g13","g8",26571,"[{""src"":""g12.png"",""x"":202,""y"":167.99998474121094},{""src"":""g8.png"",""x"":516,""y"":123.99998474121094},{""src"":""g13.png"",""x"":374,""y"":141.99998474121094},{""src"":""g8.png"",""x"":498,""y"":172}]","g5","g11","g7",24456,"[{""src"":""g5.png"",""x"":286,""y"":253.99998474121094},{""src"":""g7.png"",""x"":374,""y"":249.99998474121094}]","g15","g2","g7",12212,"[{""src"":""g15.png"",""x"":386,""y"":215.99998474121094},{""src"":""g2.png"",""x"":474,""y"":207.99998474121094},{""src"":""g7.png"",""x"":558,""y"":209.99998474121094}]","g1","g10","g4",23552,"[{""src"":""g12.png"",""x"":120,""y"":259.99998474121094},{""src"":""g4.png"",""x"":226,""y"":263.99998474121094},{""src"":""g10.png"",""x"":338,""y"":247.99998474121094}]","g5","g13","g15",17820,"[{""src"":""g5.png"",""x"":306,""y"":107.99998474121094},{""src"":""g6.png"",""x"":404,""y"":111.99998474121094},{""src"":""g15.png"",""x"":510,""y"":107.99998474121094}]","g5","g14","none",18037,"[{""src"":""g5.png"",""x"":312,""y"":285.99998474121094},{""src"":""g13.png"",""x"":400,""y"":399.99998474121094},{""src"":""g6.png"",""x"":482,""y"":111.99998474121094},{""src"":""g5.png"",""x"":376,""y"":91.99998474121094}]","g15","g11","g1",18042,"[{""src"":""g12.png"",""x"":488,""y"":153.99998474121094},{""src"":""g7.png"",""x"":372,""y"":147.99998474121094},{""src"":""g15.png"",""x"":254,""y"":137.99998474121094}]","g12","g9","g8",15310,"[{""src"":""g12.png"",""x"":284,""y"":201.99998474121094},{""src"":""g9.png"",""x"":410,""y"":205.99998474121094},{""src"":""g8.png"",""x"":526,""y"":221.99998474121094}]","g12","g6","none",19169,"[{""src"":""g12.png"",""x"":278,""y"":115.99998474121094},{""src"":""g4.png"",""x"":398,""y"":107.99998474121094},{""src"":""g4.png"",""x"":184,""y"":404},{""src"":""g3.png"",""x"":436,""y"":107.99998474121094}]","g4","g6","none",13962,"[{""src"":""g4.png"",""x"":226,""y"":193.99998474121094},{""src"":""g3.png"",""x"":342,""y"":185.99998474121094}]","g15","g16","g8",22721,"[{""src"":""g15.png"",""x"":290,""y"":213.99998474121094},{""src"":""g14.png"",""x"":396,""y"":209.99998474121094},{""src"":""g8.png"",""x"":506,""y"":219.99998474121094}]","g5","g2","g15",14469,"[{""src"":""g15.png"",""x"":486,""y"":207.99998474121094},{""src"":""g5.png"",""x"":342,""y"":157.99998474121094},{""src"":""g2.png"",""x"":424,""y"":187.99998474121094}]","g5","g3","g4",11959,"[{""src"":""g5.png"",""x"":316,""y"":197.99998474121094},{""src"":""g3.png"",""x"":414,""y"":191.99998474121094},{""src"":""g4.png"",""x"":520,""y"":197.99998474121094}]","g1","g3","g12",12956,"[{""src"":""g1.png"",""x"":234,""y"":175.99998474121094},{""src"":""g3.png"",""x"":344,""y"":165.99998474121094},{""src"":""g12.png"",""x"":460,""y"":169.99998474121094}]","g8","g6","none",10751,"[{""src"":""g8.png"",""x"":310,""y"":215.99998474121094},{""src"":""g3.png"",""x"":414,""y"":209.99998474121094}]","{""Q0"":""I forgot the symbol for roll, and only remembered fireman halfway through the videos."",""Q1"":""No"",""Q2"":""No"",""Q3"":""As best as i could.""}"
"11",NA,NA,NA,NA,"g7",NA,"[{""src"":""g7.png"",""x"":609,""y"":81},{""src"":""g7.png"",""x"":137,""y"":130},{""src"":""g7.png"",""x"":337,""y"":63}]","g14",10477,"[{""src"":""g14.png"",""x"":345,""y"":85}]",NA,NA,"g16",NA,"[{""src"":""g7.png"",""x"":421,""y"":0},{""src"":""g6.png"",""x"":415,""y"":104},{""src"":""g16.png"",""x"":416,""y"":213}]","g5","g10","g7",22290,"[{""src"":""g5.png"",""x"":416,""y"":0},{""src"":""g10.png"",""x"":418,""y"":116},{""src"":""g7.png"",""x"":418,""y"":212}]","g14","g3","none",24316,"[{""src"":""g14.png"",""x"":409,""y"":0},{""src"":""g3.png"",""x"":398,""y"":114}]","g7","g10","g13",25268,"[{""src"":""g7.png"",""x"":420,""y"":0},{""src"":""g10.png"",""x"":410,""y"":108},{""src"":""g13.png"",""x"":406,""y"":215}]","g7","g9","g12",15334,"[{""src"":""g7.png"",""x"":418,""y"":0},{""src"":""g9.png"",""x"":414,""y"":100},{""src"":""g12.png"",""x"":418,""y"":212}]","g12","g4","g16",23620,"[{""src"":""g12.png"",""x"":438,""y"":0},{""src"":""g4.png"",""x"":438,""y"":105},{""src"":""g16.png"",""x"":433,""y"":212}]","g5","g9","g13",38127,"[{""src"":""g4.png"",""x"":491,""y"":501},{""src"":""g5.png"",""x"":415,""y"":0},{""src"":""g9.png"",""x"":423,""y"":104},{""src"":""g13.png"",""x"":417,""y"":211}]","g1","g11","g5",21655,"[{""src"":""g1.png"",""x"":410,""y"":0},{""src"":""g11.png"",""x"":410,""y"":104},{""src"":""g5.png"",""x"":412,""y"":211}]","g5","g6","g1",24076,"[{""src"":""g5.png"",""x"":425,""y"":0},{""src"":""g6.png"",""x"":423,""y"":103},{""src"":""g1.png"",""x"":419,""y"":203}]","g1","g8","g16",36397,"[{""src"":""g1.png"",""x"":419,""y"":0},{""src"":""g8.png"",""x"":420,""y"":103},{""src"":""g16.png"",""x"":415,""y"":212}]","g5","g4","g7",27483,"[{""src"":""g5.png"",""x"":403,""y"":0},{""src"":""g4.png"",""x"":401,""y"":102},{""src"":""g7.png"",""x"":400,""y"":200}]","g5","g15","none",18335,"[{""src"":""g5.png"",""x"":399,""y"":0},{""src"":""g15.png"",""x"":408,""y"":119}]","g1","g3","none",17724,"[{""src"":""g1.png"",""x"":410,""y"":0},{""src"":""g3.png"",""x"":404,""y"":129}]","g12","g8","g5",12245,"[{""src"":""g12.png"",""x"":406,""y"":0},{""src"":""g8.png"",""x"":405,""y"":109},{""src"":""g5.png"",""x"":414,""y"":206}]","g12","g2","g1",21680,"[{""src"":""g12.png"",""x"":411,""y"":0},{""src"":""g2.png"",""x"":409,""y"":100},{""src"":""g1.png"",""x"":403,""y"":209}]","g16","g3","none",21915,"[{""src"":""g16.png"",""x"":410,""y"":0},{""src"":""g3.png"",""x"":404,""y"":122}]","g12","g11","g14",17841,"[{""src"":""g12.png"",""x"":417,""y"":0},{""src"":""g11.png"",""x"":415,""y"":105},{""src"":""g14.png"",""x"":416,""y"":211}]","g5","g2","g14",13550,"[{""src"":""g5.png"",""x"":415,""y"":0},{""src"":""g2.png"",""x"":414,""y"":110},{""src"":""g14.png"",""x"":419,""y"":217}]","{""Q0"":""It wasn't clear for the second session where to put the symbols. So I just put them right under the movie like a caption."",""Q1"":""No"",""Q2"":""No"",""Q3"":""Yes""}"
"12",NA,NA,NA,NA,"g7",NA,"[{""src"":""g7.png"",""x"":609,""y"":81},{""src"":""g7.png"",""x"":137,""y"":130},{""src"":""g7.png"",""x"":337,""y"":63}]","g14",10477,"[{""src"":""g14.png"",""x"":345,""y"":85}]",NA,NA,"g16",NA,"[{""src"":""g7.png"",""x"":421,""y"":0},{""src"":""g6.png"",""x"":415,""y"":104},{""src"":""g16.png"",""x"":416,""y"":213}]","g5","g10","g7",22290,"[{""src"":""g5.png"",""x"":416,""y"":0},{""src"":""g10.png"",""x"":418,""y"":116},{""src"":""g7.png"",""x"":418,""y"":212}]","g14","g3","none",24316,"[{""src"":""g14.png"",""x"":409,""y"":0},{""src"":""g3.png"",""x"":398,""y"":114}]","g7","g10","g13",25268,"[{""src"":""g7.png"",""x"":420,""y"":0},{""src"":""g10.png"",""x"":410,""y"":108},{""src"":""g13.png"",""x"":406,""y"":215}]","g7","g9","g12",15334,"[{""src"":""g7.png"",""x"":418,""y"":0},{""src"":""g9.png"",""x"":414,""y"":100},{""src"":""g12.png"",""x"":418,""y"":212}]","g12","g4","g16",23620,"[{""src"":""g12.png"",""x"":438,""y"":0},{""src"":""g4.png"",""x"":438,""y"":105},{""src"":""g16.png"",""x"":433,""y"":212}]","g5","g9","g13",38127,"[{""src"":""g4.png"",""x"":491,""y"":501},{""src"":""g5.png"",""x"":415,""y"":0},{""src"":""g9.png"",""x"":423,""y"":104},{""src"":""g13.png"",""x"":417,""y"":211}]","g1","g11","g5",21655,"[{""src"":""g1.png"",""x"":410,""y"":0},{""src"":""g11.png"",""x"":410,""y"":104},{""src"":""g5.png"",""x"":412,""y"":211}]","g5","g6","g1",24076,"[{""src"":""g5.png"",""x"":425,""y"":0},{""src"":""g6.png"",""x"":423,""y"":103},{""src"":""g1.png"",""x"":419,""y"":203}]","g1","g8","g16",36397,"[{""src"":""g1.png"",""x"":419,""y"":0},{""src"":""g8.png"",""x"":420,""y"":103},{""src"":""g16.png"",""x"":415,""y"":212}]","g5","g4","g7",27483,"[{""src"":""g5.png"",""x"":403,""y"":0},{""src"":""g4.png"",""x"":401,""y"":102},{""src"":""g7.png"",""x"":400,""y"":200}]","g5","g15","none",18335,"[{""src"":""g5.png"",""x"":399,""y"":0},{""src"":""g15.png"",""x"":408,""y"":119}]","g1","g3","none",17724,"[{""src"":""g1.png"",""x"":410,""y"":0},{""src"":""g3.png"",""x"":404,""y"":129}]","g12","g8","g5",12245,"[{""src"":""g12.png"",""x"":406,""y"":0},{""src"":""g8.png"",""x"":405,""y"":109},{""src"":""g5.png"",""x"":414,""y"":206}]","g12","g2","g1",21680,"[{""src"":""g12.png"",""x"":411,""y"":0},{""src"":""g2.png"",""x"":409,""y"":100},{""src"":""g1.png"",""x"":403,""y"":209}]","g16","g3","none",21915,"[{""src"":""g16.png"",""x"":410,""y"":0},{""src"":""g3.png"",""x"":404,""y"":122}]","g12","g11","g14",17841,"[{""src"":""g12.png"",""x"":417,""y"":0},{""src"":""g11.png"",""x"":415,""y"":105},{""src"":""g14.png"",""x"":416,""y"":211}]","g5","g2","g14",13550,"[{""src"":""g5.png"",""x"":415,""y"":0},{""src"":""g2.png"",""x"":414,""y"":110},{""src"":""g14.png"",""x"":419,""y"":217}]","none"
"13",13,"A36SM7QM8OK3H6","firefox","2015-03-24 23:02:26.935876","g5",15658,"[{""src"":""g5.png"",""x"":107,""y"":29.999984741210938}]","g2",4483,"[{""src"":""g2.png"",""x"":297,""y"":44.99998474121094}]","g7","g6","g2",NA,"[{""src"":""g7.png"",""x"":442,""y"":4.9999847412109375},{""src"":""g6.png"",""x"":442,""y"":104.99998474121094},{""src"":""g2.png"",""x"":442,""y"":203.99998474121094}]","g7","g16","g8",19957,"[{""src"":""g7.png"",""x"":444,""y"":6.9999847412109375},{""src"":""g16.png"",""x"":441,""y"":112.99998474121094},{""src"":""g8.png"",""x"":440,""y"":213.99998474121094}]","g11","g12","g5",28495,"[{""src"":""g11.png"",""x"":438,""y"":7.9999847412109375},{""src"":""g12.png"",""x"":436,""y"":116.99998474121094},{""src"":""g5.png"",""x"":431,""y"":220.99998474121094}]","g2","g10","none",20236,"[{""src"":""g2.png"",""x"":446,""y"":0},{""src"":""g10.png"",""x"":449,""y"":99.99998474121094}]","g5","g4","g7",21068,"[{""src"":""g4.png"",""x"":433,""y"":0},{""src"":""g4.png"",""x"":435,""y"":10},{""src"":""g5.png"",""x"":438,""y"":110.99998474121094},{""src"":""g7.png"",""x"":437,""y"":213.99998474121094}]","g11","g16","g2",38438,"[{""src"":""g11.png"",""x"":448,""y"":0},{""src"":""g16.png"",""x"":446,""y"":103.99998474121094},{""src"":""g2.png"",""x"":445,""y"":207.99998474121094},{""src"":""g10.png"",""x"":547,""y"":205.99998474121094}]","g8","g6","g11",32262,"[{""src"":""g8.png"",""x"":452,""y"":0},{""src"":""g6.png"",""x"":447,""y"":99.99998474121094},{""src"":""g5.png"",""x"":453,""y"":197.99998474121094}]","g11","g4","g15",32221,"[{""src"":""g11.png"",""x"":443,""y"":0},{""src"":""g6.png"",""x"":440,""y"":102.99998474121094},{""src"":""g15.png"",""x"":446,""y"":208.99998474121094}]","g8","g3","g14",34714,"[{""src"":""g8.png"",""x"":427,""y"":0},{""src"":""g3.png"",""x"":419,""y"":94.99998474121094},{""src"":""g14.png"",""x"":418,""y"":183.99998474121094},{""src"":""g10.png"",""x"":518,""y"":210.99998474121094}]","g5","g12","g15",34087,"[{""src"":""g5.png"",""x"":452,""y"":0},{""src"":""g12.png"",""x"":450,""y"":105.99998474121094},{""src"":""g15.png"",""x"":452,""y"":207.99998474121094}]","g11","g13","none",17270,"[{""src"":""g11.png"",""x"":446,""y"":8.999984741210938},{""src"":""g10.png"",""x"":446,""y"":110.99998474121094}]","g5","g1","g14",18382,"[{""src"":""g5.png"",""x"":439,""y"":0},{""src"":""g1.png"",""x"":441,""y"":102.99998474121094},{""src"":""g14.png"",""x"":434,""y"":214.99998474121094}]","g14","g10","none",11276,"[{""src"":""g14.png"",""x"":439,""y"":0.9999847412109375},{""src"":""g10.png"",""x"":450,""y"":101.99998474121094}]","g11","g9","g5",14154,"[{""src"":""g11.png"",""x"":436,""y"":0},{""src"":""g9.png"",""x"":447,""y"":97.99998474121094},{""src"":""g6.png"",""x"":443,""y"":205.99998474121094}]","g11","g1","g8",14999,"[{""src"":""g11.png"",""x"":448,""y"":0},{""src"":""g1.png"",""x"":450,""y"":98.99998474121094},{""src"":""g8.png"",""x"":441,""y"":198.99998474121094}]","g7","g9","g14",12878,"[{""src"":""g7.png"",""x"":451,""y"":0},{""src"":""g9.png"",""x"":446,""y"":102.99998474121094},{""src"":""g14.png"",""x"":467,""y"":202.99998474121094}]","g8","g10","none",10771,"[{""src"":""g8.png"",""x"":428,""y"":0},{""src"":""g10.png"",""x"":423,""y"":97.99998474121094}]","g7","g3","g11",11086,"[{""src"":""g7.png"",""x"":460,""y"":0},{""src"":""g3.png"",""x"":465,""y"":97.99998474121094},{""src"":""g11.png"",""x"":474,""y"":202.99998474121094}]","{""Q0"":""Everything seemed fine"",""Q1"":""No"",""Q2"":""No"",""Q3"":""Yes""}"
"14",NA,NA,NA,NA,"g7",NA,"[{""src"":""g7.png"",""x"":609,""y"":81},{""src"":""g7.png"",""x"":137,""y"":130},{""src"":""g7.png"",""x"":337,""y"":63}]","g14",10477,"[{""src"":""g14.png"",""x"":345,""y"":85}]",NA,NA,"g16",NA,"[{""src"":""g7.png"",""x"":421,""y"":0},{""src"":""g6.png"",""x"":415,""y"":104},{""src"":""g16.png"",""x"":416,""y"":213}]","g5","g10","g7",22290,"[{""src"":""g5.png"",""x"":416,""y"":0},{""src"":""g10.png"",""x"":418,""y"":116},{""src"":""g7.png"",""x"":418,""y"":212}]","g14","g3","none",24316,"[{""src"":""g14.png"",""x"":409,""y"":0},{""src"":""g3.png"",""x"":398,""y"":114}]","g7","g10","g13",25268,"[{""src"":""g7.png"",""x"":420,""y"":0},{""src"":""g10.png"",""x"":410,""y"":108},{""src"":""g13.png"",""x"":406,""y"":215}]","g7","g9","g12",15334,"[{""src"":""g7.png"",""x"":418,""y"":0},{""src"":""g9.png"",""x"":414,""y"":100},{""src"":""g12.png"",""x"":418,""y"":212}]","g12","g4","g16",23620,"[{""src"":""g12.png"",""x"":438,""y"":0},{""src"":""g4.png"",""x"":438,""y"":105},{""src"":""g16.png"",""x"":433,""y"":212}]","g5","g9","g13",38127,"[{""src"":""g4.png"",""x"":491,""y"":501},{""src"":""g5.png"",""x"":415,""y"":0},{""src"":""g9.png"",""x"":423,""y"":104},{""src"":""g13.png"",""x"":417,""y"":211}]","g1","g11","g5",21655,"[{""src"":""g1.png"",""x"":410,""y"":0},{""src"":""g11.png"",""x"":410,""y"":104},{""src"":""g5.png"",""x"":412,""y"":211}]","g5","g6","g1",24076,"[{""src"":""g5.png"",""x"":425,""y"":0},{""src"":""g6.png"",""x"":423,""y"":103},{""src"":""g1.png"",""x"":419,""y"":203}]","g1","g8","g16",36397,"[{""src"":""g1.png"",""x"":419,""y"":0},{""src"":""g8.png"",""x"":420,""y"":103},{""src"":""g16.png"",""x"":415,""y"":212}]","g5","g4","g7",27483,"[{""src"":""g5.png"",""x"":403,""y"":0},{""src"":""g4.png"",""x"":401,""y"":102},{""src"":""g7.png"",""x"":400,""y"":200}]","g5","g15","none",18335,"[{""src"":""g5.png"",""x"":399,""y"":0},{""src"":""g15.png"",""x"":408,""y"":119}]","g1","g3","none",17724,"[{""src"":""g1.png"",""x"":410,""y"":0},{""src"":""g3.png"",""x"":404,""y"":129}]","g12","g8","g5",12245,"[{""src"":""g12.png"",""x"":406,""y"":0},{""src"":""g8.png"",""x"":405,""y"":109},{""src"":""g5.png"",""x"":414,""y"":206}]","g12","g2","g1",21680,"[{""src"":""g12.png"",""x"":411,""y"":0},{""src"":""g2.png"",""x"":409,""y"":100},{""src"":""g1.png"",""x"":403,""y"":209}]","g16","g3","none",21915,"[{""src"":""g16.png"",""x"":410,""y"":0},{""src"":""g3.png"",""x"":404,""y"":122}]","g12","g11","g14",17841,"[{""src"":""g12.png"",""x"":417,""y"":0},{""src"":""g11.png"",""x"":415,""y"":105},{""src"":""g14.png"",""x"":416,""y"":211}]","g5","g2","g14",13550,"[{""src"":""g5.png"",""x"":415,""y"":0},{""src"":""g2.png"",""x"":414,""y"":110},{""src"":""g14.png"",""x"":419,""y"":217}]","{""Q0"":""No"",""Q1"":""I did not, that's why I failed the practice test a couple times."",""Q2"":""No."",""Q3"":""Kind of. I tried to relate the symbols to other symbols that were relatable.""}"
"15",15,"A1XOXGWBAN6HEJ","chrome","2015-03-25 02:53:30.936340","g6",24451,"[{""src"":""g6.png"",""x"":649,""y"":74}]","g8",14301,"[{""src"":""g8.png"",""x"":661,""y"":97}]","g2","g12","g4",49426,"[{""src"":""g2.png"",""x"":652,""y"":58},{""src"":""g2.png"",""x"":405,""y"":48},{""src"":""g2.png"",""x"":400,""y"":16},{""src"":""g12.png"",""x"":394,""y"":124},{""src"":""g4.png"",""x"":398,""y"":205}]","g8","g10","g3",56005,"[{""src"":""g8.png"",""x"":404,""y"":15},{""src"":""g7.png"",""x"":410,""y"":99},{""src"":""g3.png"",""x"":390,""y"":196}]","g8","g14","g2",35775,"[{""src"":""g8.png"",""x"":390,""y"":0},{""src"":""g14.png"",""x"":394,""y"":94},{""src"":""g2.png"",""x"":399,""y"":193}]","g4","g11","g1",35741,"[{""src"":""g4.png"",""x"":394,""y"":3},{""src"":""g11.png"",""x"":397,""y"":96},{""src"":""g1.png"",""x"":400,""y"":183}]","g4","g5","none",44960,"[{""src"":""g4.png"",""x"":387,""y"":0},{""src"":""g16.png"",""x"":389,""y"":106}]","g1","g16","none",36274,"[{""src"":""g1.png"",""x"":398,""y"":0}]","g4","g7","g6",40585,"[{""src"":""g4.png"",""x"":393,""y"":0},{""src"":""g7.png"",""x"":404,""y"":95},{""src"":""g10.png"",""x"":408,""y"":193}]","g4","g10","g8",44929,"[{""src"":""g4.png"",""x"":408,""y"":15},{""src"":""g6.png"",""x"":422,""y"":108},{""src"":""g8.png"",""x"":411,""y"":205}]","g2","g13","g15",39340,"[{""src"":""g2.png"",""x"":400,""y"":0},{""src"":""g15.png"",""x"":109,""y"":503},{""src"":""g13.png"",""x"":410,""y"":93},{""src"":""g13.png"",""x"":407,""y"":95},{""src"":""g15.png"",""x"":404,""y"":198}]","g4","g13","g8",30399,"[{""src"":""g4.png"",""x"":390,""y"":0},{""src"":""g13.png"",""x"":408,""y"":97},{""src"":""g8.png"",""x"":405,""y"":193}]","g1","g12","g15",36696,"[{""src"":""g1.png"",""x"":400,""y"":0},{""src"":""g12.png"",""x"":410,""y"":115},{""src"":""g15.png"",""x"":408,""y"":204}]","g2","g9","g6",33201,"[{""src"":""g2.png"",""x"":392,""y"":0},{""src"":""g9.png"",""x"":397,""y"":113},{""src"":""g6.png"",""x"":401,""y"":189}]","g1","g9","g4",26447,"[{""src"":""g1.png"",""x"":388,""y"":0},{""src"":""g9.png"",""x"":400,""y"":87},{""src"":""g4.png"",""x"":402,""y"":165}]","g2","g7","g1",24233,"[{""src"":""g2.png"",""x"":401,""y"":0},{""src"":""g7.png"",""x"":405,""y"":92},{""src"":""g1.png"",""x"":397,""y"":182}]","g4","g14","g3",28614,"[{""src"":""g4.png"",""x"":397,""y"":2},{""src"":""g14.png"",""x"":396,""y"":104},{""src"":""g3.png"",""x"":395,""y"":186}]","g15","g16","none",14564,"[{""src"":""g15.png"",""x"":402,""y"":31},{""src"":""g16.png"",""x"":394,""y"":126}]","g6","g16","none",14438,"[{""src"":""g6.png"",""x"":412,""y"":0},{""src"":""g16.png"",""x"":417,""y"":115}]","g8","g11","g15",47339,"[{""src"":""g8.png"",""x"":392,""y"":0},{""src"":""g5.png"",""x"":404,""y"":98},{""src"":""g15.png"",""x"":412,""y"":183}]","{""Q0"":""no"",""Q1"":""no"",""Q2"":""no"",""Q3"":""yes""}"
